LXML File: AccountingCompanyType.lxml,,,
Element,Attribute,Old Value,New Value
entity,DxmlDatabaseTypeCode,NULL,Main
entity,DxmlDatabaseSchemaCode,NULL,dbo
,,,
,,,
LXML File: AccountingEntity.lxml,,,
Element,Attribute,Old Value,New Value
entity,DxmlDatabaseTypeCode,NULL,Main
entity,DxmlDatabaseSchemaCode,NULL,dbo
,,,
,,,
LXML File: AccountingIntegrityCheck.lxml,,,
Element,Attribute,Old Value,New Value
entity,DxmlDatabaseTypeCode,NULL,Main
entity,DxmlDatabaseSchemaCode,NULL,dbo
"field[FieldName='""StatusCode""']",MaxLength,15,1
,,,
,,,
LXML File: AccountingNote.lxml,,,
Element,Attribute,Old Value,New Value
entity,DxmlDatabaseTypeCode,NULL,Main
entity,DxmlDatabaseSchemaCode,NULL,dbo
,,,
,,,
LXML File: AccountingPeriod.lxml,,,
Element,Attribute,Old Value,New Value
entity,DxmlDatabaseTypeCode,NULL,Main
entity,DxmlDatabaseSchemaCode,NULL,dbo
,,,
,,,
LXML File: ARPaymentCheque.lxml,,,
Element,Attribute,Old Value,New Value
entity,DxmlDatabaseTypeCode,NULL,Main
entity,DxmlDatabaseSchemaCode,NULL,dbo
"field[FieldName='""ValueDate""']",FieldsDataType,Date,DateTime
,,,
,,,
LXML File: ARPaymentChequeStatus.lxml,,,
Element,Attribute,Old Value,New Value
entity,DxmlDatabaseTypeCode,NULL,Main
entity,DxmlDatabaseSchemaCode,NULL,dbo
,,,
,,,
LXML File: AutomaticExternalReconcileMethod.lxml,,,
Element,Attribute,Old Value,New Value
entity,DxmlDatabaseTypeCode,NULL,Main
entity,DxmlDatabaseSchemaCode,NULL,dbo
,,,
,,,
LXML File: AutomaticReconcile.lxml,,,
Element,Attribute,Old Value,New Value
entity,DxmlDatabaseTypeCode,NULL,Main
entity,DxmlDatabaseSchemaCode,NULL,dbo
,,,
,,,
LXML File: AutomaticReconcileMethod.lxml,,,
Element,Attribute,Old Value,New Value
entity,DxmlDatabaseTypeCode,NULL,Main
entity,DxmlDatabaseSchemaCode,NULL,dbo
,,,
,,,
LXML File: BankAccount.lxml,,,
Element,Attribute,Old Value,New Value
entity,DxmlDatabaseTypeCode,NULL,Main
entity,DxmlDatabaseSchemaCode,NULL,dbo
"field[FieldName='""LastPageEndDate""']",FieldsDataType,Date,DateTime
,,,
,,,
LXML File: BankCode.lxml,,,
Element,Attribute,Old Value,New Value
entity,DxmlDatabaseTypeCode,NULL,Main
entity,DxmlDatabaseSchemaCode,NULL,dbo
,,,
,,,
LXML File: BankDeposit.lxml,,,
Element,Attribute,Old Value,New Value
entity,DxmlDatabaseTypeCode,NULL,Main
entity,DxmlDatabaseSchemaCode,NULL,dbo
"field[FieldName='""DepositCurrencyId""']",MaxLength,2,15
"field[FieldName='""AccountingDate""']",FieldsDataType,Date,DateTime
,,,
,,,
LXML File: BankDepositLine.lxml,,,
Element,Attribute,Old Value,New Value
entity,DxmlDatabaseTypeCode,NULL,Main
entity,DxmlDatabaseSchemaCode,NULL,dbo
,,,
,,,
LXML File: BankPageEntryType.lxml,,,
Element,Attribute,Old Value,New Value
entity,DxmlDatabaseTypeCode,NULL,Main
entity,DxmlDatabaseSchemaCode,NULL,dbo
,,,
,,,
LXML File: CashBook.lxml,,,
Element,Attribute,Old Value,New Value
entity,DxmlDatabaseTypeCode,NULL,Main
entity,DxmlDatabaseSchemaCode,NULL,dbo
"field[FieldName='""CashBookTypeCode""']",MaxLength,3,15
,,,
,,,
LXML File: CashBookLine.lxml,,,
Element,Attribute,Old Value,New Value
entity,DxmlDatabaseTypeCode,NULL,Main
entity,DxmlDatabaseSchemaCode,NULL,dbo
,,,
,,,
LXML File: CashBookType.lxml,,,
Element,Attribute,Old Value,New Value
entity,DxmlDatabaseTypeCode,NULL,Main
entity,DxmlDatabaseSchemaCode,NULL,dbo
,,,
,,,
LXML File: Category1.lxml,,,
Element,Attribute,Old Value,New Value
entity,DxmlDatabaseTypeCode,NULL,Main
entity,DxmlDatabaseSchemaCode,NULL,dbo
"field[FieldName='""Inactive""']",IsMaxLength,TRUE,FALSE
,,,
,,,
LXML File: Category2.lxml,,,
Element,Attribute,Old Value,New Value
entity,DxmlDatabaseTypeCode,NULL,Main
entity,DxmlDatabaseSchemaCode,NULL,dbo
"field[FieldName='""Inactive""']",IsMaxLength,TRUE,FALSE
,,,
,,,
LXML File: Category3.lxml,,,
Element,Attribute,Old Value,New Value
entity,DxmlDatabaseTypeCode,NULL,Main
entity,DxmlDatabaseSchemaCode,NULL,dbo
"field[FieldName='""Inactive""']",IsMaxLength,TRUE,FALSE
,,,
,,,
LXML File: Category4.lxml,,,
Element,Attribute,Old Value,New Value
entity,DxmlDatabaseTypeCode,NULL,Main
entity,DxmlDatabaseSchemaCode,NULL,dbo
"field[FieldName='""Inactive""']",IsMaxLength,TRUE,FALSE
,,,
,,,
LXML File: Category5.lxml,,,
Element,Attribute,Old Value,New Value
entity,DxmlDatabaseTypeCode,NULL,Main
entity,DxmlDatabaseSchemaCode,NULL,dbo
"field[FieldName='""Inactive""']",IsMaxLength,TRUE,FALSE
,,,
,,,
LXML File: ChartOfAccount.lxml,,,
Element,Attribute,Old Value,New Value
entity,DxmlDatabaseTypeCode,NULL,Main
entity,DxmlDatabaseSchemaCode,NULL,dbo
,,,
,,,
LXML File: ChartOfAccountsType.lxml,,,
Element,Attribute,Old Value,New Value
entity,DxmlDatabaseTypeCode,NULL,Main
entity,DxmlDatabaseSchemaCode,NULL,dbo
,,,
,,,
LXML File: ExternalPageAdditionalData.lxml,,,
Element,Attribute,Old Value,New Value
entity,DxmlDatabaseTypeCode,NULL,Main
entity,DxmlDatabaseSchemaCode,NULL,dbo
,,,
,,,
LXML File: ExternalReconciliation.lxml,,,
Element,Attribute,Old Value,New Value
entity,DxmlDatabaseTypeCode,NULL,Main
entity,DxmlDatabaseSchemaCode,NULL,dbo
"field[FieldName='""ReconciliationNumber""']",MaxLength,15,0
,,,
,,,
LXML File: ExternalReconciliationLine.lxml,,,
Element,Attribute,Old Value,New Value
entity,DxmlDatabaseTypeCode,NULL,Main
entity,DxmlDatabaseSchemaCode,NULL,dbo
,,,
,,,
LXML File: FullAccountingSetting.lxml,,,
Element,Attribute,Old Value,New Value
entity,DxmlDatabaseTypeCode,NULL,Main
entity,DxmlDatabaseSchemaCode,NULL,dbo
"field[FieldName='""ExternalReconciliationDefault""']",MaxLength,15,3
,,,
,,,
LXML File: GLAccount.lxml,,,
Element,Attribute,Old Value,New Value
entity,DxmlDatabaseTypeCode,NULL,Main
entity,DxmlDatabaseSchemaCode,NULL,dbo
"field[FieldName='""RevenueExpenseType""']",MaxLength,2,1
"field[FieldName='""UpdateDate""']",FieldsDataType,Date,DateTime
"field[FieldName='""UpdateDate""']",IsRequired,FALSE,TRUE
,,,
,,,
LXML File: GLAccountCounter.lxml,,,
Element,Attribute,Old Value,New Value
entity,DxmlDatabaseTypeCode,NULL,Main
entity,DxmlDatabaseSchemaCode,NULL,dbo
,,,
,,,
LXML File: GLAccountCurrency.lxml,,,
Element,Attribute,Old Value,New Value
entity,DxmlDatabaseTypeCode,NULL,Main
entity,DxmlDatabaseSchemaCode,NULL,dbo
,,,
,,,
LXML File: GLAccountInterestPeriod.lxml,,,
Element,Attribute,Old Value,New Value
entity,DxmlDatabaseTypeCode,NULL,Main
entity,DxmlDatabaseSchemaCode,NULL,dbo
,,,
,,,
LXML File: GLAccountMoreData.lxml,,,
Element,Attribute,Old Value,New Value
entity,DxmlDatabaseTypeCode,NULL,Main
entity,DxmlDatabaseSchemaCode,NULL,dbo
"field[FieldName='""NextDueDate""']",FieldsDataType,Date,DateTime
,,,
,,,
LXML File: GLAccountTotalByMonth.lxml,,,
Element,Attribute,Old Value,New Value
entity,DxmlDatabaseTypeCode,NULL,Main
entity,DxmlDatabaseSchemaCode,NULL,dbo
,,,
,,,
LXML File: GLAccountTotalDateType.lxml,,,
Element,Attribute,Old Value,New Value
entity,DxmlDatabaseTypeCode,NULL,Main
entity,DxmlDatabaseSchemaCode,NULL,dbo
,,,
,,,
LXML File: GLAccountType.lxml,,,
Element,Attribute,Old Value,New Value
entity,DxmlDatabaseTypeCode,NULL,Main
entity,DxmlDatabaseSchemaCode,NULL,dbo
,,,
,,,
LXML File: GLAccountWithholdingTax.lxml,,,
Element,Attribute,Old Value,New Value
entity,DxmlDatabaseTypeCode,NULL,Main
entity,DxmlDatabaseSchemaCode,NULL,dbo
,,,
,,,
LXML File: IntegrityCheckStatus.lxml,,,
Element,Attribute,Old Value,New Value
entity,DxmlDatabaseTypeCode,NULL,Main
entity,DxmlDatabaseSchemaCode,NULL,dbo
,,,
,,,
LXML File: InterestBasesPeriod.lxml,,,
Element,Attribute,Old Value,New Value
entity,DxmlDatabaseTypeCode,NULL,Main
entity,DxmlDatabaseSchemaCode,NULL,dbo
,,,
,,,
LXML File: InterestBasesType.lxml,,,
Element,Attribute,Old Value,New Value
entity,DxmlDatabaseTypeCode,NULL,Main
entity,DxmlDatabaseSchemaCode,NULL,dbo
,,,
,,,
LXML File: InterestEntityType.lxml,,,
Element,Attribute,Old Value,New Value
entity,DxmlDatabaseTypeCode,NULL,Main
entity,DxmlDatabaseSchemaCode,NULL,dbo
,,,
,,,
LXML File: InterestReport.lxml,,,
Element,Attribute,Old Value,New Value
entity,DxmlDatabaseTypeCode,NULL,Main
entity,DxmlDatabaseSchemaCode,NULL,dbo
"field[FieldName='""InterestReportStatusCode""']",MaxLength,15,4
,,,
,,,
LXML File: InterestReportLine.lxml,,,
Element,Attribute,Old Value,New Value
entity,DxmlDatabaseTypeCode,NULL,Main
entity,DxmlDatabaseSchemaCode,NULL,dbo
,,,
,,,
LXML File: InterestReportLinesByDate.lxml,,,
Element,Attribute,Old Value,New Value
entity,DxmlDatabaseTypeCode,NULL,Main
entity,DxmlDatabaseSchemaCode,NULL,dbo
,,,
,,,
LXML File: InterestReportStatuse.lxml,,,
Element,Attribute,Old Value,New Value
entity,DxmlDatabaseTypeCode,NULL,Main
entity,DxmlDatabaseSchemaCode,NULL,dbo
,,,
,,,
LXML File: InterestTransaction.lxml,,,
Element,Attribute,Old Value,New Value
entity,DxmlDatabaseTypeCode,NULL,Main
entity,DxmlDatabaseSchemaCode,NULL,dbo
"field[FieldName='""InterestEntityTypeCode""']",MaxLength,15,1
,,,
,,,
LXML File: Journal.lxml,,,
Element,Attribute,Old Value,New Value
entity,DxmlDatabaseTypeCode,NULL,Main
entity,DxmlDatabaseSchemaCode,NULL,dbo
"field[FieldName='""TypeCode""']",MaxLength,15,3
"field[FieldName='""StatusCode""']",MaxLength,15,3
"field[FieldName='""AccountingEntityCode""']",MaxLength,15,5
,,,
,,,
LXML File: JournalActionType.lxml,,,
Element,Attribute,Old Value,New Value
entity,DxmlDatabaseTypeCode,NULL,Main
entity,DxmlDatabaseSchemaCode,NULL,dbo
,,,
,,,
LXML File: JournalAdditionalData.lxml,,,
Element,Attribute,Old Value,New Value
entity,DxmlDatabaseTypeCode,NULL,Main
entity,DxmlDatabaseSchemaCode,NULL,dbo
"field[FieldName='""TaxReportTransmitStatusCode""']",MaxLength,1,3
,,,
,,,
LXML File: JournalExternalReconcile.lxml,,,
Element,Attribute,Old Value,New Value
entity,DxmlDatabaseTypeCode,NULL,Main
entity,DxmlDatabaseSchemaCode,NULL,dbo
,,,
,,,
LXML File: JournalLine.lxml,,,
Element,Attribute,Old Value,New Value
entity,DxmlDatabaseTypeCode,NULL,Main
entity,DxmlDatabaseSchemaCode,NULL,dbo
"field[FieldName='""Line""']",MaxLength,15,0
"field[FieldName='""DocumentDate""']",FieldsDataType,Date,DateTime
"field[FieldName='""DocumentDate""']",IsRequired,FALSE,TRUE
"field[FieldName='""AccountingDate""']",FieldsDataType,Date,DateTime
"field[FieldName='""DueDate""']",FieldsDataType,Date,DateTime
"field[FieldName='""DueDate""']",IsRequired,FALSE,TRUE
,,,
,,,
LXML File: JournalMoreData.lxml,,,
Element,Attribute,Old Value,New Value
entity,DxmlDatabaseTypeCode,NULL,Main
entity,DxmlDatabaseSchemaCode,NULL,dbo
,,,
,,,
LXML File: JournalReconcile.lxml,,,
Element,Attribute,Old Value,New Value
entity,DxmlDatabaseTypeCode,NULL,Main
entity,DxmlDatabaseSchemaCode,NULL,dbo
,,,
,,,
LXML File: JournalStatusType.lxml,,,
Element,Attribute,Old Value,New Value
entity,DxmlDatabaseTypeCode,NULL,Main
entity,DxmlDatabaseSchemaCode,NULL,dbo
,,,
,,,
LXML File: JournalType.lxml,,,
Element,Attribute,Old Value,New Value
entity,DxmlDatabaseTypeCode,NULL,Main
entity,DxmlDatabaseSchemaCode,NULL,dbo
,,,
,,,
LXML File: LedgerTransaction.lxml,,,
Element,Attribute,Old Value,New Value
entity,DxmlDatabaseTypeCode,NULL,Main
entity,DxmlDatabaseSchemaCode,NULL,dbo
"field[FieldName='""JournalLineNumber""']",MaxLength,15,0
"field[FieldName='""DueDate""']",FieldsDataType,Date,DateTime
"field[FieldName='""DueDate""']",IsRequired,FALSE,TRUE
,,,
,,,
LXML File: OpenFormatReport.lxml,,,
Element,Attribute,Old Value,New Value
entity,DxmlDatabaseTypeCode,NULL,Main
entity,DxmlDatabaseSchemaCode,NULL,dbo
,,,
,,,
LXML File: OpenFormatReportStatus.lxml,,,
Element,Attribute,Old Value,New Value
entity,DxmlDatabaseTypeCode,NULL,Main
entity,DxmlDatabaseSchemaCode,NULL,dbo
,,,
,,,
LXML File: PaymentCheque.lxml,,,
Element,Attribute,Old Value,New Value
entity,DxmlDatabaseTypeCode,NULL,Main
entity,DxmlDatabaseSchemaCode,NULL,dbo
"field[FieldName='""ValueDate""']",FieldsDataType,Date,DateTime
"field[FieldName='""PrintDate""']",FieldsDataType,Date,DateTime
,,,
,,,
LXML File: PaymentChequeLine.lxml,,,
Element,Attribute,Old Value,New Value
entity,DxmlDatabaseTypeCode,NULL,Main
entity,DxmlDatabaseSchemaCode,NULL,dbo
"field[FieldName='""Amount""']",NumberOfDigits,0,16
,,,
,,,
LXML File: PaymentChequeStatus.lxml,,,
Element,Attribute,Old Value,New Value
entity,DxmlDatabaseTypeCode,NULL,Main
entity,DxmlDatabaseSchemaCode,NULL,dbo
,,,
,,,
LXML File: PeriodType.lxml,,,
Element,Attribute,Old Value,New Value
entity,DxmlDatabaseTypeCode,NULL,Main
entity,DxmlDatabaseSchemaCode,NULL,dbo
,,,
,,,
LXML File: ReconcileExternalPage.lxml,,,
Element,Attribute,Old Value,New Value
entity,DxmlDatabaseTypeCode,NULL,Main
entity,DxmlDatabaseSchemaCode,NULL,dbo
"field[FieldName='""PageNo""']",MaxLength,15,0
"field[FieldName='""FromDate""']",MaxLength,15,0
"field[FieldName='""ToDate""']",MaxLength,100,0
"field[FieldName='""StartBalance""']",NumberOfDigits,0,18
"field[FieldName='""CloseBalance""']",NumberOfDigits,0,18
,,,
,,,
LXML File: ReconcileExternalPageLine.lxml,,,
Element,Attribute,Old Value,New Value
entity,DxmlDatabaseTypeCode,NULL,Main
entity,DxmlDatabaseSchemaCode,NULL,dbo
"field[FieldName='""IsReconciled""']",MaxLength,15,0
,,,
,,,
LXML File: ReconcileExternalPageStatus.lxml,,,
Element,Attribute,Old Value,New Value
entity,DxmlDatabaseTypeCode,NULL,Main
entity,DxmlDatabaseSchemaCode,NULL,dbo
,,,
,,,
LXML File: ReconcileMethod.lxml,,,
Element,Attribute,Old Value,New Value
entity,DxmlDatabaseTypeCode,NULL,Main
entity,DxmlDatabaseSchemaCode,NULL,dbo
,,,
,,,
LXML File: Reconciliation.lxml,,,
Element,Attribute,Old Value,New Value
entity,DxmlDatabaseTypeCode,NULL,Main
entity,DxmlDatabaseSchemaCode,NULL,dbo
,,,
,,,
LXML File: ReconciliationLine.lxml,,,
Element,Attribute,Old Value,New Value
entity,DxmlDatabaseTypeCode,NULL,Main
entity,DxmlDatabaseSchemaCode,NULL,dbo
,,,
,,,
LXML File: Revaluation.lxml,,,
Element,Attribute,Old Value,New Value
entity,DxmlDatabaseTypeCode,NULL,Main
entity,DxmlDatabaseSchemaCode,NULL,dbo
,,,
,,,
LXML File: RevaluationStatus.lxml,,,
Element,Attribute,Old Value,New Value
entity,DxmlDatabaseTypeCode,NULL,Main
entity,DxmlDatabaseSchemaCode,NULL,dbo
,,,
,,,
LXML File: RevenueExpenseType.lxml,,,
Element,Attribute,Old Value,New Value
entity,DxmlDatabaseTypeCode,NULL,Main
entity,DxmlDatabaseSchemaCode,NULL,dbo
,,,
,,,
LXML File: TaxDeductionReport.lxml,,,
Element,Attribute,Old Value,New Value
entity,DxmlDatabaseTypeCode,NULL,Main
entity,DxmlDatabaseSchemaCode,NULL,dbo
,,,
,,,
LXML File: TaxDeductionReportStatus.lxml,,,
Element,Attribute,Old Value,New Value
entity,DxmlDatabaseTypeCode,NULL,Main
entity,DxmlDatabaseSchemaCode,NULL,dbo
,,,
,,,
LXML File: TaxReport.lxml,,,
Element,Attribute,Old Value,New Value
entity,DxmlDatabaseTypeCode,NULL,Main
entity,DxmlDatabaseSchemaCode,NULL,dbo
"field[FieldName='""TaxReportMonth""']",FieldsDataType,Date,DateTime
,,,
,,,
LXML File: TaxReportLine.lxml,,,
Element,Attribute,Old Value,New Value
entity,DxmlDatabaseTypeCode,NULL,Main
entity,DxmlDatabaseSchemaCode,NULL,dbo
,,,
,,,
LXML File: TaxReportLineStatus.lxml,,,
Element,Attribute,Old Value,New Value
entity,DxmlDatabaseTypeCode,NULL,Main
entity,DxmlDatabaseSchemaCode,NULL,dbo
,,,
,,,
LXML File: TaxReportLineTransmitStatus.lxml,,,
Element,Attribute,Old Value,New Value
entity,DxmlDatabaseTypeCode,NULL,Main
entity,DxmlDatabaseSchemaCode,NULL,dbo
,,,
,,,
LXML File: TaxReportLineType.lxml,,,
Element,Attribute,Old Value,New Value
entity,DxmlDatabaseTypeCode,NULL,Main
entity,DxmlDatabaseSchemaCode,NULL,dbo
,,,
,,,
LXML File: TaxReportStatus.lxml,,,
Element,Attribute,Old Value,New Value
entity,DxmlDatabaseTypeCode,NULL,Main
entity,DxmlDatabaseSchemaCode,NULL,dbo
,,,
,,,
LXML File: TaxWithholdingAssessOffice.lxml,,,
Element,Attribute,Old Value,New Value
entity,DxmlDatabaseTypeCode,NULL,Main
entity,DxmlDatabaseSchemaCode,NULL,dbo
,,,
,,,
LXML File: TestEntity.lxml,,,
Element,Attribute,Old Value,New Value
entity,DxmlDatabaseTypeCode,NULL,Main
entity,DxmlDatabaseSchemaCode,NULL,dbo
,,,
,,,
LXML File: VatReportStatus.lxml,,,
Element,Attribute,Old Value,New Value
entity,DxmlDatabaseTypeCode,NULL,Main
entity,DxmlDatabaseSchemaCode,NULL,dbo
,,,
,,,
LXML File: WithholdingTaxDeductionType.lxml,,,
Element,Attribute,Old Value,New Value
entity,DxmlDatabaseTypeCode,NULL,Main
entity,DxmlDatabaseSchemaCode,NULL,dbo
,,,
,,,
LXML File: Booking.lxml,,,
Element,Attribute,Old Value,New Value
entity,DxmlDatabaseTypeCode,NULL,Main
entity,DxmlDatabaseSchemaCode,NULL,dbo
,,,
,,,
LXML File: BookingAnswer.lxml,,,
Element,Attribute,Old Value,New Value
entity,DxmlDatabaseTypeCode,NULL,Main
entity,DxmlDatabaseSchemaCode,NULL,dbo
,,,
,,,
LXML File: BookingAnswerStatus.lxml,,,
Element,Attribute,Old Value,New Value
entity,DxmlDatabaseTypeCode,NULL,Main
entity,DxmlDatabaseSchemaCode,NULL,dbo
,,,
,,,
LXML File: BookingLastRequest.lxml,,,
Element,Attribute,Old Value,New Value
entity,DxmlDatabaseTypeCode,NULL,Main
entity,DxmlDatabaseSchemaCode,NULL,dbo
,,,
,,,
LXML File: BookingLevel.lxml,,,
Element,Attribute,Old Value,New Value
entity,DxmlDatabaseTypeCode,NULL,Main
entity,DxmlDatabaseSchemaCode,NULL,dbo
,,,
,,,
LXML File: BookingPackage.lxml,,,
Element,Attribute,Old Value,New Value
entity,DxmlDatabaseTypeCode,NULL,Main
entity,DxmlDatabaseSchemaCode,NULL,dbo
"field[FieldName='""Tare""']",NumberOfDigits,0,18
"field[FieldName='""Height""']",NumberOfDigits,0,18
"field[FieldName='""Width""']",NumberOfDigits,0,18
"field[FieldName='""Length""']",NumberOfDigits,0,18
"field[FieldName='""Temperature""']",NumberOfDigits,0,18
"field[FieldName='""Ventilation""']",NumberOfDigits,0,18
,,,
,,,
LXML File: BookingProduct.lxml,,,
Element,Attribute,Old Value,New Value
entity,DxmlDatabaseTypeCode,NULL,Main
entity,DxmlDatabaseSchemaCode,NULL,dbo
,,,
,,,
LXML File: BookingSpaceAllocation.lxml,,,
Element,Attribute,Old Value,New Value
entity,DxmlDatabaseTypeCode,NULL,Main
entity,DxmlDatabaseSchemaCode,NULL,dbo
,,,
,,,
LXML File: BookingStatus.lxml,,,
Element,Attribute,Old Value,New Value
entity,DxmlDatabaseTypeCode,NULL,Main
entity,DxmlDatabaseSchemaCode,NULL,dbo
,,,
,,,
LXML File: FFRStatus.lxml,,,
Element,Attribute,Old Value,New Value
entity,DxmlDatabaseTypeCode,NULL,Main
entity,DxmlDatabaseSchemaCode,NULL,dbo
,,,
,,,
LXML File: FlightsSchedulesRequest.lxml,,,
Element,Attribute,Old Value,New Value
entity,DxmlDatabaseTypeCode,NULL,Main
entity,DxmlDatabaseSchemaCode,NULL,dbo
,,,
,,,
LXML File: FlightsSchedulesRequestStatus.lxml,,,
Element,Attribute,Old Value,New Value
entity,DxmlDatabaseTypeCode,NULL,Main
entity,DxmlDatabaseSchemaCode,NULL,dbo
,,,
,,,
LXML File: FlightsSchedulesResponse.lxml,,,
Element,Attribute,Old Value,New Value
entity,DxmlDatabaseTypeCode,NULL,Main
entity,DxmlDatabaseSchemaCode,NULL,dbo
,,,
,,,
LXML File: Activity.lxml,,,
Element,Attribute,Old Value,New Value
entity,DxmlDatabaseTypeCode,NULL,Main
entity,DxmlDatabaseSchemaCode,NULL,dbo
,,,
,,,
LXML File: ActivityEmailRecipient.lxml,,,
Element,Attribute,Old Value,New Value
entity,DxmlDatabaseTypeCode,NULL,Main
entity,DxmlDatabaseSchemaCode,NULL,dbo
,,,
,,,
LXML File: ActivityInvitee.lxml,,,
Element,Attribute,Old Value,New Value
entity,DxmlDatabaseTypeCode,NULL,Main
entity,DxmlDatabaseSchemaCode,NULL,dbo
,,,
,,,
LXML File: ActivityNote.lxml,,,
Element,Attribute,Old Value,New Value
entity,DxmlDatabaseTypeCode,NULL,Main
entity,DxmlDatabaseSchemaCode,NULL,dbo
,,,
,,,
LXML File: ActivityOwnerHistory.lxml,,,
Element,Attribute,Old Value,New Value
entity,DxmlDatabaseTypeCode,NULL,Main
entity,DxmlDatabaseSchemaCode,NULL,dbo
,,,
,,,
LXML File: ActivityPriority.lxml,,,
Element,Attribute,Old Value,New Value
entity,DxmlDatabaseTypeCode,NULL,Main
entity,DxmlDatabaseSchemaCode,NULL,dbo
,,,
,,,
LXML File: ActivityStatus.lxml,,,
Element,Attribute,Old Value,New Value
entity,DxmlDatabaseTypeCode,NULL,Main
entity,DxmlDatabaseSchemaCode,NULL,dbo
,,,
,,,
LXML File: ActivityTimeType.lxml,,,
Element,Attribute,Old Value,New Value
entity,DxmlDatabaseTypeCode,NULL,Main
entity,DxmlDatabaseSchemaCode,NULL,dbo
,,,
,,,
LXML File: ActivityType.lxml,,,
Element,Attribute,Old Value,New Value
entity,DxmlDatabaseTypeCode,NULL,Main
entity,DxmlDatabaseSchemaCode,NULL,dbo
,,,
,,,
LXML File: CallType.lxml,,,
Element,Attribute,Old Value,New Value
entity,DxmlDatabaseTypeCode,NULL,Main
entity,DxmlDatabaseSchemaCode,NULL,dbo
,,,
,,,
LXML File: Correspondence.lxml,,,
Element,Attribute,Old Value,New Value
entity,DxmlDatabaseTypeCode,NULL,Main
entity,DxmlDatabaseSchemaCode,NULL,dbo
,,,
,,,
LXML File: CorrespondencesAttachment.lxml,,,
Element,Attribute,Old Value,New Value
entity,DxmlDatabaseTypeCode,NULL,Main
entity,DxmlDatabaseSchemaCode,NULL,dbo
,,,
,,,
LXML File: CRMFilterSetting.lxml,,,
Element,Attribute,Old Value,New Value
entity,DxmlDatabaseTypeCode,NULL,Main
entity,DxmlDatabaseSchemaCode,NULL,dbo
,,,
,,,
LXML File: EmployeeGroup.lxml,,,
Element,Attribute,Old Value,New Value
entity,DxmlDatabaseTypeCode,NULL,Main
entity,DxmlDatabaseSchemaCode,NULL,dbo
,,,
,,,
LXML File: EmployeeGroupLine.lxml,,,
Element,Attribute,Old Value,New Value
entity,DxmlDatabaseTypeCode,NULL,Main
entity,DxmlDatabaseSchemaCode,NULL,dbo
,,,
,,,
LXML File: EscalationActionTimeIndicator.lxml,,,
Element,Attribute,Old Value,New Value
entity,DxmlDatabaseTypeCode,NULL,Main
entity,DxmlDatabaseSchemaCode,NULL,dbo
,,,
,,,
LXML File: EscalationPreDefinition.lxml,,,
Element,Attribute,Old Value,New Value
entity,DxmlDatabaseTypeCode,NULL,Main
entity,DxmlDatabaseSchemaCode,NULL,dbo
,,,
,,,
LXML File: Occasion.lxml,,,
Element,Attribute,Old Value,New Value
entity,DxmlDatabaseTypeCode,NULL,Main
entity,DxmlDatabaseSchemaCode,NULL,dbo
"field[FieldName='""OccasionStatusId""']",MaxLength,15,3
,,,
,,,
LXML File: OccasionInvitee.lxml,,,
Element,Attribute,Old Value,New Value
entity,DxmlDatabaseTypeCode,NULL,Main
entity,DxmlDatabaseSchemaCode,NULL,dbo
,,,
,,,
LXML File: OccasionStatus.lxml,,,
Element,Attribute,Old Value,New Value
entity,DxmlDatabaseTypeCode,NULL,Main
entity,DxmlDatabaseSchemaCode,NULL,dbo
,,,
,,,
LXML File: OccasionType.lxml,,,
Element,Attribute,Old Value,New Value
entity,DxmlDatabaseTypeCode,NULL,Main
entity,DxmlDatabaseSchemaCode,NULL,dbo
,,,
,,,
LXML File: Opportunity.lxml,,,
Element,Attribute,Old Value,New Value
entity,DxmlDatabaseTypeCode,NULL,Main
entity,DxmlDatabaseSchemaCode,NULL,dbo
,,,
,,,
LXML File: OpportunityAdditionalService.lxml,,,
Element,Attribute,Old Value,New Value
entity,DxmlDatabaseTypeCode,NULL,Main
entity,DxmlDatabaseSchemaCode,NULL,dbo
,,,
,,,
LXML File: OpportunityClosingReason.lxml,,,
Element,Attribute,Old Value,New Value
entity,DxmlDatabaseTypeCode,NULL,Main
entity,DxmlDatabaseSchemaCode,NULL,dbo
,,,
,,,
LXML File: OpportunityCompetitor.lxml,,,
Element,Attribute,Old Value,New Value
entity,DxmlDatabaseTypeCode,NULL,Main
entity,DxmlDatabaseSchemaCode,NULL,dbo
,,,
,,,
LXML File: OpportunityCompetitorProduct.lxml,,,
Element,Attribute,Old Value,New Value
entity,DxmlDatabaseTypeCode,NULL,Main
entity,DxmlDatabaseSchemaCode,NULL,dbo
,,,
,,,
LXML File: OpportunityProduct.lxml,,,
Element,Attribute,Old Value,New Value
entity,DxmlDatabaseTypeCode,NULL,Main
entity,DxmlDatabaseSchemaCode,NULL,dbo
,,,
,,,
LXML File: OpportunityProductLocation.lxml,,,
Element,Attribute,Old Value,New Value
entity,DxmlDatabaseTypeCode,NULL,Main
entity,DxmlDatabaseSchemaCode,NULL,dbo
,,,
,,,
LXML File: OpportunityStage.lxml,,,
Element,Attribute,Old Value,New Value
entity,DxmlDatabaseTypeCode,NULL,Main
entity,DxmlDatabaseSchemaCode,NULL,dbo
,,,
,,,
LXML File: OpportunityType.lxml,,,
Element,Attribute,Old Value,New Value
entity,DxmlDatabaseTypeCode,NULL,Main
entity,DxmlDatabaseSchemaCode,NULL,dbo
,,,
,,,
LXML File: Questionnaire.lxml,,,
Element,Attribute,Old Value,New Value
entity,DxmlDatabaseTypeCode,NULL,Main
entity,DxmlDatabaseSchemaCode,NULL,dbo
,,,
,,,
LXML File: QuestionnaireAnswer.lxml,,,
Element,Attribute,Old Value,New Value
entity,DxmlDatabaseTypeCode,NULL,Main
entity,DxmlDatabaseSchemaCode,NULL,dbo
,,,
,,,
LXML File: QuestionnaireAnswerLine.lxml,,,
Element,Attribute,Old Value,New Value
entity,DxmlDatabaseTypeCode,NULL,Main
entity,DxmlDatabaseSchemaCode,NULL,dbo
,,,
,,,
LXML File: QuestionnaireQuestion.lxml,,,
Element,Attribute,Old Value,New Value
entity,DxmlDatabaseTypeCode,NULL,Main
entity,DxmlDatabaseSchemaCode,NULL,dbo
,,,
,,,
LXML File: Rating.lxml,,,
Element,Attribute,Old Value,New Value
entity,DxmlDatabaseTypeCode,NULL,Main
entity,DxmlDatabaseSchemaCode,NULL,dbo
,,,
,,,
LXML File: SLAEscalation.lxml,,,
Element,Attribute,Old Value,New Value
entity,DxmlDatabaseTypeCode,NULL,Main
entity,DxmlDatabaseSchemaCode,NULL,dbo
,,,
,,,
LXML File: SLAEscalationRecepient.lxml,,,
Element,Attribute,Old Value,New Value
entity,DxmlDatabaseTypeCode,NULL,Main
entity,DxmlDatabaseSchemaCode,NULL,dbo
,,,
,,,
LXML File: SLAHeader.lxml,,,
Element,Attribute,Old Value,New Value
entity,DxmlDatabaseTypeCode,NULL,Main
entity,DxmlDatabaseSchemaCode,NULL,dbo
,,,
,,,
LXML File: SLALine.lxml,,,
Element,Attribute,Old Value,New Value
entity,DxmlDatabaseTypeCode,NULL,Main
entity,DxmlDatabaseSchemaCode,NULL,dbo
,,,
,,,
LXML File: Stage.lxml,,,
Element,Attribute,Old Value,New Value
entity,DxmlDatabaseTypeCode,NULL,Main
entity,DxmlDatabaseSchemaCode,NULL,dbo
,,,
,,,
LXML File: SupportMailbox.lxml,,,
Element,Attribute,Old Value,New Value
entity,DxmlDatabaseTypeCode,NULL,Main
entity,DxmlDatabaseSchemaCode,NULL,dbo
,,,
,,,
LXML File: Ticket.lxml,,,
Element,Attribute,Old Value,New Value
entity,DxmlDatabaseTypeCode,NULL,Main
entity,DxmlDatabaseSchemaCode,NULL,dbo
,,,
,,,
LXML File: TicketClassification.lxml,,,
Element,Attribute,Old Value,New Value
entity,DxmlDatabaseTypeCode,NULL,Main
entity,DxmlDatabaseSchemaCode,NULL,dbo
,,,
,,,
LXML File: TicketCreatedByType.lxml,,,
Element,Attribute,Old Value,New Value
entity,DxmlDatabaseTypeCode,NULL,Main
entity,DxmlDatabaseSchemaCode,NULL,dbo
,,,
,,,
LXML File: TicketEscalation.lxml,,,
Element,Attribute,Old Value,New Value
entity,DxmlDatabaseTypeCode,NULL,Main
entity,DxmlDatabaseSchemaCode,NULL,dbo
,,,
,,,
LXML File: TicketSeverity.lxml,,,
Element,Attribute,Old Value,New Value
entity,DxmlDatabaseTypeCode,NULL,Main
entity,DxmlDatabaseSchemaCode,NULL,dbo
,,,
,,,
LXML File: TicketSource.lxml,,,
Element,Attribute,Old Value,New Value
entity,DxmlDatabaseTypeCode,NULL,Main
entity,DxmlDatabaseSchemaCode,NULL,dbo
,,,
,,,
LXML File: TicketStage.lxml,,,
Element,Attribute,Old Value,New Value
entity,DxmlDatabaseTypeCode,NULL,Main
entity,DxmlDatabaseSchemaCode,NULL,dbo
,,,
,,,
LXML File: TicketType.lxml,,,
Element,Attribute,Old Value,New Value
entity,DxmlDatabaseTypeCode,NULL,Main
entity,DxmlDatabaseSchemaCode,NULL,dbo
,,,
,,,
LXML File: TimeUnit.lxml,,,
Element,Attribute,Old Value,New Value
entity,DxmlDatabaseTypeCode,NULL,Main
entity,DxmlDatabaseSchemaCode,NULL,dbo
,,,
,,,
LXML File: BatchTaskExecution.lxml,,,
Element,Attribute,Old Value,New Value
entity,DxmlDatabaseTypeCode,NULL,Main
entity,DxmlDatabaseSchemaCode,NULL,dbo
,,,
,,,
LXML File: BatchTaskExecutionStatus.lxml,,,
Element,Attribute,Old Value,New Value
entity,DxmlDatabaseTypeCode,NULL,Main
entity,DxmlDatabaseSchemaCode,NULL,dbo
,,,
,,,
LXML File: BIReport.lxml,,,
Element,Attribute,Old Value,New Value
entity,DxmlDatabaseTypeCode,NULL,Main
entity,DxmlDatabaseSchemaCode,NULL,dbo
,,,
,,,
LXML File: BIReportFolder.lxml,,,
Element,Attribute,Old Value,New Value
entity,DxmlDatabaseTypeCode,NULL,Main
entity,DxmlDatabaseSchemaCode,NULL,dbo
,,,
,,,
LXML File: BIReportsExecutionLog.lxml,,,
Element,Attribute,Old Value,New Value
entity,DxmlDatabaseTypeCode,NULL,Main
entity,DxmlDatabaseSchemaCode,NULL,dbo
"field[FieldName='""ExceptionMessage""']",IsMaxLength,FALSE,TRUE
,,,
,,,
LXML File: BIReportsType.lxml,,,
Element,Attribute,Old Value,New Value
entity,DxmlDatabaseTypeCode,NULL,Main
entity,DxmlDatabaseSchemaCode,NULL,dbo
,,,
,,,
LXML File: BusinessProcessQueue.lxml,,,
Element,Attribute,Old Value,New Value
entity,DxmlDatabaseTypeCode,NULL,Main
entity,DxmlDatabaseSchemaCode,NULL,dbo
,,,
,,,
LXML File: BusinessRole.lxml,,,
Element,Attribute,Old Value,New Value
entity,DxmlDatabaseTypeCode,NULL,Main
entity,DxmlDatabaseSchemaCode,NULL,dbo
,,,
,,,
LXML File: FeatureToggle.lxml,,,
Element,Attribute,Old Value,New Value
entity,DxmlDatabaseTypeCode,NULL,Main
entity,DxmlDatabaseSchemaCode,NULL,dbo
,,,
,,,
LXML File: LBPTeamMember.lxml,,,
Element,Attribute,Old Value,New Value
entity,DxmlDatabaseTypeCode,NULL,Main
entity,DxmlDatabaseSchemaCode,NULL,dbo
,,,
,,,
LXML File: PriceStep.lxml,,,
Element,Attribute,Old Value,New Value
entity,DxmlDatabaseTypeCode,NULL,Main
entity,DxmlDatabaseSchemaCode,NULL,dbo
,,,
,,,
LXML File: SharedLogisticsSetting.lxml,,,
Element,Attribute,Old Value,New Value
entity,DxmlDatabaseTypeCode,NULL,Main
entity,DxmlDatabaseSchemaCode,NULL,dbo
,,,
,,,
LXML File: Team.lxml,,,
Element,Attribute,Old Value,New Value
entity,DxmlDatabaseTypeCode,NULL,Main
entity,DxmlDatabaseSchemaCode,NULL,dbo
,,,
,,,
LXML File: TeamMemberBusinessRole.lxml,,,
Element,Attribute,Old Value,New Value
entity,DxmlDatabaseTypeCode,NULL,Main
entity,DxmlDatabaseSchemaCode,NULL,dbo
,,,
,,,
LXML File: Toggle.lxml,,,
Element,Attribute,Old Value,New Value
entity,DxmlDatabaseTypeCode,NULL,Main
entity,DxmlDatabaseSchemaCode,NULL,dbo
,,,
,,,
LXML File: AccountingPartner.lxml,,,
Element,Attribute,Old Value,New Value
entity,DBTableName,AccountingPartner,AccountingPartners
entity,DxmlDatabaseTypeCode,NULL,Main
entity,DxmlDatabaseSchemaCode,NULL,dbo
"field[FieldName='""Id""']",MaxLength,0,15
"field[FieldName='""Id""']",IsForeignKey,FALSE,TRUE
"field[FieldName='""Id""']",ForeignEntity,NULL,Card
"field[FieldName='""Id""']",NavigationPropertyName,NULL,Card
,,,
,,,
LXML File: AccountingSetting.lxml,,,
Element,Attribute,Old Value,New Value
entity,DxmlDatabaseTypeCode,NULL,Main
entity,DxmlDatabaseSchemaCode,NULL,dbo
"field[FieldName='""Id""']",IsForeignKey,FALSE,TRUE
"field[FieldName='""Id""']",ForeignEntity,NULL,Tenant
"field[FieldName='""Id""']",NavigationPropertyName,NULL,Tenant
"field[FieldName='""AccountingSystemCode""']",IsForeignKey,FALSE,TRUE
"field[FieldName='""AccountingSystemCode""']",ForeignEntity,NULL,AccountingSystem
"field[FieldName='""AccountingSystemCode""']",NavigationPropertyName,NULL,AccountingSystem
"field[FieldName='""AllowVoidARI""']",MaxLength,1,0
"field[FieldName='""AllowVoidARP""']",MaxLength,1,0
"field[FieldName='""AllowVoidAPI""']",MaxLength,1,0
"field[FieldName='""AllowVoidAPP""']",MaxLength,1,0
"field[FieldName='""AllowManualInvoiceNumber""']",MaxLength,1,0
"field[FieldName='""IsVatNumberMandatoryInAR""']",MaxLength,1,0
"field[FieldName='""IsVatNumberMandatoryInAP""']",MaxLength,1,0
"field[FieldName='""IsARInvoiceChronologicalDates""']",MaxLength,1,0
"field[FieldName='""AllowClosureWithoutPayables""']",MaxLength,1,0
"field[FieldName='""IsSingleTaxPerInvoice""']",MaxLength,1,0
"field[FieldName='""IsARInvoicesTransferEnabled""']",MaxLength,1,0
"field[FieldName='""IsAPInvoicesTransferEnabled""']",MaxLength,1,0
"field[FieldName='""IsARPaymentsTransferEnabled""']",MaxLength,1,0
"field[FieldName='""ARInvoiceTransferStartDate""']",MaxLength,1,0
"field[FieldName='""APInvoiceTransferStartDate""']",MaxLength,1,0
"field[FieldName='""ARPaymentTransferStartDate""']",MaxLength,1,0
"field[FieldName='""QBOrealMeID""']",FieldsDataType,Text,nText
"field[FieldName='""QBOrealMeID""']",MaxLength,0,200
"field[FieldName='""QBOAccessToken""']",FieldsDataType,Text,nText
"field[FieldName='""QBOAccessToken""']",MaxLength,0,200
"field[FieldName='""QBOAccessTokenSecret""']",FieldsDataType,Text,nText
"field[FieldName='""QBOAccessTokenSecret""']",MaxLength,0,200
"field[FieldName='""AllowMinusInvoicelines""']",MaxLength,1,0
"field[FieldName='""AllowPositiveAmountsInTheCreditNote""']",MaxLength,1,0
"field[FieldName='""EnableMultiPercentageVATTypes""']",MaxLength,1,0
"field[FieldName='""NotifyPastDateOnInvoiceEdit""']",MaxLength,1,0
"field[FieldName='""IsAPPaymentsTransferEnabled""']",MaxLength,1,0
"field[FieldName='""TransferToDropboxActivated""']",MaxLength,1,0
"field[FieldName='""EnableMultiRateAPInvoices""']",MaxLength,1,0
"field[FieldName='""RegistryDateTypeCode""']",IsForeignKey,FALSE,TRUE
"field[FieldName='""RegistryDateTypeCode""']",ForeignEntity,NULL,RegistryDateType
"field[FieldName='""RegistryDateTypeCode""']",NavigationPropertyName,NULL,RegistryDateType
"field[FieldName='""EnableMultiCurrencyARPayments""']",MaxLength,1,0
"field[FieldName='""EnableMultiCurrencyAPPayments""']",MaxLength,1,0
"field[FieldName='""EnableNegativeOffsetARPayments""']",MaxLength,1,0
"field[FieldName='""EnableNegativeOffsetAPPayments""']",MaxLength,1,0
,,,
,,,
LXML File: AccountingSystem.lxml,,,
Element,Attribute,Old Value,New Value
entity,DxmlDatabaseTypeCode,NULL,Main
entity,DxmlDatabaseSchemaCode,NULL,dbo
"field[FieldName='""Code""']",MaxLength,3,4
"field[FieldName='""SearchFields""']",FieldsDataType,Text,nText
"field[FieldName='""InActive""']",MaxLength,1,0
"field[FieldName='""IsExternalCodesFromTable""']",MaxLength,1,0
"field[FieldName='""IsExternalCodesSyncEnabled""']",MaxLength,1,0
"field[FieldName='""IsExternalCodesFromAPI""']",MaxLength,1,0
"field[FieldName='""IsSingleTaxPerInvoice""']",MaxLength,1,0
"field[FieldName='""IsSingleCurrencyAccount""']",MaxLength,1,0
"field[FieldName='""AllowManuallyDueDate""']",MaxLength,1,0
"field[FieldName='""IsJournalMode""']",MaxLength,1,0
"field[FieldName='""IsTaxItemManaged""']",MaxLength,1,0
"field[FieldName='""ShowDownloadScreen""']",MaxLength,1,0
"field[FieldName='""AllowARInvoicesTransfer""']",MaxLength,1,0
"field[FieldName='""AllowAPInvoicesTransfer""']",MaxLength,1,0
"field[FieldName='""AllowARPaymentsTransfer""']",MaxLength,1,0
"field[FieldName='""AllowMinusInvoiceLines""']",MaxLength,1,0
"field[FieldName='""AllowPositiveAmountsInTheCreditNote""']",MaxLength,1,0
"field[FieldName='""CanTransferToDropbox""']",MaxLength,1,0
"field[FieldName='""AllowAPPaymentsTransfer""']",MaxLength,1,0
,,,
,,,
LXML File: AdditionalService.lxml,,,
Element,Attribute,Old Value,New Value
entity,DxmlDatabaseTypeCode,NULL,Main
entity,DxmlDatabaseSchemaCode,NULL,dbo
"field[FieldName='""Id""']",MaxLength,100,15
"field[FieldName='""InActive""']",MaxLength,15,0
,,,
,,,
LXML File: Address.lxml,,,
Element,Attribute,Old Value,New Value
entity,DxmlDatabaseTypeCode,NULL,Main
entity,DxmlDatabaseSchemaCode,NULL,dbo
"field[FieldName='""Id""']",MaxLength,0,15
"field[FieldName='""City""']",IsRequired,TRUE,FALSE
"field[FieldName='""StateId""']",IsForeignKey,FALSE,TRUE
"field[FieldName='""StateId""']",ForeignEntity,NULL,State
"field[FieldName='""StateId""']",NavigationPropertyName,NULL,State
"field[FieldName='""AddressTypeId""']",IsRequired,FALSE,TRUE
"field[FieldName='""AddressTypeId""']",IsForeignKey,FALSE,TRUE
"field[FieldName='""AddressTypeId""']",ForeignEntity,NULL,AddressType
"field[FieldName='""AddressTypeId""']",NavigationPropertyName,NULL,AddressType
"field[FieldName='""CountryId""']",IsRequired,TRUE,FALSE
"field[FieldName='""CountryId""']",IsForeignKey,FALSE,TRUE
"field[FieldName='""CountryId""']",ForeignEntity,NULL,Country
"field[FieldName='""CountryId""']",NavigationPropertyName,NULL,Country
"field[FieldName='""CardId""']",IsForeignKey,FALSE,TRUE
"field[FieldName='""CardId""']",ForeignEntity,NULL,Card
"field[FieldName='""CardId""']",NavigationPropertyName,NULL,Card
"field[FieldName='""ExternalId""']",MaxLength,0,10
,,,
,,,
LXML File: Agent.lxml,,,
Element,Attribute,Old Value,New Value
entity,DxmlDatabaseTypeCode,NULL,Main
entity,DxmlDatabaseSchemaCode,NULL,dbo
"field[FieldName='""Id""']",MaxLength,0,15
"field[FieldName='""Id""']",IsForeignKey,FALSE,TRUE
"field[FieldName='""Id""']",ForeignEntity,NULL,Card
"field[FieldName='""Id""']",NavigationPropertyName,NULL,Card
"field[FieldName='""AgentSharedLogisticsKey""']",MaxLength,0,40
"field[FieldName='""IsCreditLimitEnabled""']",MaxLength,1,0
"field[FieldName='""BlockNewInvoiceCreation""']",MaxLength,1,0
"field[FieldName='""BlockNewShipmentCreation""']",MaxLength,1,0
,,,
,,,
LXML File: AgentSharedDocument.lxml,,,
Element,Attribute,Old Value,New Value
entity,DxmlDatabaseTypeCode,NULL,Main
entity,DxmlDatabaseSchemaCode,NULL,dbo
"field[FieldName='""Id""']",MaxLength,0,15
"field[FieldName='""AgentSharedManifestRef""']",MaxLength,0,20
"field[FieldName='""UpdateDate""']",MaxLength,1,0
"field[FieldName='""CreateDate""']",MaxLength,1,0
"field[FieldName='""DocumentXML""']",FieldsDataType,Text,nText
"field[FieldName='""DocumentXML""']",IsMaxLength,FALSE,TRUE
"field[FieldName='""DocumentXML""']",IsRequired,FALSE,TRUE
"field[FieldName='""ShipmentLevelCode""']",MaxLength,0,1
"field[FieldName='""ShipmentLevelCode""']",IsForeignKey,FALSE,TRUE
"field[FieldName='""ShipmentLevelCode""']",ForeignEntity,NULL,ShipmentLevel
"field[FieldName='""ShipmentLevelCode""']",NavigationPropertyName,NULL,ShipmentLevel
"field[FieldName='""AgentId""']",MaxLength,0,15
"field[FieldName='""AgentId""']",IsForeignKey,FALSE,TRUE
"field[FieldName='""AgentId""']",ForeignEntity,NULL,Agent
"field[FieldName='""AgentId""']",NavigationPropertyName,NULL,Agent
"field[FieldName='""StatusCode""']",MaxLength,20,4
"field[FieldName='""StatusCode""']",IsRequired,FALSE,TRUE
"field[FieldName='""StatusCode""']",IsForeignKey,FALSE,TRUE
"field[FieldName='""StatusCode""']",ForeignEntity,NULL,SharedManifestsStatus
"field[FieldName='""StatusCode""']",NavigationPropertyName,NULL,SharedManifestsStatus
,,,
,,,
LXML File: AgentSharedManifest.lxml,,,
Element,Attribute,Old Value,New Value
entity,DxmlDatabaseTypeCode,NULL,Main
entity,DxmlDatabaseSchemaCode,NULL,dbo
"field[FieldName='""Id""']",MaxLength,0,15
"field[FieldName='""UpdateDate""']",MaxLength,1,0
"field[FieldName='""CreateDate""']",MaxLength,1,0
"field[FieldName='""UpdatedByUserId""']",IsForeignKey,FALSE,TRUE
"field[FieldName='""UpdatedByUserId""']",ForeignEntity,NULL,User
"field[FieldName='""UpdatedByUserId""']",NavigationPropertyName,NULL,UpdatedByUser
"field[FieldName='""ManifestXML""']",FieldsDataType,Text,nText
"field[FieldName='""ManifestXML""']",IsMaxLength,FALSE,TRUE
"field[FieldName='""ManifestXML""']",IsRequired,FALSE,TRUE
"field[FieldName='""SearchFields""']",FieldsDataType,Text,nText
"field[FieldName='""SearchFields""']",MaxLength,0,1000
"field[FieldName='""ShipmentTypeId""']",MaxLength,0,4
"field[FieldName='""ShipmentTypeId""']",IsForeignKey,FALSE,TRUE
"field[FieldName='""ShipmentTypeId""']",ForeignEntity,NULL,ShipmentType
"field[FieldName='""ShipmentTypeId""']",NavigationPropertyName,NULL,ShipmentType
"field[FieldName='""TransportModeId""']",MaxLength,100,1
"field[FieldName='""TransportModeId""']",IsRequired,FALSE,TRUE
"field[FieldName='""GrossWeight""']",FieldsDataType,Decimal,Double
"field[FieldName='""GrossWeight""']",MaxLength,10,0
"field[FieldName='""TEU""']",MaxLength,15,0
"field[FieldName='""PackagesQuantity""']",MaxLength,1,0
"field[FieldName='""AgentId""']",MaxLength,0,15
"field[FieldName='""AgentId""']",IsForeignKey,FALSE,TRUE
"field[FieldName='""AgentId""']",ForeignEntity,NULL,Agent
"field[FieldName='""AgentId""']",NavigationPropertyName,NULL,Agent
"field[FieldName='""DirectionId""']",MaxLength,100,1
"field[FieldName='""DirectionId""']",IsRequired,FALSE,TRUE
"field[FieldName='""FromPortId""']",MaxLength,0,15
"field[FieldName='""FromPortId""']",IsRequired,FALSE,TRUE
"field[FieldName='""FromPortId""']",IsForeignKey,FALSE,TRUE
"field[FieldName='""FromPortId""']",ForeignEntity,NULL,Port
"field[FieldName='""FromPortId""']",NavigationPropertyName,NULL,FromPort
"field[FieldName='""ToPortId""']",MaxLength,0,15
"field[FieldName='""ToPortId""']",IsRequired,FALSE,TRUE
"field[FieldName='""ToPortId""']",IsForeignKey,FALSE,TRUE
"field[FieldName='""ToPortId""']",ForeignEntity,NULL,Port
"field[FieldName='""ToPortId""']",NavigationPropertyName,NULL,ToPort
"field[FieldName='""StatusCode""']",MaxLength,20,4
"field[FieldName='""StatusCode""']",IsRequired,FALSE,TRUE
"field[FieldName='""StatusCode""']",IsForeignKey,FALSE,TRUE
"field[FieldName='""StatusCode""']",ForeignEntity,NULL,SharedManifestsStatus
"field[FieldName='""StatusCode""']",NavigationPropertyName,NULL,SharedManifestsStatus
,,,
,,,
LXML File: Airline.lxml,,,
Element,Attribute,Old Value,New Value
entity,DxmlDatabaseTypeCode,NULL,Main
entity,DxmlDatabaseSchemaCode,NULL,dbo
"field[FieldName='""Id""']",MaxLength,0,15
"field[FieldName='""Id""']",IsForeignKey,FALSE,TRUE
"field[FieldName='""Id""']",ForeignEntity,NULL,Card
"field[FieldName='""Id""']",NavigationPropertyName,NULL,Card
"field[FieldName='""AddedManually""']",MaxLength,15,0
"field[FieldName='""CheckDigit""']",MaxLength,15,0
"field[FieldName='""LimitedLength""']",MaxLength,15,0
"field[FieldName='""IsChampRegistered""']",MaxLength,1,0
"field[FieldName='""ChampNeedsRegistration""']",MaxLength,1,0
"field[FieldName='""IsGLSHKRegistered""']",MaxLength,1,0
"field[FieldName='""GLSHKNeedsRegistration""']",MaxLength,1,0
"field[FieldName='""ChampFWB""']",MaxLength,1,0
"field[FieldName='""ChampFHL""']",MaxLength,1,0
"field[FieldName='""ChampFSU""']",MaxLength,1,0
"field[FieldName='""ChampFSRFSA""']",MaxLength,1,0
"field[FieldName='""ChampFVRFVA""']",MaxLength,1,0
"field[FieldName='""ChampFFRFFA""']",MaxLength,1,0
"field[FieldName='""GLSHKFWB""']",MaxLength,1,0
"field[FieldName='""GLSHKFHL""']",MaxLength,1,0
"field[FieldName='""GLSHKFSU""']",MaxLength,1,0
"field[FieldName='""GLSHKFSRFSA""']",MaxLength,1,0
"field[FieldName='""GLSHKFVRFVA""']",MaxLength,1,0
"field[FieldName='""GLSHKFFRFFA""']",MaxLength,1,0
"field[FieldName='""IsAllowedInAirlinesRestriction""']",MaxLength,1,0
"field[FieldName='""ChampRegistrationRequested""']",MaxLength,1,0
"field[FieldName='""GLSHKRegistrationRequested""']",MaxLength,1,0
"field[FieldName='""HasAdaptations""']",MaxLength,1,0
"field[FieldName='""RegistrationUpdatedBy""']",MaxLength,0,60
"field[FieldName='""IsManagingProduct""']",MaxLength,1,0
"field[FieldName='""IsProductMandatory""']",MaxLength,1,0
"field[FieldName='""IsDescriptionOfGoodsFromList""']",MaxLength,1,0
"field[FieldName='""ScheduleDays""']",MaxLength,1,0
"field[FieldName='""NoAvailabilityInFVAMessages""']",MaxLength,1,0
"field[FieldName='""IsDeclined""']",MaxLength,1,0
"field[FieldName='""OldTTY""']",MaxLength,0,33
,,,
,,,
LXML File: AirlineMessagingRule.lxml,,,
Element,Attribute,Old Value,New Value
entity,DxmlDatabaseTypeCode,NULL,Main
entity,DxmlDatabaseSchemaCode,NULL,dbo
"field[FieldName='""Id""']",MaxLength,0,15
"field[FieldName='""RuleFieldId""']",IsRequired,FALSE,TRUE
"field[FieldName='""RuleFieldId""']",IsForeignKey,FALSE,TRUE
"field[FieldName='""RuleFieldId""']",ForeignEntity,NULL,ObjectField
"field[FieldName='""RuleFieldId""']",NavigationPropertyName,NULL,RuleField
"field[FieldName='""IsMandatoryForSending""']",MaxLength,2,0
"field[FieldName='""MaxSize""']",MaxLength,2,0
"field[FieldName='""AirlineId""']",IsForeignKey,FALSE,TRUE
"field[FieldName='""AirlineId""']",ForeignEntity,NULL,Card
"field[FieldName='""AirlineId""']",NavigationPropertyName,NULL,Airline
"field[FieldName='""CreatedByUserId""']",MaxLength,0,15
"field[FieldName='""CreatedByUserId""']",IsForeignKey,FALSE,TRUE
"field[FieldName='""CreatedByUserId""']",ForeignEntity,NULL,User
"field[FieldName='""CreatedByUserId""']",NavigationPropertyName,NULL,CreatedByUser
"field[FieldName='""UpdatedByUserId""']",MaxLength,0,15
"field[FieldName='""UpdatedByUserId""']",IsForeignKey,FALSE,TRUE
"field[FieldName='""UpdatedByUserId""']",ForeignEntity,NULL,User
"field[FieldName='""UpdatedByUserId""']",NavigationPropertyName,NULL,UpdatedByUser
"field[FieldName='""RuleFieldCode""']",IsRequired,FALSE,TRUE
,,,
,,,
LXML File: AirlineStatistics.lxml,,,
Element,Attribute,Old Value,New Value
entity,DxmlDatabaseTypeCode,NULL,Main
entity,DxmlDatabaseSchemaCode,NULL,dbo
"field[FieldName='""Id""']",MaxLength,0,15
"field[FieldName='""SourceTenant""']",MaxLength,100,0
"field[FieldName='""ShipmentId""']",MaxLength,0,15
"field[FieldName='""ShipmentLevelCode""']",IsForeignKey,FALSE,TRUE
"field[FieldName='""ShipmentLevelCode""']",ForeignEntity,NULL,ShipmentLevel
"field[FieldName='""ShipmentLevelCode""']",NavigationPropertyName,NULL,ShipmentLevel
"field[FieldName='""BookingId""']",MaxLength,0,15
"field[FieldName='""CreateDate""']",MaxLength,70,0
"field[FieldName='""UpdateDate""']",MaxLength,100,0
"field[FieldName='""EntitiyCreateDate""']",MaxLength,100,0
"field[FieldName='""EntitiyUpdateDate""']",MaxLength,15,0
"field[FieldName='""LastSentDate""']",MaxLength,3,0
"field[FieldName='""NumberOfPackages""']",MaxLength,3,0
"field[FieldName='""ChargeableWeight""']",NumberOfDigits,0,18
"field[FieldName='""ChargeableWeight""']",DigitsAfterPoint,0,2
"field[FieldName='""ChargeableWeight""']",MaxLength,3,0
"field[FieldName='""GrossWeight""']",NumberOfDigits,0,18
"field[FieldName='""GrossWeight""']",DigitsAfterPoint,0,2
"field[FieldName='""GrossWeight""']",MaxLength,10,0
"field[FieldName='""Volume""']",NumberOfDigits,0,18
"field[FieldName='""Volume""']",DigitsAfterPoint,0,2
"field[FieldName='""Volume""']",MaxLength,15,0
"field[FieldName='""Flight1Date""']",MaxLength,30,0
"field[FieldName='""Flight2Date""']",MaxLength,30,0
"field[FieldName='""Flight3Date""']",MaxLength,30,0
"field[FieldName='""OnCarriageDate""']",MaxLength,30,0
"field[FieldName='""PreCarriageDate""']",MaxLength,30,0
"field[FieldName='""AirlinePrefix""']",MaxLength,0,4
"field[FieldName='""ProductName""']",MaxLength,0,60
"field[FieldName='""Sender""']",MaxLength,0,60
"field[FieldName='""MessagingStatus""']",MaxLength,0,60
,,,
,,,
LXML File: Automation.lxml,,,
Element,Attribute,Old Value,New Value
entity,DxmlDatabaseTypeCode,NULL,Main
entity,DxmlDatabaseSchemaCode,NULL,dbo
"field[FieldName='""Id""']",MaxLength,0,15
"field[FieldName='""ObjectTableId""']",MaxLength,0,15
"field[FieldName='""ObjectTableId""']",IsRequired,FALSE,TRUE
"field[FieldName='""TemplateId""']",MaxLength,0,15
"field[FieldName='""DocumentTypeId""']",MaxLength,0,15
"field[FieldName='""AutomationXML""']",FieldsDataType,Text,nText
"field[FieldName='""AutomationXML""']",IsMaxLength,FALSE,TRUE
"field[FieldName='""Type""']",MaxLength,0,10
"field[FieldName='""Type""']",IsRequired,FALSE,TRUE
"field[FieldName='""ResultCode""']",MaxLength,0,20
"field[FieldName='""ResultCode""']",IsRequired,FALSE,TRUE
"field[FieldName='""CreatedByUserId""']",MaxLength,0,15
"field[FieldName='""CreatedByUserId""']",IsForeignKey,FALSE,TRUE
"field[FieldName='""CreatedByUserId""']",ForeignEntity,NULL,User
"field[FieldName='""CreatedByUserId""']",NavigationPropertyName,NULL,CreatedByUser
"field[FieldName='""UpdatedByUserId""']",MaxLength,0,15
"field[FieldName='""UpdatedByUserId""']",IsForeignKey,FALSE,TRUE
"field[FieldName='""UpdatedByUserId""']",ForeignEntity,NULL,User
"field[FieldName='""UpdatedByUserId""']",NavigationPropertyName,NULL,UpdatedByUser
"field[FieldName='""From""']",MaxLength,0,20
"field[FieldName='""FromEmail""']",MaxLength,0,30
,,,
,,,
LXML File: AutomationResultEmailRecipient.lxml,,,
Element,Attribute,Old Value,New Value
entity,DxmlDatabaseTypeCode,NULL,Main
entity,DxmlDatabaseSchemaCode,NULL,dbo
"field[FieldName='""Id""']",MaxLength,0,15
"field[FieldName='""AutomationsId""']",MaxLength,0,15
"field[FieldName='""AutomationsId""']",IsRequired,FALSE,TRUE
"field[FieldName='""AutomationsId""']",IsForeignKey,FALSE,TRUE
"field[FieldName='""AutomationsId""']",ForeignEntity,NULL,Automation
"field[FieldName='""AutomationsId""']",NavigationPropertyName,NULL,Automation
"field[FieldName='""RecipientType""']",MaxLength,0,8
"field[FieldName='""RecipientValue""']",MaxLength,0,200
,,,
,,,
LXML File: AWBDescriptionOfGoods.lxml,,,
Element,Attribute,Old Value,New Value
entity,DxmlDatabaseTypeCode,NULL,Main
entity,DxmlDatabaseSchemaCode,NULL,dbo
"field[FieldName='""Id""']",MaxLength,0,15
"field[FieldName='""ProductCode""']",MaxLength,2,4
"field[FieldName='""Service""']",MaxLength,0,40
,,,
,,,
LXML File: Branch.lxml,,,
Element,Attribute,Old Value,New Value
entity,DxmlDatabaseTypeCode,NULL,Main
entity,DxmlDatabaseSchemaCode,NULL,dbo
"field[FieldName='""Id""']",MaxLength,0,15
"field[FieldName='""Notes""']",FieldsDataType,Text,nText
"field[FieldName='""Notes""']",MaxLength,0,250
"field[FieldName='""InActive""']",MaxLength,15,0
"field[FieldName='""SearchFields""']",FieldsDataType,Text,nText
"field[FieldName='""AddressId""']",MaxLength,0,15
"field[FieldName='""AddressId""']",IsForeignKey,FALSE,TRUE
"field[FieldName='""AddressId""']",ForeignEntity,NULL,Address
"field[FieldName='""AddressId""']",NavigationPropertyName,NULL,Address
"field[FieldName='""INTTRAContactId""']",IsForeignKey,FALSE,TRUE
"field[FieldName='""INTTRAContactId""']",ForeignEntity,NULL,Contact
"field[FieldName='""INTTRAContactId""']",NavigationPropertyName,NULL,INTTRAContact
,,,
,,,
LXML File: BusinessUnit.lxml,,,
Element,Attribute,Old Value,New Value
entity,DxmlDatabaseTypeCode,NULL,Main
entity,DxmlDatabaseSchemaCode,NULL,dbo
"field[FieldName='""Id""']",MaxLength,0,50
"field[FieldName='""InActive""']",MaxLength,1,0
,,,
,,,
LXML File: Card.lxml,,,
Element,Attribute,Old Value,New Value
entity,DxmlDatabaseTypeCode,NULL,Main
entity,DxmlDatabaseSchemaCode,NULL,dbo
"field[FieldName='""Id""']",MaxLength,0,15
"field[FieldName='""BankName""']",MaxLength,0,40
"field[FieldName='""BankAddress""']",MaxLength,0,100
"field[FieldName='""Swift""']",MaxLength,0,20
"field[FieldName='""AccountNumber""']",MaxLength,0,25
"field[FieldName='""IBANNumber""']",FieldsDataType,Text,nText
"field[FieldName='""IBANNumber""']",MaxLength,0,30
"field[FieldName='""InActive""']",MaxLength,30,0
"field[FieldName='""Notes""']",FieldsDataType,Text,nText
"field[FieldName='""Website""']",MaxLength,0,100
"field[FieldName='""SearchFields""']",FieldsDataType,Text,nText
"field[FieldName='""IsCustomer""']",MaxLength,1,0
"field[FieldName='""EnableConsolidationInvoices""']",MaxLength,1,0
"field[FieldName='""CityName""']",MaxLength,40,25
"field[FieldName='""CityName""']",IsRequired,TRUE,FALSE
"field[FieldName='""SupportNotes""']",FieldsDataType,Text,nText
"field[FieldName='""SalesmanUserId""']",IsForeignKey,FALSE,TRUE
"field[FieldName='""SalesmanUserId""']",ForeignEntity,NULL,User
"field[FieldName='""SalesmanUserId""']",NavigationPropertyName,NULL,SalesmanUser
"field[FieldName='""CountryId""']",IsForeignKey,FALSE,TRUE
"field[FieldName='""CountryId""']",ForeignEntity,NULL,Country
"field[FieldName='""CountryId""']",NavigationPropertyName,NULL,MainAddressCountry
"field[FieldName='""CountryCode""']",MaxLength,0,2
"field[FieldName='""CountryName""']",IsRequired,TRUE,FALSE
"field[FieldName='""CreatedByUserId""']",MaxLength,0,15
"field[FieldName='""CreatedByUserId""']",IsForeignKey,FALSE,TRUE
"field[FieldName='""CreatedByUserId""']",ForeignEntity,NULL,User
"field[FieldName='""CreatedByUserId""']",NavigationPropertyName,NULL,CreatedByUser
"field[FieldName='""UpdatedByUserId""']",MaxLength,0,15
"field[FieldName='""UpdatedByUserId""']",IsForeignKey,FALSE,TRUE
"field[FieldName='""UpdatedByUserId""']",ForeignEntity,NULL,User
"field[FieldName='""UpdatedByUserId""']",NavigationPropertyName,NULL,UpdatedByUser
"field[FieldName='""PrimaryContactId""']",IsForeignKey,FALSE,TRUE
"field[FieldName='""PrimaryContactId""']",ForeignEntity,NULL,Contact
"field[FieldName='""PrimaryContactId""']",NavigationPropertyName,NULL,PrimaryContact
"field[FieldName='""ImageDetailId""']",MaxLength,0,15
"field[FieldName='""ImageDetailId""']",IsForeignKey,FALSE,TRUE
"field[FieldName='""ImageDetailId""']",ForeignEntity,NULL,ImageDetail
"field[FieldName='""ImageDetailId""']",NavigationPropertyName,NULL,ImageDetail
"field[FieldName='""InvoiceCurrencyId""']",MaxLength,0,15
"field[FieldName='""InvoiceCurrencyId""']",IsForeignKey,FALSE,TRUE
"field[FieldName='""InvoiceCurrencyId""']",ForeignEntity,NULL,Currency
"field[FieldName='""InvoiceCurrencyId""']",NavigationPropertyName,NULL,InvoiceCurrency
"field[FieldName='""VatTypeId""']",MaxLength,0,15
"field[FieldName='""VatTypeId""']",IsForeignKey,FALSE,TRUE
"field[FieldName='""VatTypeId""']",ForeignEntity,NULL,VatType
"field[FieldName='""VatTypeId""']",NavigationPropertyName,NULL,VatType
"field[FieldName='""PartnerTypeId""']",IsForeignKey,FALSE,TRUE
"field[FieldName='""PartnerTypeId""']",ForeignEntity,NULL,PartnerType
"field[FieldName='""PartnerTypeId""']",NavigationPropertyName,NULL,PartnerType
"field[FieldName='""SharedLogisticsInvitationStatusCode""']",FieldsDataType,Text,Integer
"field[FieldName='""SharedLogisticsInvitationStatusCode""']",MaxLength,4,0
"field[FieldName='""SharedLogisticsInvitationStatusCode""']",IsForeignKey,FALSE,TRUE
"field[FieldName='""SharedLogisticsInvitationStatusCode""']",ForeignEntity,NULL,SharedLogisticsInvitationStatus
"field[FieldName='""SharedLogisticsInvitationStatusCode""']",NavigationPropertyName,NULL,SharedLogisticsInvitationStatus
"field[FieldName='""CollectorId""']",IsForeignKey,FALSE,TRUE
"field[FieldName='""CollectorId""']",ForeignEntity,NULL,User
"field[FieldName='""CollectorId""']",NavigationPropertyName,NULL,CollectorUser
"field[FieldName='""ClassifierId""']",IsForeignKey,FALSE,TRUE
"field[FieldName='""ClassifierId""']",ForeignEntity,NULL,User
"field[FieldName='""ClassifierId""']",NavigationPropertyName,NULL,ClassifierUser
"field[FieldName='""MetodoPagoCode""']",IsForeignKey,FALSE,TRUE
"field[FieldName='""MetodoPagoCode""']",ForeignEntity,NULL,MetodoPago
"field[FieldName='""MetodoPagoCode""']",NavigationPropertyName,NULL,MetodoPago
"field[FieldName='""UsoCFDICode""']",IsForeignKey,FALSE,TRUE
"field[FieldName='""UsoCFDICode""']",ForeignEntity,NULL,UsoCFDI
"field[FieldName='""UsoCFDICode""']",NavigationPropertyName,NULL,UsoCFDI
,,,
,,,
LXML File: CardContactAdditionalService.lxml,,,
Element,Attribute,Old Value,New Value
entity,DxmlDatabaseTypeCode,NULL,Main
entity,DxmlDatabaseSchemaCode,NULL,dbo
,,,
,,,
LXML File: CardContactProduct.lxml,,,
Element,Attribute,Old Value,New Value
entity,DxmlDatabaseTypeCode,NULL,Main
entity,DxmlDatabaseSchemaCode,NULL,dbo
,,,
,,,
LXML File: CardExternalAccountsByProduct.lxml,,,
Element,Attribute,Old Value,New Value
entity,DxmlDatabaseTypeCode,NULL,Main
entity,DxmlDatabaseSchemaCode,NULL,dbo
"field[FieldName='""Id""']",MaxLength,0,15
"field[FieldName='""UpdateDate""']",MaxLength,1,0
"field[FieldName='""CardId""']",IsRequired,FALSE,TRUE
"field[FieldName='""CardId""']",IsForeignKey,FALSE,TRUE
"field[FieldName='""CardId""']",ForeignEntity,NULL,Card
"field[FieldName='""CardId""']",NavigationPropertyName,NULL,Card
"field[FieldName='""ProductTypeCode""']",IsRequired,FALSE,TRUE
"field[FieldName='""ProductTypeCode""']",IsForeignKey,FALSE,TRUE
"field[FieldName='""ProductTypeCode""']",ForeignEntity,NULL,ProductType
"field[FieldName='""ProductTypeCode""']",NavigationPropertyName,NULL,ProductType
"field[FieldName='""UpdatedByUserId""']",IsRequired,FALSE,TRUE
"field[FieldName='""UpdatedByUserId""']",IsForeignKey,FALSE,TRUE
"field[FieldName='""UpdatedByUserId""']",ForeignEntity,NULL,User
"field[FieldName='""UpdatedByUserId""']",NavigationPropertyName,NULL,UpdatedByUser
,,,
,,,
LXML File: CardExternalCodeByCurrency.lxml,,,
Element,Attribute,Old Value,New Value
entity,DxmlDatabaseTypeCode,NULL,Main
entity,DxmlDatabaseSchemaCode,NULL,dbo
"field[FieldName='""Id""']",MaxLength,0,15
"field[FieldName='""CardId""']",IsForeignKey,FALSE,TRUE
"field[FieldName='""CardId""']",ForeignEntity,NULL,Card
"field[FieldName='""CardId""']",NavigationPropertyName,NULL,Card
"field[FieldName='""CurrencyId""']",IsRequired,TRUE,FALSE
"field[FieldName='""CurrencyId""']",IsForeignKey,FALSE,TRUE
"field[FieldName='""CurrencyId""']",ForeignEntity,NULL,Currency
"field[FieldName='""CurrencyId""']",NavigationPropertyName,NULL,Currency
,,,
,,,
LXML File: CarrierArea.lxml,,,
Element,Attribute,Old Value,New Value
entity,DxmlDatabaseTypeCode,NULL,Main
entity,DxmlDatabaseSchemaCode,NULL,dbo
"field[FieldName='""Id""']",MaxLength,0,15
"field[FieldName='""Description""']",IsMaxLength,FALSE,TRUE
"field[FieldName='""Name""']",IsRequired,FALSE,TRUE
"field[FieldName='""CreateDate""']",IsRequired,TRUE,FALSE
"field[FieldName='""CreateDate""']",IsNullable,FALSE,TRUE
"field[FieldName='""UpdateDate""']",IsRequired,TRUE,FALSE
"field[FieldName='""UpdateDate""']",IsNullable,FALSE,TRUE
"field[FieldName='""CreatedByUserId""']",MaxLength,0,15
"field[FieldName='""UpdatedByUserId""']",MaxLength,0,15
,,,
,,,
LXML File: CarrierAreasPort.lxml,,,
Element,Attribute,Old Value,New Value
entity,DxmlDatabaseTypeCode,NULL,Main
entity,DxmlDatabaseSchemaCode,NULL,dbo
"field[FieldName='""Id""']",MaxLength,0,15
"field[FieldName='""CarrierAreaId""']",IsRequired,FALSE,TRUE
"field[FieldName='""Name""']",IsRequired,FALSE,TRUE
"field[FieldName='""AddedDate""']",IsRequired,TRUE,FALSE
"field[FieldName='""AddedDate""']",IsNullable,FALSE,TRUE
"field[FieldName='""AddedByUserId""']",MaxLength,0,15
,,,
,,,
LXML File: ChargesExternalAccountsByProduct.lxml,,,
Element,Attribute,Old Value,New Value
entity,DxmlDatabaseTypeCode,NULL,Main
entity,DxmlDatabaseSchemaCode,NULL,dbo
"field[FieldName='""Id""']",MaxLength,0,15
"field[FieldName='""UpdateDate""']",MaxLength,1,0
"field[FieldName='""ChargesTypeId""']",IsRequired,FALSE,TRUE
"field[FieldName='""ChargesTypeId""']",IsForeignKey,FALSE,TRUE
"field[FieldName='""ChargesTypeId""']",ForeignEntity,NULL,ChargesType
"field[FieldName='""ChargesTypeId""']",NavigationPropertyName,NULL,ChargesType
"field[FieldName='""ProductTypeCode""']",IsRequired,FALSE,TRUE
"field[FieldName='""ProductTypeCode""']",IsForeignKey,FALSE,TRUE
"field[FieldName='""ProductTypeCode""']",ForeignEntity,NULL,ProductType
"field[FieldName='""ProductTypeCode""']",NavigationPropertyName,NULL,ProductType
"field[FieldName='""UpdatedByUserId""']",IsRequired,FALSE,TRUE
"field[FieldName='""UpdatedByUserId""']",IsForeignKey,FALSE,TRUE
"field[FieldName='""UpdatedByUserId""']",ForeignEntity,NULL,User
"field[FieldName='""UpdatedByUserId""']",NavigationPropertyName,NULL,UpdatedByUser
,,,
,,,
LXML File: ChargesType.lxml,,,
Element,Attribute,Old Value,New Value
entity,DxmlDatabaseTypeCode,NULL,Main
entity,DxmlDatabaseSchemaCode,NULL,dbo
"field[FieldName='""Id""']",MaxLength,0,15
"field[FieldName='""AddedManually""']",MaxLength,15,0
"field[FieldName='""InActive""']",MaxLength,15,0
"field[FieldName='""IsReceivable""']",MaxLength,15,0
"field[FieldName='""IsPayable""']",MaxLength,15,0
"field[FieldName='""IsAir""']",MaxLength,15,0
"field[FieldName='""IsOcean""']",MaxLength,15,0
"field[FieldName='""IsInland""']",MaxLength,15,0
"field[FieldName='""IsAutoDisplayInShipment""']",MaxLength,15,0
"field[FieldName='""IsAutoDisplayInConsolidation""']",MaxLength,15,0
"field[FieldName='""AWBPrintDescription""']",MaxLength,15,0
"field[FieldName='""IsAutoDisplayInQuote""']",MaxLength,15,0
"field[FieldName='""SearchFields""']",FieldsDataType,Text,nText
"field[FieldName='""AccountingVATSplit""']",MaxLength,1,0
"field[FieldName='""IsAutoDisplayInCustoms""']",MaxLength,15,0
"field[FieldName='""IsCustoms""']",MaxLength,15,0
"field[FieldName='""IsExpense""']",MaxLength,1,0
"field[FieldName='""PayableAccountId""']",MaxLength,0,15
"field[FieldName='""PayableAccountId""']",IsForeignKey,FALSE,TRUE
"field[FieldName='""PayableAccountId""']",ForeignEntity,NULL,Account
"field[FieldName='""PayableAccountId""']",NavigationPropertyName,NULL,PayableAccount
"field[FieldName='""PayableDebitGLAcountId""']",MaxLength,0,15
"field[FieldName='""ReceivableAccountId""']",MaxLength,0,15
"field[FieldName='""ReceivableAccountId""']",IsForeignKey,FALSE,TRUE
"field[FieldName='""ReceivableAccountId""']",ForeignEntity,NULL,Account
"field[FieldName='""ReceivableAccountId""']",NavigationPropertyName,NULL,ReceivableAccount
"field[FieldName='""ReceivableCreditGLAccountId""']",MaxLength,0,15
"field[FieldName='""DueTypeCode""']",IsForeignKey,FALSE,TRUE
"field[FieldName='""DueTypeCode""']",ForeignEntity,NULL,DueType
"field[FieldName='""DueTypeCode""']",NavigationPropertyName,NULL,DueType
"field[FieldName='""ChargesGroupId""']",IsRequired,TRUE,FALSE
"field[FieldName='""ChargesGroupId""']",IsForeignKey,FALSE,TRUE
"field[FieldName='""ChargesGroupId""']",ForeignEntity,NULL,ChargesGroup
"field[FieldName='""ChargesGroupId""']",NavigationPropertyName,NULL,ChargesGroup
"field[FieldName='""IATACodeId""']",IsForeignKey,FALSE,TRUE
"field[FieldName='""IATACodeId""']",ForeignEntity,NULL,IATACode
"field[FieldName='""IATACodeId""']",NavigationPropertyName,NULL,IATACode
"field[FieldName='""MeasurementId""']",IsForeignKey,FALSE,TRUE
"field[FieldName='""MeasurementId""']",ForeignEntity,NULL,Measurement
"field[FieldName='""MeasurementId""']",NavigationPropertyName,NULL,Measurement
"field[FieldName='""ContainerMeasurementId""']",IsForeignKey,FALSE,TRUE
"field[FieldName='""ContainerMeasurementId""']",ForeignEntity,NULL,Measurement
"field[FieldName='""ContainerMeasurementId""']",NavigationPropertyName,NULL,ContainerMeasurement
"field[FieldName='""VatTypeId""']",IsForeignKey,FALSE,TRUE
"field[FieldName='""VatTypeId""']",ForeignEntity,NULL,VatType
"field[FieldName='""VatTypeId""']",NavigationPropertyName,NULL,VatType
,,,
,,,
LXML File: ChargeTypeAccounting.lxml,,,
Element,Attribute,Old Value,New Value
entity,DxmlDatabaseTypeCode,NULL,Main
entity,DxmlDatabaseSchemaCode,NULL,dbo
"field[FieldName='""Id""']",MaxLength,0,15
"field[FieldName='""PayableDebitGLAcountId""']",MaxLength,0,15
"field[FieldName='""ReceivableCreditGLAccountId""']",MaxLength,0,15
"field[FieldName='""VatTypeId""']",IsRequired,FALSE,TRUE
"field[FieldName='""VatTypeId""']",IsForeignKey,FALSE,TRUE
"field[FieldName='""VatTypeId""']",ForeignEntity,NULL,VatType
"field[FieldName='""VatTypeId""']",NavigationPropertyName,NULL,VatType
"field[FieldName='""ChargeTypeId""']",IsRequired,FALSE,TRUE
"field[FieldName='""ChargeTypeId""']",IsForeignKey,FALSE,TRUE
"field[FieldName='""ChargeTypeId""']",ForeignEntity,NULL,ChargesType
"field[FieldName='""ChargeTypeId""']",NavigationPropertyName,NULL,ChargeType
,,,
,,,
LXML File: CheckDigitControlAlgorithm.lxml,,,
Element,Attribute,Old Value,New Value
entity,DxmlDatabaseTypeCode,NULL,Main
entity,DxmlDatabaseSchemaCode,NULL,dbo
,,,
,,,
LXML File: Commodity.lxml,,,
Element,Attribute,Old Value,New Value
entity,DxmlDatabaseTypeCode,NULL,Main
entity,DxmlDatabaseSchemaCode,NULL,dbo
"field[FieldName='""Id""']",MaxLength,0,15
"field[FieldName='""InActive""']",MaxLength,15,0
"field[FieldName='""AirlineId""']",IsForeignKey,FALSE,TRUE
"field[FieldName='""AirlineId""']",ForeignEntity,NULL,Card
"field[FieldName='""AirlineId""']",NavigationPropertyName,NULL,Airline
,,,
,,,
LXML File: CommunicationLog.lxml,,,
Element,Attribute,Old Value,New Value
entity,DxmlDatabaseTypeCode,NULL,Main
entity,DxmlDatabaseSchemaCode,NULL,dbo
"field[FieldName='""Tenant""']",MaxLength,1,0
"field[FieldName='""Tenant""']",IsForeignKey,FALSE,TRUE
"field[FieldName='""Tenant""']",ForeignEntity,NULL,Tenant
"field[FieldName='""Tenant""']",NavigationPropertyName,NULL,CurrentTenant
"field[FieldName='""CreateDate""']",MaxLength,40,0
"field[FieldName='""CreateDateUTC""']",MaxLength,40,0
"field[FieldName='""DoneDate""']",MaxLength,40,0
"field[FieldName='""DoneDateUTC""']",MaxLength,40,0
"field[FieldName='""LastStatusDateUTC""']",MaxLength,40,0
"field[FieldName='""NextTryDateTime""']",MaxLength,40,0
"field[FieldName='""NextTryDateTimeUTC""']",MaxLength,40,0
"field[FieldName='""CommunicationLogTypeCode""']",IsForeignKey,FALSE,TRUE
"field[FieldName='""CommunicationLogTypeCode""']",ForeignEntity,NULL,CommunicationLogType
"field[FieldName='""CommunicationLogTypeCode""']",NavigationPropertyName,NULL,CommunicationLogType
"field[FieldName='""CommunicationStatusTypeCode""']",IsForeignKey,FALSE,TRUE
"field[FieldName='""CommunicationStatusTypeCode""']",ForeignEntity,NULL,CommunicationStatusType
"field[FieldName='""CommunicationStatusTypeCode""']",NavigationPropertyName,NULL,CommunicationStatusType
"field[FieldName='""Subject""']",FieldsDataType,Text,nText
"field[FieldName='""EntityId""']",MaxLength,0,40
"field[FieldName='""ObjectTableId""']",IsRequired,TRUE,FALSE
"field[FieldName='""ObjectTableId""']",IsForeignKey,FALSE,TRUE
"field[FieldName='""ObjectTableId""']",ForeignEntity,NULL,ObjectTable
"field[FieldName='""ObjectTableId""']",NavigationPropertyName,NULL,ObjectTable
"field[FieldName='""DocumentOutId""']",MaxLength,15,40
"field[FieldName='""DocumentOutId""']",IsForeignKey,FALSE,TRUE
"field[FieldName='""DocumentOutId""']",ForeignEntity,NULL,DocumentOut
"field[FieldName='""DocumentOutId""']",NavigationPropertyName,NULL,InternalDocument
"field[FieldName='""DocumentsFilingId""']",MaxLength,0,40
"field[FieldName='""DocumentsFilingId""']",IsForeignKey,FALSE,TRUE
"field[FieldName='""DocumentsFilingId""']",ForeignEntity,NULL,DocumentsFiling
"field[FieldName='""DocumentsFilingId""']",NavigationPropertyName,NULL,ExternalDocument
"field[FieldName='""CreatedByUserId""']",IsRequired,TRUE,FALSE
"field[FieldName='""CreatedByUserId""']",IsForeignKey,FALSE,TRUE
"field[FieldName='""CreatedByUserId""']",ForeignEntity,NULL,User
"field[FieldName='""CreatedByUserId""']",NavigationPropertyName,NULL,CreatedByUser
"field[FieldName='""DocumentId""']",MaxLength,0,15
"field[FieldName='""DocumentId""']",IsRequired,FALSE,TRUE
"field[FieldName='""DocumentId""']",IsForeignKey,FALSE,TRUE
"field[FieldName='""DocumentId""']",ForeignEntity,NULL,Document
"field[FieldName='""DocumentId""']",NavigationPropertyName,NULL,Document
"field[FieldName='""SearchFields""']",FieldsDataType,Text,nText
"field[FieldName='""ExceptionMessage""']",FieldsDataType,Text,nText
"field[FieldName='""ExceptionMessage""']",IsMaxLength,FALSE,TRUE
"field[FieldName='""Logs""']",FieldsDataType,Text,nText
"field[FieldName='""Logs""']",IsMaxLength,FALSE,TRUE
"field[FieldName='""CorrelationID""']",MaxLength,0,64
"field[FieldName='""MessageLockId""']",MaxLength,0,40
"field[FieldName='""ReplyToList""']",MaxLength,0,500
"field[FieldName='""ChildEntityId""']",MaxLength,0,15
"field[FieldName='""ChildObjectTableId""']",MaxLength,0,15
,,,
,,,
LXML File: CommunicationLogType.lxml,,,
Element,Attribute,Old Value,New Value
entity,DxmlDatabaseTypeCode,NULL,Main
entity,DxmlDatabaseSchemaCode,NULL,dbo
"field[FieldName='""SearchFields""']",FieldsDataType,Text,nText
,,,
,,,
LXML File: CommunicationStatusType.lxml,,,
Element,Attribute,Old Value,New Value
entity,DxmlDatabaseTypeCode,NULL,Main
entity,DxmlDatabaseSchemaCode,NULL,dbo
"field[FieldName='""Code""']",MaxLength,2,4
"field[FieldName='""Name""']",MaxLength,20,40
"field[FieldName='""SearchFields""']",FieldsDataType,Text,nText
,,,
,,,
LXML File: Competitor.lxml,,,
Element,Attribute,Old Value,New Value
entity,DxmlDatabaseTypeCode,NULL,Main
entity,DxmlDatabaseSchemaCode,NULL,dbo
"field[FieldName='""Id""']",MaxLength,0,15
"field[FieldName='""AddressId""']",IsForeignKey,FALSE,TRUE
"field[FieldName='""AddressId""']",ForeignEntity,NULL,Address
"field[FieldName='""AddressId""']",NavigationPropertyName,NULL,Address
"field[FieldName='""InActive""']",MaxLength,15,0
,,,
,,,
LXML File: ComputingPartner.lxml,,,
Element,Attribute,Old Value,New Value
entity,DxmlDatabaseTypeCode,NULL,Main
entity,DxmlDatabaseSchemaCode,NULL,dbo
"field[FieldName='""Id""']",MaxLength,0,15
"field[FieldName='""CreateDate""']",MaxLength,1,0
"field[FieldName='""UpdateDate""']",MaxLength,1,0
"field[FieldName='""CreatedByUserId""']",IsRequired,FALSE,TRUE
"field[FieldName='""CreatedByUserId""']",IsForeignKey,FALSE,TRUE
"field[FieldName='""CreatedByUserId""']",ForeignEntity,NULL,User
"field[FieldName='""CreatedByUserId""']",NavigationPropertyName,NULL,CreatedByUser
"field[FieldName='""UpdatedByUserId""']",IsRequired,FALSE,TRUE
"field[FieldName='""UpdatedByUserId""']",IsForeignKey,FALSE,TRUE
"field[FieldName='""UpdatedByUserId""']",ForeignEntity,NULL,User
"field[FieldName='""UpdatedByUserId""']",NavigationPropertyName,NULL,UpdatedByUser
"field[FieldName='""SearchFields""']",FieldsDataType,Text,nText
"field[FieldName='""InActive""']",MaxLength,1,0
,,,
,,,
LXML File: ComputingPartnerCode.lxml,,,
Element,Attribute,Old Value,New Value
entity,DxmlDatabaseTypeCode,NULL,Main
entity,DxmlDatabaseSchemaCode,NULL,dbo
"field[FieldName='""Id""']",MaxLength,0,15
"field[FieldName='""ObjectTableId""']",IsRequired,FALSE,TRUE
"field[FieldName='""ObjectTableId""']",IsForeignKey,FALSE,TRUE
"field[FieldName='""ObjectTableId""']",ForeignEntity,NULL,ObjectTable
"field[FieldName='""ObjectTableId""']",NavigationPropertyName,NULL,ObjectTable
"field[FieldName='""ComputingPartnerId""']",IsRequired,FALSE,TRUE
"field[FieldName='""ComputingPartnerId""']",IsForeignKey,FALSE,TRUE
"field[FieldName='""ComputingPartnerId""']",ForeignEntity,NULL,ComputingPartner
"field[FieldName='""ComputingPartnerId""']",NavigationPropertyName,NULL,ComputingPartner
"field[FieldName='""PartnerCode""']",IsRequired,FALSE,TRUE
"field[FieldName='""PartnerName""']",IsRequired,FALSE,TRUE
"field[FieldName='""CreateDate""']",MaxLength,1,0
"field[FieldName='""UpdateDate""']",MaxLength,1,0
"field[FieldName='""CreatedByUserId""']",IsRequired,FALSE,TRUE
"field[FieldName='""CreatedByUserId""']",IsForeignKey,FALSE,TRUE
"field[FieldName='""CreatedByUserId""']",ForeignEntity,NULL,User
"field[FieldName='""CreatedByUserId""']",NavigationPropertyName,NULL,CreatedByUser
"field[FieldName='""UpdatedByUserId""']",IsRequired,FALSE,TRUE
"field[FieldName='""UpdatedByUserId""']",IsForeignKey,FALSE,TRUE
"field[FieldName='""UpdatedByUserId""']",ForeignEntity,NULL,User
"field[FieldName='""UpdatedByUserId""']",NavigationPropertyName,NULL,UpdatedByUser
,,,
,,,
LXML File: ComputingPartnerTable.lxml,,,
Element,Attribute,Old Value,New Value
entity,DxmlDatabaseTypeCode,NULL,Main
entity,DxmlDatabaseSchemaCode,NULL,dbo
"field[FieldName='""ObjectTableId""']",IsForeignKey,FALSE,TRUE
"field[FieldName='""ObjectTableId""']",ForeignEntity,NULL,ObjectTable
"field[FieldName='""ObjectTableId""']",NavigationPropertyName,NULL,ObjectTable
"field[FieldName='""ComputingPartnerId""']",IsForeignKey,FALSE,TRUE
"field[FieldName='""ComputingPartnerId""']",ForeignEntity,NULL,ComputingPartner
"field[FieldName='""ComputingPartnerId""']",NavigationPropertyName,NULL,ComputingPartner
"field[FieldName='""HasPartnerList""']",MaxLength,1,0
"field[FieldName='""MustUsePartnerList""']",MaxLength,1,0
"field[FieldName='""TransalationRequired""']",MaxLength,1,0
"field[FieldName='""TenantLevelTranslationBlocked""']",MaxLength,1,0
"field[FieldName='""CreateDate""']",MaxLength,1,0
"field[FieldName='""UpdateDate""']",MaxLength,1,0
"field[FieldName='""CreatedByUserId""']",IsRequired,FALSE,TRUE
"field[FieldName='""CreatedByUserId""']",IsForeignKey,FALSE,TRUE
"field[FieldName='""CreatedByUserId""']",ForeignEntity,NULL,User
"field[FieldName='""CreatedByUserId""']",NavigationPropertyName,NULL,CreatedByUser
"field[FieldName='""UpdatedByUserId""']",IsRequired,FALSE,TRUE
"field[FieldName='""UpdatedByUserId""']",IsForeignKey,FALSE,TRUE
"field[FieldName='""UpdatedByUserId""']",ForeignEntity,NULL,User
"field[FieldName='""UpdatedByUserId""']",NavigationPropertyName,NULL,UpdatedByUser
,,,
,,,
LXML File: ComputingPartnerTranslation.lxml,,,
Element,Attribute,Old Value,New Value
entity,DxmlDatabaseTypeCode,NULL,Main
entity,DxmlDatabaseSchemaCode,NULL,dbo
"field[FieldName='""Id""']",MaxLength,0,15
"field[FieldName='""ObjectTableId""']",IsRequired,FALSE,TRUE
"field[FieldName='""ObjectTableId""']",IsForeignKey,FALSE,TRUE
"field[FieldName='""ObjectTableId""']",ForeignEntity,NULL,ObjectTable
"field[FieldName='""ObjectTableId""']",NavigationPropertyName,NULL,ObjectTable
"field[FieldName='""SearchFields""']",FieldsDataType,Text,nText
"field[FieldName='""SearchFields""']",MaxLength,0,1000
"field[FieldName='""ComputingPartnerId""']",IsRequired,FALSE,TRUE
"field[FieldName='""ComputingPartnerId""']",IsForeignKey,FALSE,TRUE
"field[FieldName='""ComputingPartnerId""']",ForeignEntity,NULL,ComputingPartner
"field[FieldName='""ComputingPartnerId""']",NavigationPropertyName,NULL,ComputingPartner
"field[FieldName='""OurCode""']",IsRequired,FALSE,TRUE
"field[FieldName='""PartnerCode""']",IsRequired,FALSE,TRUE
"field[FieldName='""UpdateDate""']",MaxLength,1,0
"field[FieldName='""CreateDate""']",MaxLength,1,0
"field[FieldName='""UpdatedByUserId""']",IsRequired,FALSE,TRUE
"field[FieldName='""UpdatedByUserId""']",IsForeignKey,FALSE,TRUE
"field[FieldName='""UpdatedByUserId""']",ForeignEntity,NULL,User
"field[FieldName='""UpdatedByUserId""']",NavigationPropertyName,NULL,UpdatedByUser
"field[FieldName='""CreatedByUserId""']",IsRequired,FALSE,TRUE
"field[FieldName='""CreatedByUserId""']",IsForeignKey,FALSE,TRUE
"field[FieldName='""CreatedByUserId""']",ForeignEntity,NULL,User
"field[FieldName='""CreatedByUserId""']",NavigationPropertyName,NULL,CreatedByUser
,,,
,,,
LXML File: Contact.lxml,,,
Element,Attribute,Old Value,New Value
entity,DxmlDatabaseTypeCode,NULL,Main
entity,DxmlDatabaseSchemaCode,NULL,dbo
"field[FieldName='""Id""']",MaxLength,0,15
"field[FieldName='""UserType""']",MaxLength,0,1
"field[FieldName='""UserType""']",IsRequired,FALSE,TRUE
"field[FieldName='""InActive""']",MaxLength,15,0
"field[FieldName='""FacebookId""']",MaxLength,0,20
"field[FieldName='""SearchFields""']",FieldsDataType,Text,nText
"field[FieldName='""Birthday""']",MaxLength,15,0
"field[FieldName='""Anniversary""']",MaxLength,15,0
"field[FieldName='""Notes""']",FieldsDataType,Text,nText
"field[FieldName='""Signature""']",FieldsDataType,Text,Binary
"field[FieldName='""Signature""']",IsMaxLength,FALSE,TRUE
"field[FieldName='""SignatureHtml""']",FieldsDataType,Text,Binary
"field[FieldName='""SignatureHtml""']",IsMaxLength,FALSE,TRUE
"field[FieldName='""ImageDetailId""']",MaxLength,0,15
"field[FieldName='""ImageDetailId""']",IsForeignKey,FALSE,TRUE
"field[FieldName='""ImageDetailId""']",ForeignEntity,NULL,ImageDetail
"field[FieldName='""ImageDetailId""']",NavigationPropertyName,NULL,ImageDetail
"field[FieldName='""ComputedKey""']",MaxLength,0,70
"field[FieldName='""CompanyName""']",MaxLength,0,1000
"field[FieldName='""BirthdayReminder""']",MaxLength,15,0
"field[FieldName='""AnniversaryReminder""']",MaxLength,15,0
"field[FieldName='""DoneDate""']",MaxLength,15,0
"field[FieldName='""ContactDoneMethodCode""']",IsForeignKey,FALSE,TRUE
"field[FieldName='""ContactDoneMethodCode""']",ForeignEntity,NULL,ContactDoneMethod
"field[FieldName='""ContactDoneMethodCode""']",NavigationPropertyName,NULL,ContactDoneMethod
"field[FieldName='""IndexColor""']",IsForeignKey,FALSE,TRUE
"field[FieldName='""IndexColor""']",ForeignEntity,NULL,ColorIndex
"field[FieldName='""IndexColor""']",NavigationPropertyName,NULL,ColorIndex
"field[FieldName='""CreateDate""']",MaxLength,15,0
,,,
,,,
LXML File: ContactDoneMethod.lxml,,,
Element,Attribute,Old Value,New Value
entity,DxmlDatabaseTypeCode,NULL,Main
entity,DxmlDatabaseSchemaCode,NULL,dbo
"field[FieldName='""SearchFields""']",FieldsDataType,Text,nText
,,,
,,,
LXML File: Country.lxml,,,
Element,Attribute,Old Value,New Value
entity,DxmlDatabaseTypeCode,NULL,Main
entity,DxmlDatabaseSchemaCode,NULL,dbo
"field[FieldName='""Id""']",MaxLength,0,15
"field[FieldName='""AddedManually""']",MaxLength,15,0
"field[FieldName='""InActive""']",MaxLength,15,0
"field[FieldName='""Notes""']",FieldsDataType,Text,nText
"field[FieldName='""SearchFields""']",FieldsDataType,Text,nText
"field[FieldName='""EC""']",MaxLength,15,0
"field[FieldName='""HasCitiesList""']",MaxLength,1,0
"field[FieldName='""GlobalZoneId""']",IsForeignKey,FALSE,TRUE
"field[FieldName='""GlobalZoneId""']",ForeignEntity,NULL,GlobalZone
"field[FieldName='""GlobalZoneId""']",NavigationPropertyName,NULL,GlobalZone
,,,
,,,
LXML File: CountryCity.lxml,,,
Element,Attribute,Old Value,New Value
entity,DxmlDatabaseTypeCode,NULL,Main
entity,DxmlDatabaseSchemaCode,NULL,dbo
"field[FieldName='""Id""']",MaxLength,0,15
"field[FieldName='""Notes""']",FieldsDataType,Text,nText
"field[FieldName='""InActive""']",MaxLength,15,0
"field[FieldName='""AddedManually""']",MaxLength,15,0
"field[FieldName='""SearchFields""']",FieldsDataType,Text,nText
"field[FieldName='""CountryId""']",IsForeignKey,FALSE,TRUE
"field[FieldName='""CountryId""']",ForeignEntity,NULL,Country
"field[FieldName='""CountryId""']",NavigationPropertyName,NULL,Country
"field[FieldName='""StateId""']",IsForeignKey,FALSE,TRUE
"field[FieldName='""StateId""']",ForeignEntity,NULL,State
"field[FieldName='""StateId""']",NavigationPropertyName,NULL,State
,,,
,,,
LXML File: CreditLimitSetting.lxml,,,
Element,Attribute,Old Value,New Value
entity,DxmlDatabaseTypeCode,NULL,Main
entity,DxmlDatabaseSchemaCode,NULL,dbo
"field[FieldName='""Id""']",MaxLength,0,15
"field[FieldName='""IsCreditLimitEnabled""']",MaxLength,1,0
"field[FieldName='""InvoiceCreationWarning""']",MaxLength,1,0
"field[FieldName='""InvoiceCreationBlock""']",MaxLength,1,0
"field[FieldName='""ShipmentCreationBlock""']",MaxLength,1,0
,,,
,,,
LXML File: Currency.lxml,,,
Element,Attribute,Old Value,New Value
entity,DxmlDatabaseTypeCode,NULL,Main
entity,DxmlDatabaseSchemaCode,NULL,dbo
"field[FieldName='""Id""']",MaxLength,0,15
"field[FieldName='""Notes""']",FieldsDataType,Text,nText
"field[FieldName='""InActive""']",MaxLength,15,0
"field[FieldName='""AddedManually""']",MaxLength,15,0
"field[FieldName='""SearchFields""']",FieldsDataType,Text,nText
,,,
,,,
LXML File: CustomAgent.lxml,,,
Element,Attribute,Old Value,New Value
entity,DxmlDatabaseTypeCode,NULL,Main
entity,DxmlDatabaseSchemaCode,NULL,dbo
"field[FieldName='""Id""']",MaxLength,0,15
"field[FieldName='""Id""']",IsForeignKey,FALSE,TRUE
"field[FieldName='""Id""']",ForeignEntity,NULL,Card
"field[FieldName='""Id""']",NavigationPropertyName,NULL,Card
,,,
,,,
LXML File: Customer.lxml,,,
Element,Attribute,Old Value,New Value
entity,DxmlDatabaseTypeCode,NULL,Main
entity,DxmlDatabaseSchemaCode,NULL,dbo
"field[FieldName='""Id""']",MaxLength,0,15
"field[FieldName='""Id""']",IsForeignKey,FALSE,TRUE
"field[FieldName='""Id""']",ForeignEntity,NULL,Card
"field[FieldName='""Id""']",NavigationPropertyName,NULL,Card
"field[FieldName='""RankId""']",IsForeignKey,FALSE,TRUE
"field[FieldName='""RankId""']",ForeignEntity,NULL,Rank
"field[FieldName='""RankId""']",NavigationPropertyName,NULL,Rank
"field[FieldName='""BillToId""']",IsForeignKey,FALSE,TRUE
"field[FieldName='""BillToId""']",ForeignEntity,NULL,Card
"field[FieldName='""BillToId""']",NavigationPropertyName,NULL,BillToCard
"field[FieldName='""AccountManagerUserId""']",IsForeignKey,FALSE,TRUE
"field[FieldName='""AccountManagerUserId""']",ForeignEntity,NULL,User
"field[FieldName='""AccountManagerUserId""']",NavigationPropertyName,NULL,AccountManagerUser
"field[FieldName='""SalesmanUserId""']",IsForeignKey,FALSE,TRUE
"field[FieldName='""SalesmanUserId""']",ForeignEntity,NULL,User
"field[FieldName='""SalesmanUserId""']",NavigationPropertyName,NULL,SalesmanUser
"field[FieldName='""StartWorkingManuallySet""']",MaxLength,25,0
"field[FieldName='""Field1""']",FieldsDataType,Text,nText
"field[FieldName='""Field1""']",MaxLength,11,250
"field[FieldName='""Field2""']",FieldsDataType,Text,nText
"field[FieldName='""Field2""']",MaxLength,10,250
"field[FieldName='""Field3""']",FieldsDataType,Text,nText
"field[FieldName='""Field3""']",MaxLength,10,250
"field[FieldName='""Field4""']",FieldsDataType,Text,nText
"field[FieldName='""Field4""']",MaxLength,0,250
"field[FieldName='""Field5""']",FieldsDataType,Text,nText
"field[FieldName='""Field5""']",MaxLength,0,250
"field[FieldName='""Field6""']",FieldsDataType,Text,nText
"field[FieldName='""Field6""']",MaxLength,0,250
"field[FieldName='""Field7""']",FieldsDataType,Text,nText
"field[FieldName='""Field7""']",MaxLength,0,250
"field[FieldName='""Field8""']",FieldsDataType,Text,nText
"field[FieldName='""Field8""']",MaxLength,0,250
"field[FieldName='""Field9""']",FieldsDataType,Text,nText
"field[FieldName='""Field9""']",MaxLength,0,250
"field[FieldName='""Field10""']",FieldsDataType,Text,nText
"field[FieldName='""Field10""']",MaxLength,0,250
"field[FieldName='""ClassifierId""']",IsForeignKey,FALSE,TRUE
"field[FieldName='""ClassifierId""']",ForeignEntity,NULL,User
"field[FieldName='""ClassifierId""']",NavigationPropertyName,NULL,Classifier
"field[FieldName='""CollectorId""']",IsForeignKey,FALSE,TRUE
"field[FieldName='""CollectorId""']",ForeignEntity,NULL,User
"field[FieldName='""CollectorId""']",NavigationPropertyName,NULL,Collector
"field[FieldName='""CustomerSizeId""']",IsForeignKey,FALSE,TRUE
"field[FieldName='""CustomerSizeId""']",ForeignEntity,NULL,CustomerSize
"field[FieldName='""CustomerSizeId""']",NavigationPropertyName,NULL,CustomerSize
"field[FieldName='""IndustryId""']",IsForeignKey,FALSE,TRUE
"field[FieldName='""IndustryId""']",ForeignEntity,NULL,Industry
"field[FieldName='""IndustryId""']",NavigationPropertyName,NULL,Industry
"field[FieldName='""LeadSourceId""']",IsForeignKey,FALSE,TRUE
"field[FieldName='""LeadSourceId""']",ForeignEntity,NULL,LeadSource
"field[FieldName='""LeadSourceId""']",NavigationPropertyName,NULL,LeadSource
"field[FieldName='""IsCustomer""']",MaxLength,1,0
"field[FieldName='""CustomerStatusCode""']",IsForeignKey,FALSE,TRUE
"field[FieldName='""CustomerStatusCode""']",ForeignEntity,NULL,CustomerStatus
"field[FieldName='""CustomerStatusCode""']",NavigationPropertyName,NULL,CustomerStatus
"field[FieldName='""BeforeDeactiveStatusCode""']",MaxLength,0,3
"field[FieldName='""BeforeDeactiveStatusCode""']",IsForeignKey,FALSE,TRUE
"field[FieldName='""BeforeDeactiveStatusCode""']",ForeignEntity,NULL,CustomerStatus
"field[FieldName='""BeforeDeactiveStatusCode""']",NavigationPropertyName,NULL,BeforeDeactiveStatus
"field[FieldName='""ReadyForActivationDate""']",MaxLength,100,0
"field[FieldName='""RegionId""']",IsForeignKey,FALSE,TRUE
"field[FieldName='""RegionId""']",ForeignEntity,NULL,Region
"field[FieldName='""RegionId""']",NavigationPropertyName,NULL,Region
"field[FieldName='""ActivationDate""']",MaxLength,1,0
"field[FieldName='""InactiveDate""']",MaxLength,1,0
"field[FieldName='""ActivationRequestDate""']",MaxLength,1,0
"field[FieldName='""ActivatedByUserId""']",IsForeignKey,FALSE,TRUE
"field[FieldName='""ActivatedByUserId""']",ForeignEntity,NULL,User
"field[FieldName='""ActivatedByUserId""']",NavigationPropertyName,NULL,ActivatedByUser
"field[FieldName='""SetAsInactiveByUserId""']",MaxLength,0,15
"field[FieldName='""SetAsInactiveByUserId""']",IsForeignKey,FALSE,TRUE
"field[FieldName='""SetAsInactiveByUserId""']",ForeignEntity,NULL,User
"field[FieldName='""SetAsInactiveByUserId""']",NavigationPropertyName,NULL,SetAsInactiveByUser
"field[FieldName='""ActivationRequestedByUserId""']",MaxLength,0,15
"field[FieldName='""ActivationRequestedByUserId""']",IsForeignKey,FALSE,TRUE
"field[FieldName='""ActivationRequestedByUserId""']",ForeignEntity,NULL,User
"field[FieldName='""ActivationRequestedByUserId""']",NavigationPropertyName,NULL,ActivationRequestedByUser
"field[FieldName='""FreelancerId""']",MaxLength,0,15
"field[FieldName='""FreelancerId""']",IsForeignKey,FALSE,TRUE
"field[FieldName='""FreelancerId""']",ForeignEntity,NULL,User
"field[FieldName='""FreelancerId""']",NavigationPropertyName,NULL,Freelancer
"field[FieldName='""ForwarderId""']",IsForeignKey,FALSE,TRUE
"field[FieldName='""ForwarderId""']",ForeignEntity,NULL,Card
"field[FieldName='""ForwarderId""']",NavigationPropertyName,NULL,Forwarder
"field[FieldName='""CustomsAgentId""']",IsForeignKey,FALSE,TRUE
"field[FieldName='""CustomsAgentId""']",ForeignEntity,NULL,Card
"field[FieldName='""CustomsAgentId""']",NavigationPropertyName,NULL,CustomsAgent
"field[FieldName='""MediatorId""']",IsForeignKey,FALSE,TRUE
"field[FieldName='""MediatorId""']",ForeignEntity,NULL,Card
"field[FieldName='""MediatorId""']",NavigationPropertyName,NULL,Mediator
"field[FieldName='""LastShipmentDate""']",MaxLength,1,0
"field[FieldName='""StartWorkingDate""']",MaxLength,25,0
"field[FieldName='""LastCallDate""']",MaxLength,1,0
"field[FieldName='""LastMeetingDate""']",MaxLength,1,0
"field[FieldName='""LastOpportunityDate""']",MaxLength,1,0
"field[FieldName='""LastOpportunityStatus""']",MaxLength,70,60
"field[FieldName='""FirstInvoiceDate""']",MaxLength,1,0
"field[FieldName='""FirstShipmentDate""']",MaxLength,1,0
"field[FieldName='""LastQuoteDate""']",MaxLength,1,0
"field[FieldName='""LastInteractionDate""']",MaxLength,1,0
"field[FieldName='""ActivityWatch""']",MaxLength,1,0
"field[FieldName='""KCExpirationDate""']",MaxLength,1,0
"field[FieldName='""CompetitorFields""']",FieldsDataType,Text,nText
"field[FieldName='""IsCreditLimitEnabled""']",MaxLength,1,0
"field[FieldName='""CreditLimitAmount""']",MaxLength,1,0
"field[FieldName='""CreditLimitOpenBalance""']",MaxLength,1,0
"field[FieldName='""CreditLimitWarningPercentage""']",MaxLength,1,0
"field[FieldName='""BlockNewInvoiceCreation""']",MaxLength,1,0
"field[FieldName='""BlockNewShipmentCreation""']",MaxLength,1,0
,,,
,,,
LXML File: CustomerAccountManagerByProduct.lxml,,,
Element,Attribute,Old Value,New Value
entity,DxmlDatabaseTypeCode,NULL,Main
entity,DxmlDatabaseSchemaCode,NULL,dbo
"field[FieldName='""AccountManagerId""']",IsForeignKey,FALSE,TRUE
"field[FieldName='""AccountManagerId""']",ForeignEntity,NULL,User
"field[FieldName='""AccountManagerId""']",NavigationPropertyName,NULL,AccountManagerUser
,,,
,,,
LXML File: CustomerAdditionalService.lxml,,,
Element,Attribute,Old Value,New Value
entity,DxmlDatabaseTypeCode,NULL,Main
entity,DxmlDatabaseSchemaCode,NULL,dbo
"field[FieldName='""CustomerId""']",IsForeignKey,FALSE,TRUE
"field[FieldName='""CustomerId""']",ForeignEntity,NULL,Customer
"field[FieldName='""CustomerId""']",NavigationPropertyName,NULL,Customer
"field[FieldName='""AdditionalServiceId""']",IsForeignKey,FALSE,TRUE
"field[FieldName='""AdditionalServiceId""']",ForeignEntity,NULL,AdditionalService
"field[FieldName='""AdditionalServiceId""']",NavigationPropertyName,NULL,AdditionalService
,,,
,,,
LXML File: CustomerDeposition.lxml,,,
Element,Attribute,Old Value,New Value
entity,DxmlDatabaseTypeCode,NULL,Main
entity,DxmlDatabaseSchemaCode,NULL,dbo
"field[FieldName='""ValidityStartDate""']",IsRequired,TRUE,FALSE
"field[FieldName='""ValidityStartDate""']",IsNullable,FALSE,TRUE
"field[FieldName='""ValidityEndDate""']",IsRequired,TRUE,FALSE
"field[FieldName='""ValidityEndDate""']",IsNullable,FALSE,TRUE
,,,
,,,
LXML File: CustomerFieldsUpdateSetting.lxml,,,
Element,Attribute,Old Value,New Value
entity,DxmlDatabaseTypeCode,NULL,Main
entity,DxmlDatabaseSchemaCode,NULL,dbo
"field[FieldName='""Id""']",MaxLength,0,15
"field[FieldName='""ObjectFieldId""']",IsForeignKey,FALSE,TRUE
"field[FieldName='""ObjectFieldId""']",ForeignEntity,NULL,ObjectField
"field[FieldName='""ObjectFieldId""']",NavigationPropertyName,NULL,ObjectField
"field[FieldName='""UpdateDirection""']",IsRequired,TRUE,FALSE
,,,
,,,
LXML File: CustomerOpenFilesAmount.lxml,,,
Element,Attribute,Old Value,New Value
entity,DxmlDatabaseTypeCode,NULL,Main
entity,DxmlDatabaseSchemaCode,NULL,dbo
"field[FieldName='""TotalOpenFilesAmount""']",NumberOfDigits,0,18
"field[FieldName='""TotalOpenFilesAmount""']",DigitsAfterPoint,16,2
,,,
,,,
LXML File: CustomerProduct.lxml,,,
Element,Attribute,Old Value,New Value
entity,DxmlDatabaseTypeCode,NULL,Main
entity,DxmlDatabaseSchemaCode,NULL,dbo
"field[FieldName='""PotentialChargeableWeight""']",NumberOfDigits,0,18
"field[FieldName='""CommitmentChargeableWeight""']",NumberOfDigits,0,18
"field[FieldName='""PotentialTEU""']",FieldsDataType,Double,Decimal
"field[FieldName='""CommitmentTEU""']",NumberOfDigits,0,18
"field[FieldName='""PotentialRevenue""']",NumberOfDigits,0,18
"field[FieldName='""CommitmentRevenue""']",NumberOfDigits,0,18
"field[FieldName='""PrepaidCollectId""']",IsForeignKey,FALSE,TRUE
"field[FieldName='""PrepaidCollectId""']",ForeignEntity,NULL,PrepaidCollect
"field[FieldName='""PrepaidCollectId""']",NavigationPropertyName,NULL,PrepaidCollect
,,,
,,,
LXML File: CustomerProductActualData.lxml,,,
Element,Attribute,Old Value,New Value
entity,DxmlDatabaseTypeCode,NULL,Main
entity,DxmlDatabaseSchemaCode,NULL,dbo
"field[FieldName='""CustomerId""']",IsForeignKey,FALSE,TRUE
"field[FieldName='""CustomerId""']",ForeignEntity,NULL,Customer
"field[FieldName='""CustomerId""']",NavigationPropertyName,NULL,Customer
"field[FieldName='""ProductTypeCode""']",IsForeignKey,FALSE,TRUE
"field[FieldName='""ProductTypeCode""']",ForeignEntity,NULL,ProductType
"field[FieldName='""ProductTypeCode""']",NavigationPropertyName,NULL,ProductType
"field[FieldName='""TEU""']",NumberOfDigits,0,18
"field[FieldName='""ChargeableWeight""']",NumberOfDigits,0,18
"field[FieldName='""Revenue""']",NumberOfDigits,0,18
,,,
,,,
LXML File: CustomerProductLocation.lxml,,,
Element,Attribute,Old Value,New Value
entity,DxmlDatabaseTypeCode,NULL,Main
entity,DxmlDatabaseSchemaCode,NULL,dbo
"field[FieldName='""CustomerId""']",IsForeignKey,FALSE,TRUE
"field[FieldName='""CustomerId""']",ForeignEntity,NULL,Customer
"field[FieldName='""CustomerId""']",NavigationPropertyName,NULL,Customer
"field[FieldName='""ProductTypeCode""']",IsForeignKey,FALSE,TRUE
"field[FieldName='""ProductTypeCode""']",ForeignEntity,NULL,ProductType
"field[FieldName='""ProductTypeCode""']",NavigationPropertyName,NULL,ProductType
"field[FieldName='""CountryId""']",IsForeignKey,FALSE,TRUE
"field[FieldName='""CountryId""']",ForeignEntity,NULL,Country
"field[FieldName='""CountryId""']",NavigationPropertyName,NULL,Country
"field[FieldName='""PotentialTEU""']",NumberOfDigits,0,18
"field[FieldName='""PotentialChargeableWeight""']",NumberOfDigits,0,18
"field[FieldName='""CommitmentTEU""']",NumberOfDigits,0,18
"field[FieldName='""CommitmentChargeableWeight""']",NumberOfDigits,0,18
"field[FieldName='""PotentialRevenue""']",NumberOfDigits,0,18
"field[FieldName='""CommitmentRevenue""']",NumberOfDigits,0,18
,,,
,,,
LXML File: CustomerSalesNote.lxml,,,
Element,Attribute,Old Value,New Value
entity,DBTableName,CustomerSalesNotes,CustomerSalesNote
entity,DxmlDatabaseTypeCode,NULL,Main
entity,DxmlDatabaseSchemaCode,NULL,dbo
"field[FieldName='""Id""']",MaxLength,0,15
"field[FieldName='""CustomerId""']",IsRequired,FALSE,TRUE
"field[FieldName='""CustomerId""']",IsForeignKey,FALSE,TRUE
"field[FieldName='""CustomerId""']",ForeignEntity,NULL,Card
"field[FieldName='""CustomerId""']",NavigationPropertyName,NULL,Customer
"field[FieldName='""CreateDate""']",MaxLength,1,0
"field[FieldName='""UpdateDate""']",MaxLength,1,0
"field[FieldName='""CreatedByUserId""']",IsRequired,FALSE,TRUE
"field[FieldName='""CreatedByUserId""']",IsForeignKey,FALSE,TRUE
"field[FieldName='""CreatedByUserId""']",ForeignEntity,NULL,User
"field[FieldName='""CreatedByUserId""']",NavigationPropertyName,NULL,CreatedByUser
"field[FieldName='""UpdatedByUserId""']",IsRequired,FALSE,TRUE
"field[FieldName='""UpdatedByUserId""']",IsForeignKey,FALSE,TRUE
"field[FieldName='""UpdatedByUserId""']",ForeignEntity,NULL,User
"field[FieldName='""UpdatedByUserId""']",NavigationPropertyName,NULL,UpdatedByUser
,,,
,,,
LXML File: CustomerSize.lxml,,,
Element,Attribute,Old Value,New Value
entity,DxmlDatabaseTypeCode,NULL,Main
entity,DxmlDatabaseSchemaCode,NULL,dbo
"field[FieldName='""Id""']",MaxLength,0,15
"field[FieldName='""Name""']",IsRequired,TRUE,FALSE
"field[FieldName='""InActive""']",MaxLength,1,0
,,,
,,,
LXML File: CustomerStatus.lxml,,,
Element,Attribute,Old Value,New Value
entity,DxmlDatabaseTypeCode,NULL,Main
entity,DxmlDatabaseSchemaCode,NULL,dbo
"field[FieldName='""Code""']",MaxLength,2,3
"field[FieldName='""Name""']",MaxLength,20,60
"field[FieldName='""SearchFields""']",FieldsDataType,Text,nText
,,,
,,,
LXML File: CustomerTenantAccess.lxml,,,
Element,Attribute,Old Value,New Value
entity,DxmlDatabaseTypeCode,NULL,Main
entity,DxmlDatabaseSchemaCode,NULL,dbo
"field[FieldName='""Id""']",MaxLength,0,15
"field[FieldName='""Status""']",IsForeignKey,FALSE,TRUE
"field[FieldName='""Status""']",ForeignEntity,NULL,CustomerTenantAccessStatusType
"field[FieldName='""Status""']",NavigationPropertyName,NULL,StatusCode
"field[FieldName='""UpdatedByUserId""']",IsForeignKey,FALSE,TRUE
"field[FieldName='""UpdatedByUserId""']",ForeignEntity,NULL,User
"field[FieldName='""UpdatedByUserId""']",NavigationPropertyName,NULL,UpdatedByUser
"field[FieldName='""SearchFields""']",FieldsDataType,Text,nText
,,,
,,,
LXML File: CustomerTenantAccessCard.lxml,,,
Element,Attribute,Old Value,New Value
entity,DxmlDatabaseTypeCode,NULL,Main
entity,DxmlDatabaseSchemaCode,NULL,dbo
"field[FieldName='""CreateByUserId""']",IsForeignKey,FALSE,TRUE
"field[FieldName='""CreateByUserId""']",ForeignEntity,NULL,User
"field[FieldName='""CreateByUserId""']",NavigationPropertyName,NULL,CreateByUser
,,,
,,,
LXML File: CustomerTenantAccessCardsBatch.lxml,,,
Element,Attribute,Old Value,New Value
entity,DxmlDatabaseTypeCode,NULL,Main
entity,DxmlDatabaseSchemaCode,NULL,dbo
"field[FieldName='""Status""']",IsRequired,FALSE,TRUE
"field[FieldName='""TotalShipment""']",MaxLength,15,0
"field[FieldName='""Totalsucceeded""']",MaxLength,15,0
"field[FieldName='""TotalFailed""']",MaxLength,15,0
,,,
,,,
LXML File: CustomerTenantAccessRequest.lxml,,,
Element,Attribute,Old Value,New Value
entity,DxmlDatabaseTypeCode,NULL,Main
entity,DxmlDatabaseSchemaCode,NULL,dbo
"field[FieldName='""ForwarderId""']",IsForeignKey,FALSE,TRUE
"field[FieldName='""ForwarderId""']",ForeignEntity,NULL,HybridPartner
"field[FieldName='""ForwarderId""']",NavigationPropertyName,NULL,HybridPartnerId
"field[FieldName='""RequestStatus""']",IsForeignKey,FALSE,TRUE
"field[FieldName='""RequestStatus""']",ForeignEntity,NULL,CustomerTenantAccessStatusType
"field[FieldName='""RequestStatus""']",NavigationPropertyName,NULL,RequestStatusCode
,,,
,,,
LXML File: CustomerTenantAccessStatusType.lxml,,,
Element,Attribute,Old Value,New Value
entity,DxmlDatabaseTypeCode,NULL,Main
entity,DxmlDatabaseSchemaCode,NULL,dbo
"field[FieldName='""EnglishName""']",IsRequired,TRUE,FALSE
"field[FieldName='""LocalName""']",FieldsDataType,Text,nText
"field[FieldName='""LocalName""']",IsRequired,TRUE,FALSE
"field[FieldName='""SearchFields""']",FieldsDataType,Text,nText
,,,
,,,
LXML File: CustomsInterface.lxml,,,
Element,Attribute,Old Value,New Value
entity,DxmlDatabaseTypeCode,NULL,Main
entity,DxmlDatabaseSchemaCode,NULL,dbo
"field[FieldName='""SearchFields""']",FieldsDataType,Text,nText
,,,
,,,
LXML File: CustomsInterfaceSetting.lxml,,,
Element,Attribute,Old Value,New Value
entity,DxmlDatabaseTypeCode,NULL,Main
entity,DxmlDatabaseSchemaCode,NULL,dbo
"field[FieldName='""LocalCustomsInterfaceCode""']",IsForeignKey,FALSE,TRUE
"field[FieldName='""LocalCustomsInterfaceCode""']",ForeignEntity,NULL,CustomsInterface
"field[FieldName='""LocalCustomsInterfaceCode""']",NavigationPropertyName,NULL,LocalCustomsInterface
"field[FieldName='""ImportToUSAInterfaceCode""']",IsForeignKey,FALSE,TRUE
"field[FieldName='""ImportToUSAInterfaceCode""']",ForeignEntity,NULL,CustomsInterface
"field[FieldName='""ImportToUSAInterfaceCode""']",NavigationPropertyName,NULL,ImportToUSAInterface
"field[FieldName='""ExportFromUSAInterfaceCode""']",IsForeignKey,FALSE,TRUE
"field[FieldName='""ExportFromUSAInterfaceCode""']",ForeignEntity,NULL,CustomsInterface
"field[FieldName='""ExportFromUSAInterfaceCode""']",NavigationPropertyName,NULL,ExportFromUSAInterface
"field[FieldName='""ActivateCustomsManagementInShipments""']",MaxLength,15,0
"field[FieldName='""ArtemusOutSettingsId""']",IsForeignKey,FALSE,TRUE
"field[FieldName='""ArtemusOutSettingsId""']",ForeignEntity,NULL,FTPDetail
"field[FieldName='""ArtemusOutSettingsId""']",NavigationPropertyName,NULL,ArtemusOutSettings
"field[FieldName='""ArtemusInSettingsId""']",IsForeignKey,FALSE,TRUE
"field[FieldName='""ArtemusInSettingsId""']",ForeignEntity,NULL,FTPDetail
"field[FieldName='""ArtemusInSettingsId""']",NavigationPropertyName,NULL,ArtemusInSettings
,,,
,,,
LXML File: CustomsShipper.lxml,,,
Element,Attribute,Old Value,New Value
entity,DxmlDatabaseTypeCode,NULL,Main
entity,DxmlDatabaseSchemaCode,NULL,dbo
"field[FieldName='""Id""']",IsForeignKey,FALSE,TRUE
"field[FieldName='""Id""']",ForeignEntity,NULL,Card
"field[FieldName='""Id""']",NavigationPropertyName,NULL,Card
"field[FieldName='""ValidityStartDate""']",IsRequired,TRUE,FALSE
"field[FieldName='""ValidityStartDate""']",IsNullable,FALSE,TRUE
"field[FieldName='""ValidityEndDate""']",IsRequired,TRUE,FALSE
"field[FieldName='""ValidityEndDate""']",IsNullable,FALSE,TRUE
"field[FieldName='""SearchFields""']",IsMaxLength,TRUE,FALSE
,,,
,,,
LXML File: Department.lxml,,,
Element,Attribute,Old Value,New Value
entity,DxmlDatabaseTypeCode,NULL,Main
entity,DxmlDatabaseSchemaCode,NULL,dbo
"field[FieldName='""Id""']",MaxLength,0,15
"field[FieldName='""Notes""']",FieldsDataType,Text,nText
"field[FieldName='""InActive""']",MaxLength,15,0
"field[FieldName='""SearchFields""']",FieldsDataType,Text,nText
,,,
,,,
LXML File: DimensionsUnit.lxml,,,
Element,Attribute,Old Value,New Value
entity,DxmlDatabaseTypeCode,NULL,Main
entity,DxmlDatabaseSchemaCode,NULL,dbo
"field[FieldName='""SearchFields""']",FieldsDataType,Text,nText
,,,
,,,
LXML File: Distributor.lxml,,,
Element,Attribute,Old Value,New Value
entity,DxmlDatabaseTypeCode,NULL,Main
entity,DxmlDatabaseSchemaCode,NULL,dbo
,,,
,,,
LXML File: DocumentFilingBackupBatch.lxml,,,
Element,Attribute,Old Value,New Value
entity,DxmlDatabaseTypeCode,NULL,Main
entity,DxmlDatabaseSchemaCode,NULL,dbo
"field[FieldName='""BatchNumber""']",IsRequired,FALSE,TRUE
"field[FieldName='""Status""']",IsRequired,FALSE,TRUE
"field[FieldName='""TotalDocuments""']",MaxLength,15,0
"field[FieldName='""TotalSucceeded""']",MaxLength,15,0
"field[FieldName='""TotalFailed""']",MaxLength,15,0
,,,
,,,
LXML File: DocumentFilingBackupSetting.lxml,,,
Element,Attribute,Old Value,New Value
entity,DxmlDatabaseTypeCode,NULL,Main
entity,DxmlDatabaseSchemaCode,NULL,dbo
,,,
,,,
LXML File: DocumentFolder.lxml,,,
Element,Attribute,Old Value,New Value
entity,DxmlDatabaseTypeCode,NULL,Main
entity,DxmlDatabaseSchemaCode,NULL,dbo
"field[FieldName='""Id""']",MaxLength,0,15
"field[FieldName='""Code""']",MaxLength,10,5
"field[FieldName='""Code""']",IsRequired,TRUE,FALSE
"field[FieldName='""IsExternalFolder""']",MaxLength,15,0
"field[FieldName='""ParentFolderId""']",IsRequired,TRUE,FALSE
"field[FieldName='""ParentFolderId""']",IsForeignKey,FALSE,TRUE
"field[FieldName='""ParentFolderId""']",ForeignEntity,NULL,DocumentFolder
"field[FieldName='""ParentFolderId""']",NavigationPropertyName,NULL,ParentFolder
"field[FieldName='""SearchFields""']",FieldsDataType,Text,nText
,,,
,,,
LXML File: DocumentsExecutionLog.lxml,,,
Element,Attribute,Old Value,New Value
entity,DxmlDatabaseTypeCode,NULL,Main
entity,DxmlDatabaseSchemaCode,NULL,dbo
"field[FieldName='""Id""']",MaxLength,15,40
"field[FieldName='""StatusCode""']",IsRequired,FALSE,TRUE
"field[FieldName='""ExceptionMessage""']",IsMaxLength,FALSE,TRUE
"field[FieldName='""Logs""']",IsMaxLength,FALSE,TRUE
"field[FieldName='""Subject""']",IsRequired,FALSE,TRUE
,,,
,,,
LXML File: DocumentsFiling.lxml,,,
Element,Attribute,Old Value,New Value
entity,DxmlDatabaseTypeCode,NULL,Main
entity,DxmlDatabaseSchemaCode,NULL,dbo
"field[FieldName='""Id""']",MaxLength,0,40
"field[FieldName='""DocumentId""']",MaxLength,0,15
"field[FieldName='""DocumentId""']",IsForeignKey,FALSE,TRUE
"field[FieldName='""DocumentId""']",ForeignEntity,NULL,Document
"field[FieldName='""DocumentId""']",NavigationPropertyName,NULL,Document
"field[FieldName='""DocumentTypeId""']",IsForeignKey,FALSE,TRUE
"field[FieldName='""DocumentTypeId""']",ForeignEntity,NULL,DocumentType
"field[FieldName='""DocumentTypeId""']",NavigationPropertyName,NULL,DocumentType
"field[FieldName='""DirectionCode""']",MaxLength,4,1
"field[FieldName='""EntityId""']",MaxLength,0,15
"field[FieldName='""ObjectTableId""']",IsForeignKey,FALSE,TRUE
"field[FieldName='""ObjectTableId""']",ForeignEntity,NULL,ObjectTable
"field[FieldName='""ObjectTableId""']",NavigationPropertyName,NULL,ObjectTable
"field[FieldName='""ChildEntityId""']",MaxLength,0,15
"field[FieldName='""ChildEntityReference""']",MaxLength,0,40
"field[FieldName='""ChildObjectTableId""']",MaxLength,0,15
"field[FieldName='""ChildObjectTableId""']",IsForeignKey,FALSE,TRUE
"field[FieldName='""ChildObjectTableId""']",ForeignEntity,NULL,ObjectTable
"field[FieldName='""ChildObjectTableId""']",NavigationPropertyName,NULL,ChildObjectTable
"field[FieldName='""Notes""']",FieldsDataType,Text,nText
"field[FieldName='""Notes""']",MaxLength,0,250
"field[FieldName='""CreatedByUserId""']",IsForeignKey,FALSE,TRUE
"field[FieldName='""CreatedByUserId""']",ForeignEntity,NULL,User
"field[FieldName='""CreatedByUserId""']",NavigationPropertyName,NULL,CreatedByUser
"field[FieldName='""OwnerId""']",IsForeignKey,FALSE,TRUE
"field[FieldName='""OwnerId""']",ForeignEntity,NULL,User
"field[FieldName='""OwnerId""']",NavigationPropertyName,NULL,Owner
"field[FieldName='""Description""']",FieldsDataType,Text,nText
"field[FieldName='""Description""']",MaxLength,250,256
"field[FieldName='""SearchFields""']",FieldsDataType,Text,nText
"field[FieldName='""CreateDate""']",MaxLength,1,0
"field[FieldName='""UpdatedByUserId""']",MaxLength,0,15
"field[FieldName='""UpdatedByUserId""']",IsRequired,FALSE,TRUE
"field[FieldName='""UpdatedByUserId""']",IsForeignKey,FALSE,TRUE
"field[FieldName='""UpdatedByUserId""']",ForeignEntity,NULL,User
"field[FieldName='""UpdatedByUserId""']",NavigationPropertyName,NULL,UpdatedByUser
"field[FieldName='""ReceivedByUserId""']",MaxLength,0,15
"field[FieldName='""ReceivedByUserId""']",IsForeignKey,FALSE,TRUE
"field[FieldName='""ReceivedByUserId""']",ForeignEntity,NULL,User
"field[FieldName='""ReceivedByUserId""']",NavigationPropertyName,NULL,ReceivedByUser
"field[FieldName='""StatusCode""']",MaxLength,0,4
"field[FieldName='""StatusCode""']",IsForeignKey,FALSE,TRUE
"field[FieldName='""StatusCode""']",ForeignEntity,NULL,DocumentStatus
"field[FieldName='""StatusCode""']",NavigationPropertyName,NULL,DocumentStatus
"field[FieldName='""EntityReference""']",MaxLength,0,40
"field[FieldName='""ExternalEntityName""']",MaxLength,0,12
"field[FieldName='""ExternalEntityReference""']",MaxLength,0,35
"field[FieldName='""FolderId""']",MaxLength,0,15
"field[FieldName='""FolderId""']",IsForeignKey,FALSE,TRUE
"field[FieldName='""FolderId""']",ForeignEntity,NULL,DocumentFolder
"field[FieldName='""FolderId""']",NavigationPropertyName,NULL,Folder
"field[FieldName='""DeletedByUserId""']",MaxLength,0,15
"field[FieldName='""DeletedByUserId""']",IsForeignKey,FALSE,TRUE
"field[FieldName='""DeletedByUserId""']",ForeignEntity,NULL,User
"field[FieldName='""DeletedByUserId""']",NavigationPropertyName,NULL,DeletedByUser
"field[FieldName='""SignersList""']",FieldsDataType,Text,nText
"field[FieldName='""SignersList""']",MaxLength,0,256
"field[FieldName='""BranchId""']",MaxLength,0,15
"field[FieldName='""BranchId""']",IsForeignKey,FALSE,TRUE
"field[FieldName='""BranchId""']",ForeignEntity,NULL,Branch
"field[FieldName='""BranchId""']",NavigationPropertyName,NULL,Branch
"field[FieldName='""DepartmentId""']",MaxLength,0,15
"field[FieldName='""DepartmentId""']",IsForeignKey,FALSE,TRUE
"field[FieldName='""DepartmentId""']",ForeignEntity,NULL,Department
"field[FieldName='""DepartmentId""']",NavigationPropertyName,NULL,Department
"field[FieldName='""ForwarderDocumentId""']",MaxLength,0,40
"field[FieldName='""CustomerDocumentId""']",MaxLength,0,40
"field[FieldName='""SecurityId""']",MaxLength,0,60
"field[FieldName='""SignRequestByUserEmail""']",FieldsDataType,Text,nText
"field[FieldName='""SignRequestByUserEmail""']",MaxLength,0,256
"field[FieldName='""OrigionalDocumentId""']",MaxLength,0,15
"field[FieldName='""ComputedForwarderDocumentId""']",MaxLength,0,40
,,,
,,,
LXML File: DocumentType.lxml,,,
Element,Attribute,Old Value,New Value
entity,DxmlDatabaseTypeCode,NULL,Main
entity,DxmlDatabaseSchemaCode,NULL,dbo
"field[FieldName='""Id""']",MaxLength,0,15
"field[FieldName='""Notes""']",FieldsDataType,Text,nText
"field[FieldName='""Notes""']",MaxLength,0,250
"field[FieldName='""IsAir""']",MaxLength,15,0
"field[FieldName='""IsOcean""']",MaxLength,15,0
"field[FieldName='""IsInland""']",MaxLength,15,0
"field[FieldName='""IsDocIn""']",MaxLength,15,0
"field[FieldName='""IsDocOut""']",MaxLength,15,0
"field[FieldName='""IsMaster""']",MaxLength,15,0
"field[FieldName='""IsDirect""']",MaxLength,15,0
"field[FieldName='""IsHouse""']",MaxLength,15,0
"field[FieldName='""SearchFields""']",FieldsDataType,Text,nText
"field[FieldName='""ObjectTableId""']",IsForeignKey,FALSE,TRUE
"field[FieldName='""ObjectTableId""']",ForeignEntity,NULL,ObjectTable
"field[FieldName='""ObjectTableId""']",NavigationPropertyName,NULL,ObjectTable
"field[FieldName='""Subject""']",FieldsDataType,Text,nText
"field[FieldName='""Subject""']",MaxLength,0,500
"field[FieldName='""DocumentTypeDefaultReportTemplateId""']",MaxLength,0,15
"field[FieldName='""DocumentTypeDefaultHTMLTemplateId""']",MaxLength,0,15
"field[FieldName='""DocumentTypeDefaultEditorTool""']",MaxLength,0,1
"field[FieldName='""TemplateFormatCode""']",MaxLength,15,4
"field[FieldName='""TemplateFormatCode""']",IsForeignKey,FALSE,TRUE
"field[FieldName='""TemplateFormatCode""']",ForeignEntity,NULL,TemplateFormat
"field[FieldName='""TemplateFormatCode""']",NavigationPropertyName,NULL,TemplateFormat
"field[FieldName='""CustomControl""']",MaxLength,0,250
"field[FieldName='""CustomerRoleId""']",MaxLength,0,15
"field[FieldName='""CustomerRoleId""']",IsForeignKey,FALSE,TRUE
"field[FieldName='""CustomerRoleId""']",ForeignEntity,NULL,Role
"field[FieldName='""CustomerRoleId""']",NavigationPropertyName,NULL,CustomerRole
"field[FieldName='""AgentRoleId""']",MaxLength,0,15
"field[FieldName='""AgentRoleId""']",IsForeignKey,FALSE,TRUE
"field[FieldName='""AgentRoleId""']",ForeignEntity,NULL,Role
"field[FieldName='""AgentRoleId""']",NavigationPropertyName,NULL,AgentRole
"field[FieldName='""IsDocumentOneTimePrintLimited""']",MaxLength,15,0
"field[FieldName='""DocumentsDataProviderCode""']",MaxLength,0,10
"field[FieldName='""DocumentsDataProviderCode""']",IsForeignKey,FALSE,TRUE
"field[FieldName='""DocumentsDataProviderCode""']",ForeignEntity,NULL,DocumentsDataProvider
"field[FieldName='""DocumentsDataProviderCode""']",NavigationPropertyName,NULL,DocumentsDataProvider
"field[FieldName='""IsAgentSharedInMaster""']",MaxLength,15,0
"field[FieldName='""IsAgentSharedInDirect""']",MaxLength,15,0
"field[FieldName='""IsAgentSharedInHouse""']",MaxLength,15,0
"field[FieldName='""SharedDocumentTypeCopyId""']",MaxLength,0,15
"field[FieldName='""IsSystemAdditionalPrintingFields""']",MaxLength,15,0
"field[FieldName='""IsCustomerView""']",MaxLength,1,0
"field[FieldName='""IsAgentView""']",MaxLength,1,0
"field[FieldName='""DocumentTypeCategoryCode""']",IsForeignKey,FALSE,TRUE
"field[FieldName='""DocumentTypeCategoryCode""']",ForeignEntity,NULL,DocumentTypeCategory
"field[FieldName='""DocumentTypeCategoryCode""']",NavigationPropertyName,NULL,DocumentTypeCategory
,,,
,,,
LXML File: DocumentTypeCategory.lxml,,,
Element,Attribute,Old Value,New Value
entity,DxmlDatabaseTypeCode,NULL,Main
entity,DxmlDatabaseSchemaCode,NULL,dbo
"field[FieldName='""SearchFields""']",FieldsDataType,Text,nText
,,,
,,,
LXML File: DocumentTypeCopy.lxml,,,
Element,Attribute,Old Value,New Value
entity,DxmlDatabaseTypeCode,NULL,Main
entity,DxmlDatabaseSchemaCode,NULL,dbo
"field[FieldName='""Id""']",MaxLength,0,15
"field[FieldName='""Code""']",MaxLength,0,7
"field[FieldName='""Code""']",IsRequired,FALSE,TRUE
"field[FieldName='""Name""']",MaxLength,0,40
"field[FieldName='""Name""']",IsRequired,FALSE,TRUE
"field[FieldName='""DocumentTypeId""']",MaxLength,0,15
"field[FieldName='""DocumentTypeId""']",IsRequired,FALSE,TRUE
"field[FieldName='""DocumentTypeId""']",IsForeignKey,FALSE,TRUE
"field[FieldName='""DocumentTypeId""']",ForeignEntity,NULL,DocumentType
"field[FieldName='""DocumentTypeId""']",NavigationPropertyName,NULL,DocumentType
,,,
,,,
LXML File: DocumentTypeCustomField.lxml,,,
Element,Attribute,Old Value,New Value
entity,DxmlDatabaseTypeCode,NULL,Main
entity,DxmlDatabaseSchemaCode,NULL,dbo
"field[FieldName='""Id""']",MaxLength,0,15
"field[FieldName='""DocumentTypeId""']",IsForeignKey,FALSE,TRUE
"field[FieldName='""DocumentTypeId""']",ForeignEntity,NULL,DocumentType
"field[FieldName='""DocumentTypeId""']",NavigationPropertyName,NULL,DocumentType
"field[FieldName='""FieldDataTypeCode""']",IsForeignKey,FALSE,TRUE
"field[FieldName='""FieldDataTypeCode""']",ForeignEntity,NULL,FieldDataType
"field[FieldName='""FieldDataTypeCode""']",NavigationPropertyName,NULL,FieldDataType
"field[FieldName='""InActive""']",MaxLength,15,0
"field[FieldName='""IsRequired""']",MaxLength,15,0
"field[FieldName='""DefaultValue""']",FieldsDataType,Text,nText
"field[FieldName='""MultiLine""']",MaxLength,15,0
,,,
,,,
LXML File: DocumentTypeTemplate.lxml,,,
Element,Attribute,Old Value,New Value
entity,DxmlDatabaseTypeCode,NULL,Main
entity,DxmlDatabaseSchemaCode,NULL,dbo
"field[FieldName='""TemplateBody""']",FieldsDataType,Text,Binary
"field[FieldName='""TemplateBody""']",IsMaxLength,FALSE,TRUE
"field[FieldName='""TemplateType""']",MaxLength,1000,1
"field[FieldName='""TemplateType""']",IsRequired,FALSE,TRUE
"field[FieldName='""LastUpdatedByUserId""']",IsForeignKey,FALSE,TRUE
"field[FieldName='""LastUpdatedByUserId""']",ForeignEntity,NULL,User
"field[FieldName='""LastUpdatedByUserId""']",NavigationPropertyName,NULL,LastUpdatedByUser
"field[FieldName='""DocumentTypeId""']",IsRequired,FALSE,TRUE
"field[FieldName='""DocumentTypeId""']",IsForeignKey,FALSE,TRUE
"field[FieldName='""DocumentTypeId""']",ForeignEntity,NULL,DocumentType
"field[FieldName='""DocumentTypeId""']",NavigationPropertyName,NULL,DocumentType
"field[FieldName='""Subject""']",FieldsDataType,Text,nText
"field[FieldName='""TemplateFooterHtml""']",FieldsDataType,Text,Binary
"field[FieldName='""TemplateFooterHtml""']",IsMaxLength,FALSE,TRUE
"field[FieldName='""TemplateHeaderHtml""']",FieldsDataType,Text,Binary
"field[FieldName='""TemplateHeaderHtml""']",IsMaxLength,FALSE,TRUE
"field[FieldName='""TemplateBodyHtml""']",FieldsDataType,Text,Binary
"field[FieldName='""TemplateBodyHtml""']",IsMaxLength,FALSE,TRUE
"field[FieldName='""TemplateBodyjson""']",FieldsDataType,Text,Binary
"field[FieldName='""TemplateBodyjson""']",IsMaxLength,FALSE,TRUE
"field[FieldName='""OriginalTemplateId""']",IsForeignKey,FALSE,TRUE
"field[FieldName='""OriginalTemplateId""']",ForeignEntity,NULL,DocumentTypeTemplate
"field[FieldName='""OriginalTemplateId""']",NavigationPropertyName,NULL,OriginalTemplate
"field[FieldName='""From""']",FieldsDataType,Text,nText
"field[FieldName='""From""']",MaxLength,0,500
"field[FieldName='""ReplyTo""']",FieldsDataType,Text,nText
"field[FieldName='""ReplyTo""']",MaxLength,0,500
"field[FieldName='""CC""']",FieldsDataType,Text,nText
"field[FieldName='""CC""']",MaxLength,0,4000
,,,
,,,
LXML File: DueType.lxml,,,
Element,Attribute,Old Value,New Value
entity,DxmlDatabaseTypeCode,NULL,Main
entity,DxmlDatabaseSchemaCode,NULL,dbo
"field[FieldName='""SearchFields""']",FieldsDataType,Text,nText
,,,
,,,
LXML File: DWHSetting.lxml,,,
Element,Attribute,Old Value,New Value
entity,DxmlDatabaseTypeCode,NULL,Main
entity,DxmlDatabaseSchemaCode,NULL,dbo
,,,
,,,
LXML File: FeatureAccessLevel.lxml,,,
Element,Attribute,Old Value,New Value
entity,DxmlDatabaseTypeCode,NULL,Main
entity,DxmlDatabaseSchemaCode,NULL,dbo
"field[FieldName='""Name""']",IsRequired,FALSE,TRUE
,,,
,,,
LXML File: FeaturePackageType.lxml,,,
Element,Attribute,Old Value,New Value
entity,DxmlDatabaseTypeCode,NULL,Main
entity,DxmlDatabaseSchemaCode,NULL,dbo
"field[FieldName='""Name""']",IsRequired,FALSE,TRUE
,,,
,,,
LXML File: FilingInbox.lxml,,,
Element,Attribute,Old Value,New Value
entity,DxmlDatabaseTypeCode,NULL,Main
entity,DxmlDatabaseSchemaCode,NULL,dbo
"field[FieldName='""Id""']",MaxLength,0,15
"field[FieldName='""IsDeleted""']",MaxLength,1,0
"field[FieldName='""CreateDate""']",MaxLength,1,0
"field[FieldName='""UpdateDate""']",MaxLength,1,0
"field[FieldName='""UpdatedByUserId""']",IsForeignKey,FALSE,TRUE
"field[FieldName='""UpdatedByUserId""']",ForeignEntity,NULL,User
"field[FieldName='""UpdatedByUserId""']",NavigationPropertyName,NULL,UpdatedByUser
"field[FieldName='""BodyDocumentId""']",IsRequired,FALSE,TRUE
"field[FieldName='""BodyDocumentId""']",IsForeignKey,FALSE,TRUE
"field[FieldName='""BodyDocumentId""']",ForeignEntity,NULL,Document
"field[FieldName='""BodyDocumentId""']",NavigationPropertyName,NULL,BodyDocument
"field[FieldName='""SearchFields""']",FieldsDataType,Text,nText
,,,
,,,
LXML File: FilingInboxAttachment.lxml,,,
Element,Attribute,Old Value,New Value
entity,DxmlDatabaseTypeCode,NULL,Main
entity,DxmlDatabaseSchemaCode,NULL,dbo
"field[FieldName='""Id""']",MaxLength,0,15
"field[FieldName='""FileName""']",FieldsDataType,Text,nText
"field[FieldName='""FileName""']",MaxLength,0,250
"field[FieldName='""DocumentId""']",IsRequired,FALSE,TRUE
"field[FieldName='""DocumentId""']",IsForeignKey,FALSE,TRUE
"field[FieldName='""DocumentId""']",ForeignEntity,NULL,Document
"field[FieldName='""DocumentId""']",NavigationPropertyName,NULL,Document
"field[FieldName='""FilingInboxId""']",IsRequired,FALSE,TRUE
"field[FieldName='""FilingInboxId""']",IsForeignKey,FALSE,TRUE
"field[FieldName='""FilingInboxId""']",ForeignEntity,NULL,FilingInbox
"field[FieldName='""FilingInboxId""']",NavigationPropertyName,NULL,FilingInbox
,,,
,,,
LXML File: FilingInboxAttachmentLog.lxml,,,
Element,Attribute,Old Value,New Value
entity,DxmlDatabaseTypeCode,NULL,Main
entity,DxmlDatabaseSchemaCode,NULL,dbo
"field[FieldName='""Id""']",MaxLength,0,15
"field[FieldName='""DocumentsFilingId""']",IsRequired,FALSE,TRUE
"field[FieldName='""DocumentsFilingId""']",IsForeignKey,FALSE,TRUE
"field[FieldName='""DocumentsFilingId""']",ForeignEntity,NULL,DocumentsFiling
"field[FieldName='""DocumentsFilingId""']",NavigationPropertyName,NULL,DocumentsFiling
"field[FieldName='""FilingInboxAttachmentId""']",IsRequired,FALSE,TRUE
"field[FieldName='""FilingInboxAttachmentId""']",IsForeignKey,FALSE,TRUE
"field[FieldName='""FilingInboxAttachmentId""']",ForeignEntity,NULL,FilingInboxAttachment
"field[FieldName='""FilingInboxAttachmentId""']",NavigationPropertyName,NULL,FilingInboxAttachment
,,,
,,,
LXML File: FTPDetail.lxml,,,
Element,Attribute,Old Value,New Value
entity,DxmlDatabaseTypeCode,NULL,Main
entity,DxmlDatabaseSchemaCode,NULL,dbo
"field[FieldName='""Id""']",MaxLength,0,15
"field[FieldName='""InActive""']",MaxLength,100,0
"field[FieldName='""UseSFTP""']",MaxLength,100,0
"field[FieldName='""CreatedByUserId""']",MaxLength,0,15
"field[FieldName='""CreatedByUserId""']",IsForeignKey,FALSE,TRUE
"field[FieldName='""CreatedByUserId""']",ForeignEntity,NULL,User
"field[FieldName='""CreatedByUserId""']",NavigationPropertyName,NULL,CreatedByUser
"field[FieldName='""UpdatedByUserId""']",MaxLength,0,15
"field[FieldName='""UpdatedByUserId""']",IsForeignKey,FALSE,TRUE
"field[FieldName='""UpdatedByUserId""']",ForeignEntity,NULL,User
"field[FieldName='""UpdatedByUserId""']",NavigationPropertyName,NULL,UpdatedByUser
,,,
,,,
LXML File: GlobalZone.lxml,,,
Element,Attribute,Old Value,New Value
entity,DxmlDatabaseTypeCode,NULL,Main
entity,DxmlDatabaseSchemaCode,NULL,dbo
"field[FieldName='""Id""']",MaxLength,0,15
"field[FieldName='""Notes""']",FieldsDataType,Text,nText
"field[FieldName='""Notes""']",MaxLength,0,250
"field[FieldName='""InActive""']",MaxLength,15,0
"field[FieldName='""SearchFields""']",FieldsDataType,Text,nText
,,,
,,,
LXML File: HybridPartner.lxml,,,
Element,Attribute,Old Value,New Value
entity,DxmlDatabaseTypeCode,NULL,Main
entity,DxmlDatabaseSchemaCode,NULL,dbo
"field[FieldName='""Id""']",MaxLength,0,15
"field[FieldName='""LocalName""']",FieldsDataType,Text,nText
"field[FieldName='""LogoId""']",MaxLength,0,15
"field[FieldName='""LogoId""']",IsForeignKey,FALSE,TRUE
"field[FieldName='""LogoId""']",ForeignEntity,NULL,ImageDetail
"field[FieldName='""LogoId""']",NavigationPropertyName,NULL,ImageDetail
"field[FieldName='""SmallLogoId""']",MaxLength,0,15
"field[FieldName='""SmallLogoId""']",IsForeignKey,FALSE,TRUE
"field[FieldName='""SmallLogoId""']",ForeignEntity,NULL,ImageDetail
"field[FieldName='""SmallLogoId""']",NavigationPropertyName,NULL,ImageDetail1
"field[FieldName='""SearchFields""']",FieldsDataType,Text,nText
"field[FieldName='""SearchFields""']",MaxLength,0,1000
,,,
,,,
LXML File: HybridTenantState.lxml,,,
Element,Attribute,Old Value,New Value
entity,DBTableName,HybridTenantState,HybridTenantStates
entity,DxmlDatabaseTypeCode,NULL,Main
entity,DxmlDatabaseSchemaCode,NULL,dbo
,,,
,,,
LXML File: HybridTenantThreshold.lxml,,,
Element,Attribute,Old Value,New Value
entity,DxmlDatabaseTypeCode,NULL,Main
entity,DxmlDatabaseSchemaCode,NULL,dbo
,,,
,,,
LXML File: Incoterm.lxml,,,
Element,Attribute,Old Value,New Value
entity,DxmlDatabaseTypeCode,NULL,Main
entity,DxmlDatabaseSchemaCode,NULL,dbo
"field[FieldName='""Id""']",MaxLength,0,15
"field[FieldName='""Freight""']",IsForeignKey,FALSE,TRUE
"field[FieldName='""Freight""']",ForeignEntity,NULL,PrepaidCollect
"field[FieldName='""Freight""']",NavigationPropertyName,NULL,FreightPrepaidCollect
"field[FieldName='""OtherCharges""']",IsForeignKey,FALSE,TRUE
"field[FieldName='""OtherCharges""']",ForeignEntity,NULL,PrepaidCollect
"field[FieldName='""OtherCharges""']",NavigationPropertyName,NULL,OtherChargesPrepaidCollect
"field[FieldName='""AddedManually""']",MaxLength,15,0
"field[FieldName='""InActive""']",MaxLength,15,0
"field[FieldName='""Notes""']",FieldsDataType,Text,nText
"field[FieldName='""SearchFields""']",FieldsDataType,Text,nText
,,,
,,,
LXML File: Industry.lxml,,,
Element,Attribute,Old Value,New Value
entity,DxmlDatabaseTypeCode,NULL,Main
entity,DxmlDatabaseSchemaCode,NULL,dbo
"field[FieldName='""Id""']",MaxLength,0,15
"field[FieldName='""InActive""']",MaxLength,15,0
,,,
,,,
LXML File: INTTRABranchRegisteredCarrier.lxml,,,
Element,Attribute,Old Value,New Value
entity,DxmlDatabaseTypeCode,NULL,Main
entity,DxmlDatabaseSchemaCode,NULL,dbo
"field[FieldName='""Id""']",MaxLength,0,15
"field[FieldName='""UpdateDate""']",MaxLength,1,0
"field[FieldName='""UpdatedByUserId""']",IsRequired,FALSE,TRUE
"field[FieldName='""UpdatedByUserId""']",IsForeignKey,FALSE,TRUE
"field[FieldName='""UpdatedByUserId""']",ForeignEntity,NULL,User
"field[FieldName='""UpdatedByUserId""']",NavigationPropertyName,NULL,UpdatedByUser
"field[FieldName='""ShippingLineId""']",IsRequired,FALSE,TRUE
"field[FieldName='""ShippingLineId""']",IsForeignKey,FALSE,TRUE
"field[FieldName='""ShippingLineId""']",ForeignEntity,NULL,ShippingLine
"field[FieldName='""ShippingLineId""']",NavigationPropertyName,NULL,ShippingLine
"field[FieldName='""BranchId""']",IsRequired,FALSE,TRUE
"field[FieldName='""BranchId""']",IsForeignKey,FALSE,TRUE
"field[FieldName='""BranchId""']",ForeignEntity,NULL,Branch
"field[FieldName='""BranchId""']",NavigationPropertyName,NULL,Branch
,,,
,,,
LXML File: INTTRASetting.lxml,,,
Element,Attribute,Old Value,New Value
entity,DxmlDatabaseTypeCode,NULL,Main
entity,DxmlDatabaseSchemaCode,NULL,dbo
"field[FieldName='""Id""']",MaxLength,0,15
"field[FieldName='""OutSettingsId""']",IsForeignKey,FALSE,TRUE
"field[FieldName='""OutSettingsId""']",ForeignEntity,NULL,FTPDetail
"field[FieldName='""OutSettingsId""']",NavigationPropertyName,NULL,OutFTPDetail
"field[FieldName='""InSettingsId""']",IsForeignKey,FALSE,TRUE
"field[FieldName='""InSettingsId""']",ForeignEntity,NULL,FTPDetail
"field[FieldName='""InSettingsId""']",NavigationPropertyName,NULL,InFTPDetail
"field[FieldName='""INTTRASettingModeCode""']",IsForeignKey,FALSE,TRUE
"field[FieldName='""INTTRASettingModeCode""']",ForeignEntity,NULL,INTTRASettingMode
"field[FieldName='""INTTRASettingModeCode""']",NavigationPropertyName,NULL,INTTRASettingMode
,,,
,,,
LXML File: INTTRASettingMode.lxml,,,
Element,Attribute,Old Value,New Value
entity,DxmlDatabaseTypeCode,NULL,Main
entity,DxmlDatabaseSchemaCode,NULL,dbo
"field[FieldName='""SearchFields""']",FieldsDataType,Text,nText
,,,
,,,
LXML File: LeadSource.lxml,,,
Element,Attribute,Old Value,New Value
entity,DxmlDatabaseTypeCode,NULL,Main
entity,DxmlDatabaseSchemaCode,NULL,dbo
"field[FieldName='""Id""']",MaxLength,0,15
"field[FieldName='""InActive""']",MaxLength,15,0
,,,
,,,
LXML File: LoginPolicy.lxml,,,
Element,Attribute,Old Value,New Value
entity,DxmlDatabaseTypeCode,NULL,Main
entity,DxmlDatabaseSchemaCode,NULL,dbo
"field[FieldName='""SearchFields""']",FieldsDataType,Text,nText
,,,
,,,
LXML File: LogitudeMessagesTransmissionLog.lxml,,,
Element,Attribute,Old Value,New Value
entity,DxmlDatabaseTypeCode,NULL,Main
entity,DxmlDatabaseSchemaCode,NULL,dbo
"field[FieldName='""Id""']",MaxLength,0,15
"field[FieldName='""Tenant""']",MaxLength,1,0
"field[FieldName='""SourceTenant""']",MaxLength,1,0
"field[FieldName='""HAWB""']",MaxLength,0,20
"field[FieldName='""SentDate""']",MaxLength,3,0
"field[FieldName='""ParticipantId""']",MaxLength,0,15
"field[FieldName='""Pieces""']",MaxLength,3,0
"field[FieldName='""GrossWeight""']",NumberOfDigits,0,18
"field[FieldName='""GrossWeight""']",DigitsAfterPoint,0,2
"field[FieldName='""GrossWeight""']",MaxLength,10,0
"field[FieldName='""ChargeableWeight""']",NumberOfDigits,0,18
"field[FieldName='""ChargeableWeight""']",DigitsAfterPoint,0,2
"field[FieldName='""ChargeableWeight""']",MaxLength,3,0
"field[FieldName='""Volume""']",NumberOfDigits,0,18
"field[FieldName='""Volume""']",DigitsAfterPoint,0,2
"field[FieldName='""Volume""']",MaxLength,15,0
"field[FieldName='""DirectParticipant""']",MaxLength,60,0
"field[FieldName='""IsUpdatedinAirlineTenant""']",MaxLength,1,0
,,,
,,,
LXML File: MAWBStack.lxml,,,
Element,Attribute,Old Value,New Value
entity,DxmlDatabaseTypeCode,NULL,Main
entity,DxmlDatabaseSchemaCode,NULL,dbo
"field[FieldName='""Id""']",MaxLength,0,15
"field[FieldName='""AirlineId""']",IsForeignKey,FALSE,TRUE
"field[FieldName='""AirlineId""']",ForeignEntity,NULL,Airline
"field[FieldName='""AirlineId""']",NavigationPropertyName,NULL,Airline
"field[FieldName='""Notes""']",FieldsDataType,Text,nText
"field[FieldName='""AssignedToId""']",IsRequired,TRUE,FALSE
"field[FieldName='""AssignedToId""']",IsForeignKey,FALSE,TRUE
"field[FieldName='""AssignedToId""']",ForeignEntity,NULL,Card
"field[FieldName='""AssignedToId""']",NavigationPropertyName,NULL,AssignedToCard
,,,
,,,
LXML File: Measurement.lxml,,,
Element,Attribute,Old Value,New Value
entity,DxmlDatabaseTypeCode,NULL,Main
entity,DxmlDatabaseSchemaCode,NULL,dbo
"field[FieldName='""Id""']",MaxLength,0,15
"field[FieldName='""InActive""']",MaxLength,1,0
"field[FieldName='""IsContainerMeasurement""']",MaxLength,1,0
"field[FieldName='""IsContainer""']",MaxLength,1,0
,,,
,,,
LXML File: MetodoPago.lxml,,,
Element,Attribute,Old Value,New Value
entity,DxmlDatabaseTypeCode,NULL,Main
entity,DxmlDatabaseSchemaCode,NULL,dbo
"field[FieldName='""Code""']",MaxLength,10,3
"field[FieldName='""SearchFields""']",FieldsDataType,Text,nText
,,,
,,,
LXML File: NumberFormat.lxml,,,
Element,Attribute,Old Value,New Value
entity,DxmlDatabaseTypeCode,NULL,Main
entity,DxmlDatabaseSchemaCode,NULL,dbo
"field[FieldName='""Code""']",MaxLength,1,4
"field[FieldName='""SearchFields""']",FieldsDataType,Text,nText
,,,
,,,
LXML File: Package.lxml,,,
Element,Attribute,Old Value,New Value
entity,DxmlDatabaseTypeCode,NULL,Main
entity,DxmlDatabaseSchemaCode,NULL,dbo
"field[FieldName='""SearchFields""']",FieldsDataType,Text,nText
"field[FieldName='""InActive""']",MaxLength,1,0
"field[FieldName='""FeaturePackageTypeCode""']",IsForeignKey,FALSE,TRUE
"field[FieldName='""FeaturePackageTypeCode""']",ForeignEntity,NULL,FeaturePackageType
"field[FieldName='""FeaturePackageTypeCode""']",NavigationPropertyName,NULL,FeaturePackageType
,,,
,,,
LXML File: PackageConnectedPackage.lxml,,,
Element,Attribute,Old Value,New Value
entity,DxmlDatabaseTypeCode,NULL,Main
entity,DxmlDatabaseSchemaCode,NULL,dbo
"field[FieldName='""PackageCode""']",IsRequired,FALSE,TRUE
"field[FieldName='""PackageCode""']",IsForeignKey,FALSE,TRUE
"field[FieldName='""PackageCode""']",ForeignEntity,NULL,Package
"field[FieldName='""PackageCode""']",NavigationPropertyName,NULL,Package
"field[FieldName='""ConnectedPackageCode""']",IsRequired,FALSE,TRUE
"field[FieldName='""ConnectedPackageCode""']",IsForeignKey,FALSE,TRUE
"field[FieldName='""ConnectedPackageCode""']",ForeignEntity,NULL,Package
"field[FieldName='""ConnectedPackageCode""']",NavigationPropertyName,NULL,ConnectedPackage
,,,
,,,
LXML File: PackageType.lxml,,,
Element,Attribute,Old Value,New Value
entity,DxmlDatabaseTypeCode,NULL,Main
entity,DxmlDatabaseSchemaCode,NULL,dbo
"field[FieldName='""Id""']",MaxLength,0,15
"field[FieldName='""IsOcean""']",MaxLength,15,0
"field[FieldName='""IsAir""']",MaxLength,15,0
"field[FieldName='""IsInland""']",MaxLength,15,0
"field[FieldName='""AddedManually""']",MaxLength,15,0
"field[FieldName='""Notes""']",FieldsDataType,Text,nText
"field[FieldName='""IsContainer""']",MaxLength,15,0
"field[FieldName='""TEU""']",MaxLength,15,0
"field[FieldName='""ContainerSize""']",MaxLength,15,0
"field[FieldName='""Volume""']",NumberOfDigits,0,18
"field[FieldName='""Volume""']",MaxLength,15,0
"field[FieldName='""InActive""']",MaxLength,15,0
"field[FieldName='""MeasurementId""']",MaxLength,0,15
"field[FieldName='""MeasurementId""']",IsForeignKey,FALSE,TRUE
"field[FieldName='""MeasurementId""']",ForeignEntity,NULL,Measurement
"field[FieldName='""MeasurementId""']",NavigationPropertyName,NULL,Measurement
"field[FieldName='""SearchFields""']",FieldsDataType,Text,nText
"field[FieldName='""IsRefrigerated""']",MaxLength,1,0
,,,
,,,
LXML File: Participant.lxml,,,
Element,Attribute,Old Value,New Value
entity,DxmlDatabaseTypeCode,NULL,Main
entity,DxmlDatabaseSchemaCode,NULL,dbo
"field[FieldName='""Id""']",MaxLength,0,15
"field[FieldName='""Id""']",IsForeignKey,FALSE,TRUE
"field[FieldName='""Id""']",ForeignEntity,NULL,Card
"field[FieldName='""Id""']",NavigationPropertyName,NULL,Card
"field[FieldName='""ForwarderTenant""']",MaxLength,100,0
"field[FieldName='""ForwarderTenant""']",IsForeignKey,FALSE,TRUE
"field[FieldName='""ForwarderTenant""']",ForeignEntity,NULL,Tenant
"field[FieldName='""ForwarderTenant""']",NavigationPropertyName,NULL,Forwarder
"field[FieldName='""Registered""']",MaxLength,100,0
"field[FieldName='""RegistrationRequested""']",MaxLength,100,0
"field[FieldName='""RegistrationUpdatedBy""']",MaxLength,0,60
"field[FieldName='""IsDirect""']",MaxLength,100,0
,,,
,,,
LXML File: PartnerType.lxml,,,
Element,Attribute,Old Value,New Value
entity,DxmlDatabaseTypeCode,NULL,Main
entity,DxmlDatabaseSchemaCode,NULL,dbo
"field[FieldName='""SearchFields""']",FieldsDataType,Text,nText
,,,
,,,
LXML File: PasswordPolicy.lxml,,,
Element,Attribute,Old Value,New Value
entity,DxmlDatabaseTypeCode,NULL,Main
entity,DxmlDatabaseSchemaCode,NULL,dbo
"field[FieldName='""Code""']",MaxLength,2,4
"field[FieldName='""PasswordStrength""']",FieldsDataType,Text,nText
"field[FieldName='""SearchFields""']",FieldsDataType,Text,nText
,,,
,,,
LXML File: PaymentGatewayPartner.lxml,,,
Element,Attribute,Old Value,New Value
entity,DxmlDatabaseTypeCode,NULL,Main
entity,DxmlDatabaseSchemaCode,NULL,dbo
"field[FieldName='""Name""']",IsRequired,FALSE,TRUE
"field[FieldName='""SearchFields""']",IsMaxLength,TRUE,FALSE
,,,
,,,
LXML File: PaymentTerm.lxml,,,
Element,Attribute,Old Value,New Value
entity,DxmlDatabaseTypeCode,NULL,Main
entity,DxmlDatabaseSchemaCode,NULL,dbo
"field[FieldName='""Id""']",MaxLength,0,15
"field[FieldName='""InActive""']",MaxLength,1,0
"field[FieldName='""AddedManually""']",MaxLength,1,0
"field[FieldName='""Days""']",MaxLength,15,0
"field[FieldName='""DisplayInLOV""']",MaxLength,40,0
"field[FieldName='""SearchFields""']",FieldsDataType,Text,nText
"field[FieldName='""ExternalId""']",MaxLength,0,25
"field[FieldName='""IsManuallySet""']",MaxLength,1,0
"field[FieldName='""CurrentMonth""']",MaxLength,1,0
"field[FieldName='""FromDateTypeCode""']",IsForeignKey,FALSE,TRUE
"field[FieldName='""FromDateTypeCode""']",ForeignEntity,NULL,PaymentTermDateType
"field[FieldName='""FromDateTypeCode""']",NavigationPropertyName,NULL,FromDateType
,,,
,,,
LXML File: PaymentTermDateType.lxml,,,
Element,Attribute,Old Value,New Value
entity,DxmlDatabaseTypeCode,NULL,Main
entity,DxmlDatabaseSchemaCode,NULL,dbo
,,,
,,,
LXML File: Port.lxml,,,
Element,Attribute,Old Value,New Value
entity,DxmlDatabaseTypeCode,NULL,Main
entity,DxmlDatabaseSchemaCode,NULL,dbo
"field[FieldName='""Id""']",MaxLength,0,15
"field[FieldName='""Notes""']",FieldsDataType,Text,nText
"field[FieldName='""CountryId""']",IsForeignKey,FALSE,TRUE
"field[FieldName='""CountryId""']",ForeignEntity,NULL,Country
"field[FieldName='""CountryId""']",NavigationPropertyName,NULL,Country
"field[FieldName='""InActive""']",MaxLength,15,0
"field[FieldName='""IsAir""']",MaxLength,15,0
"field[FieldName='""IsOcean""']",MaxLength,15,0
"field[FieldName='""IsInland""']",MaxLength,15,0
"field[FieldName='""AddedManually""']",MaxLength,15,0
"field[FieldName='""Latitude""']",MaxLength,15,0
"field[FieldName='""Longtitude""']",MaxLength,15,0
"field[FieldName='""Field1""']",FieldsDataType,Text,nText
"field[FieldName='""Field1""']",MaxLength,0,250
"field[FieldName='""Field2""']",FieldsDataType,Text,nText
"field[FieldName='""Field2""']",MaxLength,0,250
"field[FieldName='""Field3""']",FieldsDataType,Text,nText
"field[FieldName='""Field3""']",MaxLength,0,250
"field[FieldName='""Field4""']",FieldsDataType,Text,nText
"field[FieldName='""Field4""']",MaxLength,0,250
"field[FieldName='""Field5""']",FieldsDataType,Text,nText
"field[FieldName='""Field5""']",MaxLength,0,250
"field[FieldName='""Field6""']",FieldsDataType,Text,nText
"field[FieldName='""Field6""']",MaxLength,0,250
"field[FieldName='""Field7""']",FieldsDataType,Text,nText
"field[FieldName='""Field7""']",MaxLength,0,250
"field[FieldName='""Field8""']",FieldsDataType,Text,nText
"field[FieldName='""Field8""']",MaxLength,0,250
"field[FieldName='""Field9""']",FieldsDataType,Text,nText
"field[FieldName='""Field9""']",MaxLength,0,250
"field[FieldName='""Field10""']",FieldsDataType,Text,nText
"field[FieldName='""Field10""']",MaxLength,0,250
"field[FieldName='""SearchFields""']",FieldsDataType,Text,nText
"field[FieldName='""StateId""']",IsForeignKey,FALSE,TRUE
"field[FieldName='""StateId""']",ForeignEntity,NULL,State
"field[FieldName='""StateId""']",NavigationPropertyName,NULL,State
,,,
,,,
LXML File: ProductPeriod.lxml,,,
Element,Attribute,Old Value,New Value
entity,DxmlDatabaseTypeCode,NULL,Main
entity,DxmlDatabaseSchemaCode,NULL,dbo
"field[FieldName='""Name""']",MaxLength,20,60
"field[FieldName='""SearchFields""']",FieldsDataType,Text,nText
,,,
,,,
LXML File: ProductType.lxml,,,
Element,Attribute,Old Value,New Value
entity,DxmlDatabaseTypeCode,NULL,Main
entity,DxmlDatabaseSchemaCode,NULL,dbo
"field[FieldName='""SearchFields""']",FieldsDataType,Text,nText
,,,
,,,
LXML File: Rank.lxml,,,
Element,Attribute,Old Value,New Value
entity,DxmlDatabaseTypeCode,NULL,Main
entity,DxmlDatabaseSchemaCode,NULL,dbo
"field[FieldName='""Id""']",MaxLength,0,15
"field[FieldName='""SearchFields""']",FieldsDataType,Text,nText
,,,
,,,
LXML File: RateClass.lxml,,,
Element,Attribute,Old Value,New Value
entity,DxmlDatabaseTypeCode,NULL,Main
entity,DxmlDatabaseSchemaCode,NULL,dbo
"field[FieldName='""SearchFields""']",FieldsDataType,Text,nText
,,,
,,,
LXML File: Region.lxml,,,
Element,Attribute,Old Value,New Value
entity,DxmlDatabaseTypeCode,NULL,Main
entity,DxmlDatabaseSchemaCode,NULL,dbo
"field[FieldName='""Id""']",MaxLength,0,15
"field[FieldName='""Name""']",IsRequired,TRUE,FALSE
,,,
,,,
LXML File: RegistryDateType.lxml,,,
Element,Attribute,Old Value,New Value
entity,DxmlDatabaseTypeCode,NULL,Main
entity,DxmlDatabaseSchemaCode,NULL,dbo
"field[FieldName='""SearchFields""']",FieldsDataType,Text,nText
,,,
,,,
LXML File: Report.lxml,,,
Element,Attribute,Old Value,New Value
entity,DxmlDatabaseTypeCode,NULL,Main
entity,DxmlDatabaseSchemaCode,NULL,dbo
"field[FieldName='""Code""']",IsRequired,TRUE,FALSE
"field[FieldName='""LocalName""']",FieldsDataType,Text,nText
"field[FieldName='""LocalName""']",MaxLength,0,60
"field[FieldName='""Description""']",FieldsDataType,Text,nText
"field[FieldName='""SearchFields""']",FieldsDataType,Text,nText
"field[FieldName='""ReportGroupId""']",MaxLength,0,15
"field[FieldName='""ReportGroupId""']",IsForeignKey,FALSE,TRUE
"field[FieldName='""ReportGroupId""']",ForeignEntity,NULL,ReportGroup
"field[FieldName='""ReportGroupId""']",NavigationPropertyName,NULL,ReportGroup
"field[FieldName='""FeatureId""']",MaxLength,0,15
"field[FieldName='""FeatureId""']",IsForeignKey,FALSE,TRUE
"field[FieldName='""FeatureId""']",ForeignEntity,NULL,Feature
"field[FieldName='""FeatureId""']",NavigationPropertyName,NULL,Feature
"field[FieldName='""ReportDocumentId""']",MaxLength,0,15
"field[FieldName='""ReportDocumentId""']",IsForeignKey,FALSE,TRUE
"field[FieldName='""ReportDocumentId""']",ForeignEntity,NULL,Document
"field[FieldName='""ReportDocumentId""']",NavigationPropertyName,NULL,ReportDocument
"field[FieldName='""DefaultTemplateId""']",MaxLength,0,15
"field[FieldName='""DefaultTemplateId""']",IsForeignKey,FALSE,TRUE
"field[FieldName='""DefaultTemplateId""']",ForeignEntity,NULL,ReportsTemplate
"field[FieldName='""DefaultTemplateId""']",NavigationPropertyName,NULL,ReportsTemplate
,,,
,,,
LXML File: ReportsTemplate.lxml,,,
Element,Attribute,Old Value,New Value
entity,DxmlDatabaseTypeCode,NULL,Main
entity,DxmlDatabaseSchemaCode,NULL,dbo
"field[FieldName='""ReportId""']",IsRequired,FALSE,TRUE
"field[FieldName='""ReportId""']",IsForeignKey,FALSE,TRUE
"field[FieldName='""ReportId""']",ForeignEntity,NULL,Report
"field[FieldName='""ReportId""']",NavigationPropertyName,NULL,Report
"field[FieldName='""CreateDate""']",MaxLength,1,0
"field[FieldName='""UpdateDate""']",MaxLength,1,0
"field[FieldName='""UpdatedByUserId""']",IsRequired,FALSE,TRUE
"field[FieldName='""UpdatedByUserId""']",IsForeignKey,FALSE,TRUE
"field[FieldName='""UpdatedByUserId""']",ForeignEntity,NULL,User
"field[FieldName='""UpdatedByUserId""']",NavigationPropertyName,NULL,UpdatedByUser
"field[FieldName='""CreatedByUserId""']",IsRequired,FALSE,TRUE
"field[FieldName='""CreatedByUserId""']",IsForeignKey,FALSE,TRUE
"field[FieldName='""CreatedByUserId""']",ForeignEntity,NULL,User
"field[FieldName='""CreatedByUserId""']",NavigationPropertyName,NULL,CreatedByUser
"field[FieldName='""CurrentVersion""']",MaxLength,40,0
"field[FieldName='""IsSystem""']",MaxLength,1,0
"field[FieldName='""InActive""']",MaxLength,1,0
"field[FieldName='""From""']",FieldsDataType,Text,nText
"field[FieldName='""ReplyTo""']",FieldsDataType,Text,nText
"field[FieldName='""CC""']",FieldsDataType,Text,nText
"field[FieldName='""CC""']",MaxLength,500,4000
"field[FieldName='""Subject""']",FieldsDataType,Text,nText
,,,
,,,
LXML File: ReportsTemplatesVersion.lxml,,,
Element,Attribute,Old Value,New Value
entity,DxmlDatabaseTypeCode,NULL,Main
entity,DxmlDatabaseSchemaCode,NULL,dbo
"field[FieldName='""Id""']",MaxLength,0,15
"field[FieldName='""CreateDate""']",MaxLength,1,0
"field[FieldName='""UpdateDate""']",MaxLength,1,0
"field[FieldName='""UpdatedByUserId""']",IsRequired,FALSE,TRUE
"field[FieldName='""UpdatedByUserId""']",IsForeignKey,FALSE,TRUE
"field[FieldName='""UpdatedByUserId""']",ForeignEntity,NULL,User
"field[FieldName='""UpdatedByUserId""']",NavigationPropertyName,NULL,UpdatedByUser
"field[FieldName='""CreatedByUserId""']",IsRequired,FALSE,TRUE
"field[FieldName='""CreatedByUserId""']",IsForeignKey,FALSE,TRUE
"field[FieldName='""CreatedByUserId""']",ForeignEntity,NULL,User
"field[FieldName='""CreatedByUserId""']",NavigationPropertyName,NULL,CreatedByUser
"field[FieldName='""Version""']",MaxLength,40,0
"field[FieldName='""ReportId""']",IsRequired,FALSE,TRUE
"field[FieldName='""ReportId""']",IsForeignKey,FALSE,TRUE
"field[FieldName='""ReportId""']",ForeignEntity,NULL,Report
"field[FieldName='""ReportId""']",NavigationPropertyName,NULL,Report
"field[FieldName='""TemplateId""']",IsRequired,FALSE,TRUE
"field[FieldName='""TemplateId""']",IsForeignKey,FALSE,TRUE
"field[FieldName='""TemplateId""']",ForeignEntity,NULL,ReportsTemplate
"field[FieldName='""TemplateId""']",NavigationPropertyName,NULL,ReportsTemplate
"field[FieldName='""ReportDocumentId""']",IsForeignKey,FALSE,TRUE
"field[FieldName='""ReportDocumentId""']",ForeignEntity,NULL,Document
"field[FieldName='""ReportDocumentId""']",NavigationPropertyName,NULL,Document
,,,
,,,
LXML File: Restriction.lxml,,,
Element,Attribute,Old Value,New Value
entity,DxmlDatabaseTypeCode,NULL,Main
entity,DxmlDatabaseSchemaCode,NULL,dbo
"field[FieldName='""Id""']",MaxLength,0,15
"field[FieldName='""ObjectTableId""']",IsForeignKey,FALSE,TRUE
"field[FieldName='""ObjectTableId""']",ForeignEntity,NULL,ObjectTable
"field[FieldName='""ObjectTableId""']",NavigationPropertyName,NULL,ObjectTable
"field[FieldName='""ObjectFieldId""']",IsForeignKey,FALSE,TRUE
"field[FieldName='""ObjectFieldId""']",ForeignEntity,NULL,ObjectField
"field[FieldName='""ObjectFieldId""']",NavigationPropertyName,NULL,ObjectField
"field[FieldName='""Value""']",MaxLength,0,15
"field[FieldName='""Value""']",IsRequired,FALSE,TRUE
"field[FieldName='""ContactTenantId""']",MaxLength,0,15
"field[FieldName='""ContactTenantId""']",IsRequired,FALSE,TRUE
"field[FieldName='""ContactTenantId""']",IsForeignKey,FALSE,TRUE
"field[FieldName='""ContactTenantId""']",ForeignEntity,NULL,ContactTenant
"field[FieldName='""ContactTenantId""']",NavigationPropertyName,NULL,ContactTenant
,,,
,,,
LXML File: Role.lxml,,,
Element,Attribute,Old Value,New Value
entity,DxmlDatabaseTypeCode,NULL,Main
entity,DxmlDatabaseSchemaCode,NULL,dbo
"field[FieldName='""Id""']",MaxLength,0,15
"field[FieldName='""Code""']",IsRequired,FALSE,TRUE
"field[FieldName='""RoleTypeCode""']",IsRequired,FALSE,TRUE
"field[FieldName='""RoleTypeCode""']",IsForeignKey,FALSE,TRUE
"field[FieldName='""RoleTypeCode""']",ForeignEntity,NULL,RoleType
"field[FieldName='""RoleTypeCode""']",NavigationPropertyName,NULL,RoleType
"field[FieldName='""ParentRoleId""']",FieldsDataType,Text,nText
"field[FieldName='""IsCustomRole""']",MaxLength,1,0
"field[FieldName='""SearchFields""']",FieldsDataType,Text,nText
,,,
,,,
LXML File: ShippingAgent.lxml,,,
Element,Attribute,Old Value,New Value
entity,DxmlDatabaseTypeCode,NULL,Main
entity,DxmlDatabaseSchemaCode,NULL,dbo
"field[FieldName='""Id""']",MaxLength,0,15
"field[FieldName='""Id""']",IsForeignKey,FALSE,TRUE
"field[FieldName='""Id""']",ForeignEntity,NULL,Card
"field[FieldName='""Id""']",NavigationPropertyName,NULL,Card
"field[FieldName='""ForwarderAccountNumber""']",MaxLength,25,15
,,,
,,,
LXML File: ShippingLine.lxml,,,
Element,Attribute,Old Value,New Value
entity,DxmlDatabaseTypeCode,NULL,Main
entity,DxmlDatabaseSchemaCode,NULL,dbo
"field[FieldName='""Id""']",MaxLength,0,15
"field[FieldName='""Id""']",IsForeignKey,FALSE,TRUE
"field[FieldName='""Id""']",ForeignEntity,NULL,Card
"field[FieldName='""Id""']",NavigationPropertyName,NULL,Card
"field[FieldName='""AddedManually""']",MaxLength,15,0
"field[FieldName='""ShippingAgentId""']",IsForeignKey,FALSE,TRUE
"field[FieldName='""ShippingAgentId""']",ForeignEntity,NULL,ShippingAgent
"field[FieldName='""ShippingAgentId""']",NavigationPropertyName,NULL,ShippingAgent
"field[FieldName='""IsINTTRARegistered""']",MaxLength,1,0
,,,
,,,
LXML File: State.lxml,,,
Element,Attribute,Old Value,New Value
entity,DxmlDatabaseTypeCode,NULL,Main
entity,DxmlDatabaseSchemaCode,NULL,dbo
"field[FieldName='""Id""']",MaxLength,0,15
"field[FieldName='""Notes""']",FieldsDataType,Text,nText
"field[FieldName='""InActive""']",MaxLength,15,0
"field[FieldName='""AddedManually""']",MaxLength,15,0
"field[FieldName='""SearchFields""']",FieldsDataType,Text,nText
"field[FieldName='""CountryId""']",IsForeignKey,FALSE,TRUE
"field[FieldName='""CountryId""']",ForeignEntity,NULL,Country
"field[FieldName='""CountryId""']",NavigationPropertyName,NULL,Country
,,,
,,,
LXML File: TarrifCharge.lxml,,,
Element,Attribute,Old Value,New Value
entity,DxmlDatabaseTypeCode,NULL,Main
entity,DxmlDatabaseSchemaCode,NULL,dbo
"field[FieldName='""Id""']",MaxLength,0,15
"field[FieldName='""TarrifHeaderId""']",IsRequired,FALSE,TRUE
"field[FieldName='""TarrifHeaderId""']",IsForeignKey,FALSE,TRUE
"field[FieldName='""TarrifHeaderId""']",ForeignEntity,NULL,TarrifHeader
"field[FieldName='""TarrifHeaderId""']",NavigationPropertyName,NULL,TarrifHeader
"field[FieldName='""CurrencyId""']",IsForeignKey,FALSE,TRUE
"field[FieldName='""CurrencyId""']",ForeignEntity,NULL,Currency
"field[FieldName='""CurrencyId""']",NavigationPropertyName,NULL,Currency
"field[FieldName='""ChargesTypeId""']",IsForeignKey,FALSE,TRUE
"field[FieldName='""ChargesTypeId""']",ForeignEntity,NULL,ChargesType
"field[FieldName='""ChargesTypeId""']",NavigationPropertyName,NULL,ChargesType
"field[FieldName='""MeasurementId""']",IsForeignKey,FALSE,TRUE
"field[FieldName='""MeasurementId""']",ForeignEntity,NULL,Measurement
"field[FieldName='""MeasurementId""']",NavigationPropertyName,NULL,Measurement
"field[FieldName='""MaxPrice""']",FieldsDataType,Double,Decimal
"field[FieldName='""MinPrice""']",FieldsDataType,Double,Decimal
"field[FieldName='""UnitPrice""']",FieldsDataType,Double,Decimal
"field[FieldName='""UnitPrice""']",IsRequired,TRUE,FALSE
"field[FieldName='""UnitPrice""']",IsNullable,FALSE,TRUE
,,,
,,,
LXML File: TarrifFromTo.lxml,,,
Element,Attribute,Old Value,New Value
entity,DxmlDatabaseTypeCode,NULL,Main
entity,DxmlDatabaseSchemaCode,NULL,dbo
"field[FieldName='""Id""']",MaxLength,0,15
"field[FieldName='""TarrifHeaderId""']",IsRequired,FALSE,TRUE
"field[FieldName='""TarrifHeaderId""']",IsForeignKey,FALSE,TRUE
"field[FieldName='""TarrifHeaderId""']",ForeignEntity,NULL,TarrifHeader
"field[FieldName='""TarrifHeaderId""']",NavigationPropertyName,NULL,TarrifHeader
"field[FieldName='""PortId""']",IsForeignKey,FALSE,TRUE
"field[FieldName='""PortId""']",ForeignEntity,NULL,Port
"field[FieldName='""PortId""']",NavigationPropertyName,NULL,Port
"field[FieldName='""CountryId""']",IsForeignKey,FALSE,TRUE
"field[FieldName='""CountryId""']",ForeignEntity,NULL,Country
"field[FieldName='""CountryId""']",NavigationPropertyName,NULL,Country
"field[FieldName='""TarrifFromToTypeCode""']",IsForeignKey,FALSE,TRUE
"field[FieldName='""TarrifFromToTypeCode""']",ForeignEntity,NULL,TarrifFromToType
"field[FieldName='""TarrifFromToTypeCode""']",NavigationPropertyName,NULL,TarrifFromToType
,,,
,,,
LXML File: TarrifFromToType.lxml,,,
Element,Attribute,Old Value,New Value
entity,DxmlDatabaseTypeCode,NULL,Main
entity,DxmlDatabaseSchemaCode,NULL,dbo
,,,
,,,
LXML File: TarrifHeader.lxml,,,
Element,Attribute,Old Value,New Value
entity,DxmlDatabaseTypeCode,NULL,Main
entity,DxmlDatabaseSchemaCode,NULL,dbo
"field[FieldName='""Id""']",MaxLength,0,15
"field[FieldName='""CardId""']",IsForeignKey,FALSE,TRUE
"field[FieldName='""CardId""']",ForeignEntity,NULL,Card
"field[FieldName='""CardId""']",NavigationPropertyName,NULL,Card
"field[FieldName='""TarrifTypeCode""']",IsForeignKey,FALSE,TRUE
"field[FieldName='""TarrifTypeCode""']",ForeignEntity,NULL,TarrifType
"field[FieldName='""TarrifTypeCode""']",NavigationPropertyName,NULL,TarrifType
"field[FieldName='""FromDate""']",IsRequired,TRUE,FALSE
"field[FieldName='""FromDate""']",IsNullable,FALSE,TRUE
"field[FieldName='""Notes""']",FieldsDataType,Text,nText
"field[FieldName='""TransitTimeNotes""']",FieldsDataType,Text,nText
,,,
,,,
LXML File: TarrifStep.lxml,,,
Element,Attribute,Old Value,New Value
entity,DxmlDatabaseTypeCode,NULL,Main
entity,DxmlDatabaseSchemaCode,NULL,dbo
"field[FieldName='""Id""']",MaxLength,0,15
"field[FieldName='""TarrifHeaderId""']",IsRequired,FALSE,TRUE
"field[FieldName='""TarrifHeaderId""']",IsForeignKey,FALSE,TRUE
"field[FieldName='""TarrifHeaderId""']",ForeignEntity,NULL,TarrifHeader
"field[FieldName='""TarrifHeaderId""']",NavigationPropertyName,NULL,TarrifHeader
"field[FieldName='""Step""']",FieldsDataType,Double,Decimal
"field[FieldName='""MaxPrice""']",FieldsDataType,Double,Decimal
"field[FieldName='""MinPrice""']",FieldsDataType,Double,Decimal
"field[FieldName='""UnitPrice""']",FieldsDataType,Double,Decimal
,,,
,,,
LXML File: TarrifType.lxml,,,
Element,Attribute,Old Value,New Value
entity,DxmlDatabaseTypeCode,NULL,Main
entity,DxmlDatabaseSchemaCode,NULL,dbo
,,,
,,,
LXML File: TemperatureUnit.lxml,,,
Element,Attribute,Old Value,New Value
entity,DxmlDatabaseTypeCode,NULL,Main
entity,DxmlDatabaseSchemaCode,NULL,dbo
"field[FieldName='""SearchFields""']",FieldsDataType,Text,nText
,,,
,,,
LXML File: TemplateFormat.lxml,,,
Element,Attribute,Old Value,New Value
entity,DxmlDatabaseTypeCode,NULL,Main
entity,DxmlDatabaseSchemaCode,NULL,dbo
"field[FieldName='""SearchFields""']",FieldsDataType,Text,nText
,,,
,,,
LXML File: Tenant.lxml,,,
Element,Attribute,Old Value,New Value
entity,DxmlDatabaseTypeCode,NULL,Main
entity,DxmlDatabaseSchemaCode,NULL,dbo
"field[FieldName='""Company""']",IsRequired,FALSE,TRUE
"field[FieldName='""CurrencyId""']",IsRequired,TRUE,FALSE
"field[FieldName='""CurrencyId""']",IsForeignKey,FALSE,TRUE
"field[FieldName='""CurrencyId""']",ForeignEntity,NULL,Currency
"field[FieldName='""CurrencyId""']",NavigationPropertyName,NULL,Currency
"field[FieldName='""AddressId""']",IsForeignKey,FALSE,TRUE
"field[FieldName='""AddressId""']",ForeignEntity,NULL,Address
"field[FieldName='""AddressId""']",NavigationPropertyName,NULL,Address
"field[FieldName='""LocalAddressId""']",IsForeignKey,FALSE,TRUE
"field[FieldName='""LocalAddressId""']",ForeignEntity,NULL,Address
"field[FieldName='""LocalAddressId""']",NavigationPropertyName,NULL,LocalAddress
"field[FieldName='""DimensionsUnitCode""']",IsForeignKey,FALSE,TRUE
"field[FieldName='""DimensionsUnitCode""']",ForeignEntity,NULL,DimensionsUnit
"field[FieldName='""DimensionsUnitCode""']",NavigationPropertyName,NULL,DimensionsUnit
"field[FieldName='""VolumeUnitCode""']",IsForeignKey,FALSE,TRUE
"field[FieldName='""VolumeUnitCode""']",ForeignEntity,NULL,VolumeUnit
"field[FieldName='""VolumeUnitCode""']",NavigationPropertyName,NULL,VolumeUnit
"field[FieldName='""GrossWeightUnitCode""']",IsForeignKey,FALSE,TRUE
"field[FieldName='""GrossWeightUnitCode""']",ForeignEntity,NULL,WeightUnit
"field[FieldName='""GrossWeightUnitCode""']",NavigationPropertyName,NULL,GrossWeightUnit
"field[FieldName='""ChargeableWeightUnitCode""']",IsForeignKey,FALSE,TRUE
"field[FieldName='""ChargeableWeightUnitCode""']",ForeignEntity,NULL,WeightUnit
"field[FieldName='""ChargeableWeightUnitCode""']",NavigationPropertyName,NULL,WeightUnit
"field[FieldName='""ExportFreightPrepaidCollectId""']",MaxLength,15,1
"field[FieldName='""ExportFreightPrepaidCollectId""']",IsForeignKey,FALSE,TRUE
"field[FieldName='""ExportFreightPrepaidCollectId""']",ForeignEntity,NULL,PrepaidCollect
"field[FieldName='""ExportFreightPrepaidCollectId""']",NavigationPropertyName,NULL,ExportFreightPrepaidCollect
"field[FieldName='""ExportOtherPrepaidCollectId""']",MaxLength,15,1
"field[FieldName='""ExportOtherPrepaidCollectId""']",IsForeignKey,FALSE,TRUE
"field[FieldName='""ExportOtherPrepaidCollectId""']",ForeignEntity,NULL,PrepaidCollect
"field[FieldName='""ImportFreightPrepaidCollectId""']",MaxLength,15,1
"field[FieldName='""ImportFreightPrepaidCollectId""']",IsForeignKey,FALSE,TRUE
"field[FieldName='""ImportFreightPrepaidCollectId""']",ForeignEntity,NULL,PrepaidCollect
"field[FieldName='""ImportOtherPrepaidCollectId""']",MaxLength,15,1
"field[FieldName='""ImportOtherPrepaidCollectId""']",IsForeignKey,FALSE,TRUE
"field[FieldName='""ImportOtherPrepaidCollectId""']",ForeignEntity,NULL,PrepaidCollect
"field[FieldName='""MasterExportFreightPrepaidCollectId""']",MaxLength,15,1
"field[FieldName='""MasterExportFreightPrepaidCollectId""']",IsForeignKey,FALSE,TRUE
"field[FieldName='""MasterExportFreightPrepaidCollectId""']",ForeignEntity,NULL,PrepaidCollect
"field[FieldName='""MasterExportOtherPrepaidCollectId""']",MaxLength,15,1
"field[FieldName='""MasterExportOtherPrepaidCollectId""']",IsForeignKey,FALSE,TRUE
"field[FieldName='""MasterExportOtherPrepaidCollectId""']",ForeignEntity,NULL,PrepaidCollect
"field[FieldName='""MasterImportFreightPrepaidCollectId""']",MaxLength,15,1
"field[FieldName='""MasterImportFreightPrepaidCollectId""']",IsForeignKey,FALSE,TRUE
"field[FieldName='""MasterImportFreightPrepaidCollectId""']",ForeignEntity,NULL,PrepaidCollect
"field[FieldName='""MasterImportOtherPrepaidCollectId""']",MaxLength,15,1
"field[FieldName='""MasterImportOtherPrepaidCollectId""']",IsForeignKey,FALSE,TRUE
"field[FieldName='""MasterImportOtherPrepaidCollectId""']",ForeignEntity,NULL,PrepaidCollect
"field[FieldName='""FreightCurrencyId""']",IsForeignKey,FALSE,TRUE
"field[FieldName='""FreightCurrencyId""']",ForeignEntity,NULL,Currency
"field[FieldName='""FreightCurrencyId""']",NavigationPropertyName,NULL,FreightCurrency
"field[FieldName='""OtherChargesCurrencyId""']",IsForeignKey,FALSE,TRUE
"field[FieldName='""OtherChargesCurrencyId""']",ForeignEntity,NULL,Currency
"field[FieldName='""OtherChargesCurrencyId""']",NavigationPropertyName,NULL,OtherChargesCurrency
"field[FieldName='""DayLightStartDate""']",MaxLength,40,0
"field[FieldName='""DayLightEndDate""']",MaxLength,40,0
"field[FieldName='""QuoteSaleCurrencyId""']",IsForeignKey,FALSE,TRUE
"field[FieldName='""QuoteSaleCurrencyId""']",ForeignEntity,NULL,Currency
"field[FieldName='""QuoteSaleCurrencyId""']",NavigationPropertyName,NULL,QuoteSaleCurrency
"field[FieldName='""PasswordPolicyCode""']",IsForeignKey,FALSE,TRUE
"field[FieldName='""PasswordPolicyCode""']",ForeignEntity,NULL,PasswordPolicy
"field[FieldName='""PasswordPolicyCode""']",NavigationPropertyName,NULL,PasswordPolicy
"field[FieldName='""PaymentTermId""']",IsForeignKey,FALSE,TRUE
"field[FieldName='""PaymentTermId""']",ForeignEntity,NULL,PaymentTerm
"field[FieldName='""PaymentTermId""']",NavigationPropertyName,NULL,PaymentTerm
"field[FieldName='""ProfitCurrencyId""']",IsRequired,TRUE,FALSE
"field[FieldName='""ProfitCurrencyId""']",IsForeignKey,FALSE,TRUE
"field[FieldName='""ProfitCurrencyId""']",ForeignEntity,NULL,Currency
"field[FieldName='""ProfitCurrencyId""']",NavigationPropertyName,NULL,ProfitCurrency
"field[FieldName='""AgentId""']",IsForeignKey,FALSE,TRUE
"field[FieldName='""AgentId""']",ForeignEntity,NULL,Card
"field[FieldName='""AgentId""']",NavigationPropertyName,NULL,AgentCard
"field[FieldName='""SearchFields""']",FieldsDataType,Text,nText
"field[FieldName='""WeightMeasurementUnitCode""']",IsForeignKey,FALSE,TRUE
"field[FieldName='""WeightMeasurementUnitCode""']",ForeignEntity,NULL,WeightUnit
"field[FieldName='""WeightMeasurementUnitCode""']",NavigationPropertyName,NULL,ChargeableWeightUnit
"field[FieldName='""DateTimeFormat""']",MaxLength,40,100
"field[FieldName='""DateTimeFormat""']",IsRequired,FALSE,TRUE
"field[FieldName='""VatUniqueTypeCode""']",IsForeignKey,FALSE,TRUE
"field[FieldName='""VatUniqueTypeCode""']",ForeignEntity,NULL,VatUniqueType
"field[FieldName='""VatUniqueTypeCode""']",NavigationPropertyName,NULL,VatUniqueType
"field[FieldName='""VatUniqueCountryId""']",IsForeignKey,FALSE,TRUE
"field[FieldName='""VatUniqueCountryId""']",ForeignEntity,NULL,Country
"field[FieldName='""VatUniqueCountryId""']",NavigationPropertyName,NULL,VatUniqueCountry
"field[FieldName='""VatMandatoryCountryId""']",IsForeignKey,FALSE,TRUE
"field[FieldName='""VatMandatoryCountryId""']",ForeignEntity,NULL,Country
"field[FieldName='""VatMandatoryCountryId""']",NavigationPropertyName,NULL,VatMandatoryCountry
"field[FieldName='""VatMandatoryTypeCode""']",IsForeignKey,FALSE,TRUE
"field[FieldName='""VatMandatoryTypeCode""']",ForeignEntity,NULL,VatMandatoryType
"field[FieldName='""VatMandatoryTypeCode""']",NavigationPropertyName,NULL,VatMandatoryType
"field[FieldName='""VatMandatoryForPotentialCustomers""']",MaxLength,1,0
"field[FieldName='""CustomerId""']",IsForeignKey,FALSE,TRUE
"field[FieldName='""CustomerId""']",ForeignEntity,NULL,Card
"field[FieldName='""CustomerId""']",NavigationPropertyName,NULL,CustomerCard
"field[FieldName='""IsCustomerTenantShare""']",MaxLength,1,0
"field[FieldName='""VatFormatTypeCode""']",IsForeignKey,FALSE,TRUE
"field[FieldName='""VatFormatTypeCode""']",ForeignEntity,NULL,VatFormatType
"field[FieldName='""VatFormatTypeCode""']",NavigationPropertyName,NULL,VatFormatType
"field[FieldName='""VatFormatCountryId""']",IsForeignKey,FALSE,TRUE
"field[FieldName='""VatFormatCountryId""']",ForeignEntity,NULL,Country
"field[FieldName='""VatFormatCountryId""']",NavigationPropertyName,NULL,VatFormatCountry
"field[FieldName='""StorageEncryptionKey""']",MaxLength,0,40
"field[FieldName='""LayoutDirection""']",FieldsDataType,Text,nText
"field[FieldName='""LayoutDirection""']",IsMaxLength,FALSE,TRUE
"field[FieldName='""TemperatureUnitCode""']",IsForeignKey,FALSE,TRUE
"field[FieldName='""TemperatureUnitCode""']",ForeignEntity,NULL,TemperatureUnit
"field[FieldName='""TemperatureUnitCode""']",NavigationPropertyName,NULL,TemperatureUnit
"field[FieldName='""DefaultSLAId""']",MaxLength,0,15
"field[FieldName='""DefaultSLAId""']",IsRequired,TRUE,FALSE
"field[FieldName='""DefaultSLAId""']",IsNullable,FALSE,TRUE
"field[FieldName='""NumberFormatCode""']",IsForeignKey,FALSE,TRUE
"field[FieldName='""NumberFormatCode""']",ForeignEntity,NULL,NumberFormat
"field[FieldName='""NumberFormatCode""']",NavigationPropertyName,NULL,NumberFormat
"field[FieldName='""CheckDigitControlAlgorithmCode""']",IsRequired,FALSE,TRUE
,,,
,,,
LXML File: TenantAdditionalData.lxml,,,
Element,Attribute,Old Value,New Value
entity,DxmlDatabaseTypeCode,NULL,Main
entity,DxmlDatabaseSchemaCode,NULL,dbo
"field[FieldName='""Id""']",MaxLength,15,0
,,,
,,,
LXML File: TenantLoginPolicy.lxml,,,
Element,Attribute,Old Value,New Value
entity,DxmlDatabaseTypeCode,NULL,Main
entity,DxmlDatabaseSchemaCode,NULL,dbo
"field[FieldName='""LoginPolicyCode""']",IsForeignKey,FALSE,TRUE
"field[FieldName='""LoginPolicyCode""']",ForeignEntity,NULL,LoginPolicy
"field[FieldName='""LoginPolicyCode""']",NavigationPropertyName,NULL,LoginPolicy
"field[FieldName='""IsEnabledForSpecificUsers""']",MaxLength,1,0
"field[FieldName='""KeepUserLoggedIn""']",MaxLength,1,0
"field[FieldName='""ExcludeInternalIPs""']",MaxLength,1,0
"field[FieldName='""SessionTimeout""']",NumberOfDigits,0,18
,,,
,,,
LXML File: TermsofUseSignature.lxml,,,
Element,Attribute,Old Value,New Value
entity,DxmlDatabaseTypeCode,NULL,Main
entity,DxmlDatabaseSchemaCode,NULL,dbo
"field[FieldName='""Id""']",MaxLength,0,15
"field[FieldName='""SignedDatetime""']",MaxLength,40,0
"field[FieldName='""ContactId""']",IsForeignKey,FALSE,TRUE
"field[FieldName='""ContactId""']",ForeignEntity,NULL,Contact
"field[FieldName='""ContactId""']",NavigationPropertyName,NULL,Contact
"field[FieldName='""TermsofUseVersion""']",MaxLength,40,0
"field[FieldName='""TermsofUseVersion""']",IsForeignKey,FALSE,TRUE
"field[FieldName='""TermsofUseVersion""']",ForeignEntity,NULL,TermsofUse
"field[FieldName='""TermsofUseVersion""']",NavigationPropertyName,NULL,TermsofUse
,,,
,,,
LXML File: Trucker.lxml,,,
Element,Attribute,Old Value,New Value
entity,DxmlDatabaseTypeCode,NULL,Main
entity,DxmlDatabaseSchemaCode,NULL,dbo
"field[FieldName='""Id""']",MaxLength,0,15
"field[FieldName='""Id""']",IsForeignKey,FALSE,TRUE
"field[FieldName='""Id""']",ForeignEntity,NULL,Card
"field[FieldName='""Id""']",NavigationPropertyName,NULL,Card
"field[FieldName='""AddedManually""']",MaxLength,15,0
,,,
,,,
LXML File: TwoFactorAuthenticationDevice.lxml,,,
Element,Attribute,Old Value,New Value
entity,DxmlDatabaseTypeCode,NULL,Main
entity,DxmlDatabaseSchemaCode,NULL,dbo
"field[FieldName='""UserId""']",IsForeignKey,FALSE,TRUE
"field[FieldName='""UserId""']",ForeignEntity,NULL,User
"field[FieldName='""UserId""']",NavigationPropertyName,NULL,User
"field[FieldName='""DeviceDescription""']",IsRequired,FALSE,TRUE
"field[FieldName='""LastLoginDate""']",MaxLength,1,0
"field[FieldName='""LastLoginDate""']",IsRequired,TRUE,FALSE
"field[FieldName='""LastLoginDate""']",IsNullable,FALSE,TRUE
"field[FieldName='""AuthenticationCode""']",IsRequired,FALSE,TRUE
"field[FieldName='""CreateDate""']",MaxLength,1,0
"field[FieldName='""UpdateDate""']",MaxLength,1,0
,,,
,,,
LXML File: User.lxml,,,
Element,Attribute,Old Value,New Value
entity,DxmlDatabaseTypeCode,NULL,Main
entity,DxmlDatabaseSchemaCode,NULL,dbo
"field[FieldName='""Id""']",MaxLength,0,15
"field[FieldName='""Id""']",IsForeignKey,FALSE,TRUE
"field[FieldName='""Id""']",ForeignEntity,NULL,Contact
"field[FieldName='""Id""']",NavigationPropertyName,NULL,Contact
"field[FieldName='""Code""']",MaxLength,0,20
"field[FieldName='""Notes""']",FieldsDataType,Text,nText
"field[FieldName='""SearchFields""']",FieldsDataType,Text,nText
"field[FieldName='""IsSalesman""']",MaxLength,1,0
"field[FieldName='""LicencedUser""']",MaxLength,1,0
"field[FieldName='""IsFreelancer""']",MaxLength,1,0
"field[FieldName='""IsShowContactDetailsInTheMobileApp""']",MaxLength,1,0
"field[FieldName='""SetAngularAsDefault""']",MaxLength,1,0
"field[FieldName='""IsTwoFactorAuthenticationEnabled""']",MaxLength,1,0
"field[FieldName='""IsDistributor""']",MaxLength,1,0
"field[FieldName='""DistributorCode""']",IsForeignKey,FALSE,TRUE
"field[FieldName='""DistributorCode""']",ForeignEntity,NULL,Distributor
"field[FieldName='""DistributorCode""']",NavigationPropertyName,NULL,Distributor
"field[FieldName='""ProductTypeCode""']",IsForeignKey,FALSE,TRUE
"field[FieldName='""ProductTypeCode""']",ForeignEntity,NULL,ProductType
"field[FieldName='""ProductTypeCode""']",NavigationPropertyName,NULL,ProductType
"field[FieldName='""BusinessUnitId""']",IsForeignKey,FALSE,TRUE
"field[FieldName='""BusinessUnitId""']",ForeignEntity,NULL,BusinessUnit
"field[FieldName='""BusinessUnitId""']",NavigationPropertyName,NULL,BusinessUnit
"field[FieldName='""BranchId""']",IsForeignKey,FALSE,TRUE
"field[FieldName='""BranchId""']",ForeignEntity,NULL,Branch
"field[FieldName='""BranchId""']",NavigationPropertyName,NULL,Branch
"field[FieldName='""DepartmentId""']",IsForeignKey,FALSE,TRUE
"field[FieldName='""DepartmentId""']",ForeignEntity,NULL,Department
"field[FieldName='""DepartmentId""']",NavigationPropertyName,NULL,Department
"field[FieldName='""FreelancerId""']",MaxLength,0,15
"field[FieldName='""FreelancerId""']",IsForeignKey,FALSE,TRUE
"field[FieldName='""FreelancerId""']",ForeignEntity,NULL,Card
"field[FieldName='""FreelancerId""']",NavigationPropertyName,NULL,Freelancer
,,,
,,,
LXML File: UserLastSettings.lxml,,,
Element,Attribute,Old Value,New Value
entity,DxmlDatabaseTypeCode,NULL,Main
entity,DxmlDatabaseSchemaCode,NULL,dbo
"field[FieldName='""FilterValue""']",IsRequired,TRUE,FALSE
,,,
,,,
LXML File: UserLicense.lxml,,,
Element,Attribute,Old Value,New Value
entity,DxmlDatabaseTypeCode,NULL,Main
entity,DxmlDatabaseSchemaCode,NULL,dbo
"field[FieldName='""Id""']",MaxLength,0,15
"field[FieldName='""UserId""']",MaxLength,4,15
"field[FieldName='""UserId""']",IsRequired,FALSE,TRUE
"field[FieldName='""UserId""']",IsForeignKey,FALSE,TRUE
"field[FieldName='""UserId""']",ForeignEntity,NULL,User
"field[FieldName='""UserId""']",NavigationPropertyName,NULL,User
"field[FieldName='""PackageCode""']",IsRequired,FALSE,TRUE
"field[FieldName='""PackageCode""']",IsForeignKey,FALSE,TRUE
"field[FieldName='""PackageCode""']",ForeignEntity,NULL,Package
"field[FieldName='""PackageCode""']",NavigationPropertyName,NULL,Package
,,,
,,,
LXML File: UsoCFDI.lxml,,,
Element,Attribute,Old Value,New Value
entity,DxmlDatabaseTypeCode,NULL,Main
entity,DxmlDatabaseSchemaCode,NULL,dbo
"field[FieldName='""Code""']",MaxLength,10,3
"field[FieldName='""Name""']",MaxLength,40,100
"field[FieldName='""SearchFields""']",FieldsDataType,Text,nText
,,,
,,,
LXML File: VatFormatType.lxml,,,
Element,Attribute,Old Value,New Value
entity,DBTableName,VatFormatTypes,VatFormatType
entity,DxmlDatabaseTypeCode,NULL,Main
entity,DxmlDatabaseSchemaCode,NULL,dbo
"field[FieldName='""Name""']",MaxLength,40,60
,,,
,,,
LXML File: VatMandatoryType.lxml,,,
Element,Attribute,Old Value,New Value
entity,DBTableName,VatMandatoryTypes,VatMandatoryType
entity,DxmlDatabaseTypeCode,NULL,Main
entity,DxmlDatabaseSchemaCode,NULL,dbo
,,,
,,,
LXML File: VatType.lxml,,,
Element,Attribute,Old Value,New Value
entity,DxmlDatabaseTypeCode,NULL,Main
entity,DxmlDatabaseSchemaCode,NULL,dbo
"field[FieldName='""Id""']",MaxLength,0,15
"field[FieldName='""AddedManually""']",MaxLength,15,0
"field[FieldName='""InActive""']",MaxLength,15,0
"field[FieldName='""SearchFields""']",FieldsDataType,Text,nText
"field[FieldName='""ExternalTAXItemId""']",MaxLength,0,25
"field[FieldName='""IsMultiPercentage""']",MaxLength,1,0
,,,
,,,
LXML File: VatTypePercentage.lxml,,,
Element,Attribute,Old Value,New Value
entity,DxmlDatabaseTypeCode,NULL,Main
entity,DxmlDatabaseSchemaCode,NULL,dbo
"field[FieldName='""Id""']",MaxLength,0,15
"field[FieldName='""VatTypeId""']",MaxLength,0,15
"field[FieldName='""VatTypeId""']",IsRequired,FALSE,TRUE
"field[FieldName='""VatTypeId""']",IsForeignKey,FALSE,TRUE
"field[FieldName='""VatTypeId""']",ForeignEntity,NULL,VatType
"field[FieldName='""VatTypeId""']",NavigationPropertyName,NULL,VatType
"field[FieldName='""FromDate""']",IsRequired,TRUE,FALSE
"field[FieldName='""FromDate""']",IsNullable,FALSE,TRUE
,,,
,,,
LXML File: VATTypesGroup.lxml,,,
Element,Attribute,Old Value,New Value
entity,DxmlDatabaseTypeCode,NULL,Main
entity,DxmlDatabaseSchemaCode,NULL,dbo
"field[FieldName='""GroupVATTypeId""']",MaxLength,0,15
"field[FieldName='""GroupVATTypeId""']",IsForeignKey,FALSE,TRUE
"field[FieldName='""GroupVATTypeId""']",ForeignEntity,NULL,VatType
"field[FieldName='""GroupVATTypeId""']",NavigationPropertyName,NULL,GroupVATType
"field[FieldName='""SingleVATTypeId""']",MaxLength,0,15
"field[FieldName='""SingleVATTypeId""']",IsForeignKey,FALSE,TRUE
"field[FieldName='""SingleVATTypeId""']",ForeignEntity,NULL,VatType
"field[FieldName='""SingleVATTypeId""']",NavigationPropertyName,NULL,SingleVATType
,,,
,,,
LXML File: VatUniqueType.lxml,,,
Element,Attribute,Old Value,New Value
entity,DBTableName,VatUniqueTypes,VatUniqueType
entity,DxmlDatabaseTypeCode,NULL,Main
entity,DxmlDatabaseSchemaCode,NULL,dbo
,,,
,,,
LXML File: Vendor.lxml,,,
Element,Attribute,Old Value,New Value
entity,DxmlDatabaseTypeCode,NULL,Main
entity,DxmlDatabaseSchemaCode,NULL,dbo
"field[FieldName='""Id""']",MaxLength,0,15
"field[FieldName='""Id""']",IsForeignKey,FALSE,TRUE
"field[FieldName='""Id""']",ForeignEntity,NULL,Card
"field[FieldName='""Id""']",NavigationPropertyName,NULL,Card
,,,
,,,
LXML File: Vessel.lxml,,,
Element,Attribute,Old Value,New Value
entity,DxmlDatabaseTypeCode,NULL,Main
entity,DxmlDatabaseSchemaCode,NULL,dbo
"field[FieldName='""Id""']",MaxLength,0,15
"field[FieldName='""Notes""']",FieldsDataType,Text,nText
"field[FieldName='""AddedManually""']",MaxLength,15,0
"field[FieldName='""InActive""']",MaxLength,15,0
"field[FieldName='""SearchFields""']",FieldsDataType,Text,nText
"field[FieldName='""CountryId""']",IsForeignKey,FALSE,TRUE
"field[FieldName='""CountryId""']",ForeignEntity,NULL,Country
"field[FieldName='""CountryId""']",NavigationPropertyName,NULL,Country
,,,
,,,
LXML File: Warehouse.lxml,,,
Element,Attribute,Old Value,New Value
entity,DxmlDatabaseTypeCode,NULL,Main
entity,DxmlDatabaseSchemaCode,NULL,dbo
"field[FieldName='""Id""']",MaxLength,0,15
"field[FieldName='""Id""']",IsForeignKey,FALSE,TRUE
"field[FieldName='""Id""']",ForeignEntity,NULL,Card
"field[FieldName='""Id""']",NavigationPropertyName,NULL,Card
"field[FieldName='""AddedManually""']",MaxLength,15,0
"field[FieldName='""MyWarehouse""']",MaxLength,15,0
"field[FieldName='""TypeCode""']",IsForeignKey,FALSE,TRUE
"field[FieldName='""TypeCode""']",ForeignEntity,NULL,WarehouseType
"field[FieldName='""TypeCode""']",NavigationPropertyName,NULL,WarehouseType
,,,
,,,
LXML File: WarehouseType.lxml,,,
Element,Attribute,Old Value,New Value
entity,DxmlDatabaseTypeCode,NULL,Main
entity,DxmlDatabaseSchemaCode,NULL,dbo
"field[FieldName='""SearchFields""']",FieldsDataType,Text,nText
,,,
,,,
LXML File: WeightUnit.lxml,,,
Element,Attribute,Old Value,New Value
entity,DxmlDatabaseTypeCode,NULL,Main
entity,DxmlDatabaseSchemaCode,NULL,dbo
"field[FieldName='""SearchFields""']",FieldsDataType,Text,nText
,,,
,,,
LXML File: CustomsInterface.lxml,,,
Element,Attribute,Old Value,New Value
entity,DxmlDatabaseTypeCode,NULL,Main
entity,DxmlDatabaseSchemaCode,NULL,dbo
"field[FieldName='""SearchFields""']",FieldsDataType,Text,nText
,,,
,,,
LXML File: AnalyzeQueue.lxml,,,
Element,Attribute,Old Value,New Value
entity,DxmlDatabaseTypeCode,NULL,Global
entity,DxmlDatabaseSchemaCode,NULL,dbo
"field[FieldName='""MessageBody""']",FieldsDataType,Text,Binary
"field[FieldName='""MessageBody""']",IsMaxLength,FALSE,TRUE
"field[FieldName='""MessageBody""']",IsRequired,FALSE,TRUE
"field[FieldName='""Tenant""']",IsForeignKey,FALSE,TRUE
"field[FieldName='""Tenant""']",ForeignEntity,NULL,TenantManagement
"field[FieldName='""Tenant""']",NavigationPropertyName,NULL,TenantManagement
"field[FieldName='""From""']",IsRequired,FALSE,TRUE
"field[FieldName='""Status""']",IsRequired,FALSE,TRUE
"field[FieldName='""Status""']",IsForeignKey,FALSE,TRUE
"field[FieldName='""Status""']",ForeignEntity,NULL,AnalyzeQueueStatus
"field[FieldName='""Status""']",NavigationPropertyName,NULL,AnalyzeQueueStatus
"field[FieldName='""ErrorMessage""']",MaxLength,500,8000
"field[FieldName='""ErrorMessage""']",IsRequired,TRUE,FALSE
"field[FieldName='""CommunicationLogId""']",IsRequired,TRUE,FALSE
"field[FieldName='""Subject""']",IsRequired,TRUE,FALSE
"field[FieldName='""EntityReference""']",MaxLength,15,20
"field[FieldName='""SearchFields""']",FieldsDataType,Text,nText
"field[FieldName='""ObjectTableName""']",MaxLength,0,25
"field[FieldName='""StackTrace""']",MaxLength,0,8000
"field[FieldName='""FileName""']",FieldsDataType,Text,nText
"field[FieldName='""FileName""']",MaxLength,0,120
,,,
,,,
LXML File: ApiCredintials.lxml,,,
Element,Attribute,Old Value,New Value
entity,DxmlDatabaseTypeCode,NULL,Global
entity,DxmlDatabaseSchemaCode,NULL,dbo
"field[FieldName='""Id""']",MaxLength,0,15
"field[FieldName='""UsedFor""']",FieldsDataType,Text,nText
"field[FieldName='""UsedFor""']",IsRequired,TRUE,FALSE
"field[FieldName='""HashedPrimaryAccessKey""']",FieldsDataType,Text,nText
"field[FieldName='""HashedSeconderyAccessKey""']",FieldsDataType,Text,nText
"field[FieldName='""AllowedIPs""']",FieldsDataType,Text,nText
"field[FieldName='""UpdatedBy""']",MaxLength,250,100
"field[FieldName='""maskedPrimaryAccessKey""']",FieldsDataType,Text,nText
"field[FieldName='""maskedSeconderyAccessKey""']",FieldsDataType,Text,nText
,,,
,,,
LXML File: AWBMessagesCCSType.lxml,,,
Element,Attribute,Old Value,New Value
entity,DxmlDatabaseTypeCode,NULL,Global
entity,DxmlDatabaseSchemaCode,NULL,dbo
"field[FieldName='""SearchFields""']",FieldsDataType,Text,nText
,,,
,,,
LXML File: BatchServicesDefinition.lxml,,,
Element,Attribute,Old Value,New Value
entity,DxmlDatabaseTypeCode,NULL,Global
entity,DxmlDatabaseSchemaCode,NULL,dbo
"field[FieldName='""Code""']",MaxLength,100,40
"field[FieldName='""ClassName""']",MaxLength,200,100
"field[FieldName='""ClassName""']",IsRequired,FALSE,TRUE
"field[FieldName='""Parameter1""']",MaxLength,200,25
"field[FieldName='""Parameter2""']",MaxLength,100,25
,,,
,,,
LXML File: BluesnapContract.lxml,,,
Element,Attribute,Old Value,New Value
entity,DxmlDatabaseTypeCode,NULL,Global
entity,DxmlDatabaseSchemaCode,NULL,dbo
"field[FieldName='""BluesnapContractTypeCode""']",IsForeignKey,FALSE,TRUE
"field[FieldName='""BluesnapContractTypeCode""']",ForeignEntity,NULL,BluesnapContractType
"field[FieldName='""BluesnapContractTypeCode""']",NavigationPropertyName,NULL,BluesnapContractType
,,,
,,,
LXML File: BluesnapContractType.lxml,,,
Element,Attribute,Old Value,New Value
entity,DxmlDatabaseTypeCode,NULL,Global
entity,DxmlDatabaseSchemaCode,NULL,dbo
"field[FieldName='""Code""']",MaxLength,1,4
"field[FieldName='""SearchFields""']",FieldsDataType,Text,nText
,,,
,,,
LXML File: BluesnapTransaction.lxml,,,
Element,Attribute,Old Value,New Value
entity,DxmlDatabaseTypeCode,NULL,Global
entity,DxmlDatabaseSchemaCode,NULL,dbo
"field[FieldName='""TransactionDate""']",IsRequired,TRUE,FALSE
"field[FieldName='""TransactionDate""']",IsNullable,FALSE,TRUE
"field[FieldName='""LogitudeAmital""']",FieldsDataType,Text,nText
"field[FieldName='""LogitudeAmital""']",IsRequired,FALSE,TRUE
,,,
,,,
LXML File: HelpResource.lxml,,,
Element,Attribute,Old Value,New Value
entity,DxmlDatabaseTypeCode,NULL,Global
entity,DxmlDatabaseSchemaCode,NULL,dbo
"field[FieldName='""Code""']",MaxLength,0,15
"field[FieldName='""Name""']",MaxLength,0,100
"field[FieldName='""Name""']",IsRequired,FALSE,TRUE
"field[FieldName='""Language""']",MaxLength,0,2
"field[FieldName='""Type""']",MaxLength,0,3
"field[FieldName='""Category""']",MaxLength,0,3
"field[FieldName='""VideoURL""']",MaxLength,0,250
"field[FieldName='""Duration""']",MaxLength,0,100
"field[FieldName='""FileName""']",MaxLength,0,100
"field[FieldName='""FileName""']",IsRequired,FALSE,TRUE
"field[FieldName='""SearchFields""']",FieldsDataType,Text,nText
"field[FieldName='""SearchFields""']",MaxLength,0,1000
"field[FieldName='""FeatureCode""']",MaxLength,0,40
,,,
,,,
LXML File: LogitudeLead.lxml,,,
Element,Attribute,Old Value,New Value
entity,DxmlDatabaseTypeCode,NULL,Global
entity,DxmlDatabaseSchemaCode,NULL,dbo
"field[FieldName='""Id""']",MaxLength,0,40
"field[FieldName='""CreateDate""']",MaxLength,40,0
"field[FieldName='""CompanyName""']",FieldsDataType,Text,nText
"field[FieldName='""CompanyName""']",IsRequired,FALSE,TRUE
"field[FieldName='""ContactName""']",FieldsDataType,Text,nText
"field[FieldName='""ContactName""']",IsRequired,FALSE,TRUE
"field[FieldName='""Country""']",IsRequired,FALSE,TRUE
"field[FieldName='""Email""']",IsRequired,FALSE,TRUE
"field[FieldName='""Comments""']",FieldsDataType,Text,nText
"field[FieldName='""CustomerId""']",FieldsDataType,Text,nText
"field[FieldName='""OpportunityId""']",FieldsDataType,Text,nText
"field[FieldName='""SearchFields""']",FieldsDataType,Text,nText
"field[FieldName='""LeadSource""']",MaxLength,4,60
"field[FieldName='""ZipCode""']",MaxLength,4,15
"field[FieldName='""VatNumber""']",MaxLength,0,20
,,,
,,,
LXML File: PaymentChannel.lxml,,,
Element,Attribute,Old Value,New Value
entity,DxmlDatabaseTypeCode,NULL,Global
entity,DxmlDatabaseSchemaCode,NULL,dbo
"field[FieldName='""Code""']",MaxLength,4,2
"field[FieldName='""Name""']",FieldsDataType,Text,nText
"field[FieldName='""SearchFields""']",FieldsDataType,Text,nText
,,,
,,,
LXML File: PaymentCurrency.lxml,,,
Element,Attribute,Old Value,New Value
entity,DxmlDatabaseTypeCode,NULL,Global
entity,DxmlDatabaseSchemaCode,NULL,dbo
"field[FieldName='""Name""']",FieldsDataType,Text,nText
"field[FieldName='""SearchFields""']",FieldsDataType,Text,nText
,,,
,,,
LXML File: PaymentMethod.lxml,,,
Element,Attribute,Old Value,New Value
entity,DxmlDatabaseTypeCode,NULL,Global
entity,DxmlDatabaseSchemaCode,NULL,dbo
"field[FieldName='""Code""']",MaxLength,4,2
"field[FieldName='""Name""']",FieldsDataType,Text,nText
"field[FieldName='""SearchFields""']",FieldsDataType,Text,nText
,,,
,,,
LXML File: RecurringPeriod.lxml,,,
Element,Attribute,Old Value,New Value
entity,DxmlDatabaseTypeCode,NULL,Global
entity,DxmlDatabaseSchemaCode,NULL,dbo
"field[FieldName='""Code""']",FieldsDataType,Text,nText
"field[FieldName='""Code""']",MaxLength,4,2
"field[FieldName='""Name""']",FieldsDataType,Text,nText
"field[FieldName='""SearchFields""']",FieldsDataType,Text,nText
,,,
,,,
LXML File: TenantAddOn.lxml,,,
Element,Attribute,Old Value,New Value
entity,DxmlDatabaseTypeCode,NULL,Global
entity,DxmlDatabaseSchemaCode,NULL,dbo
"field[FieldName='""Id""']",MaxLength,0,15
,,,
,,,
LXML File: TenantManagement.lxml,,,
Element,Attribute,Old Value,New Value
entity,DxmlDatabaseTypeCode,NULL,Global
entity,DxmlDatabaseSchemaCode,NULL,dbo
"field[FieldName='""Id""']",IsForeignKey,FALSE,TRUE
"field[FieldName='""Id""']",ForeignEntity,NULL,GlobalTenant
"field[FieldName='""Id""']",NavigationPropertyName,NULL,GlobalTenant
"field[FieldName='""Name""']",FieldsDataType,Text,nText
"field[FieldName='""SearchFields""']",FieldsDataType,Text,nText
"field[FieldName='""RecurringPeriodCode""']",FieldsDataType,Text,nText
"field[FieldName='""RecurringPeriodCode""']",IsForeignKey,FALSE,TRUE
"field[FieldName='""RecurringPeriodCode""']",ForeignEntity,NULL,RecurringPeriod
"field[FieldName='""RecurringPeriodCode""']",NavigationPropertyName,NULL,RecurringPeriod
"field[FieldName='""BluesnapAccount""']",FieldsDataType,Text,nText
"field[FieldName='""MainContract""']",FieldsDataType,Text,nText
"field[FieldName='""TemporalPackageCode""']",FieldsDataType,Text,nText
"field[FieldName='""PaymentMethodCode""']",IsForeignKey,FALSE,TRUE
"field[FieldName='""PaymentMethodCode""']",ForeignEntity,NULL,PaymentMethod
"field[FieldName='""PaymentMethodCode""']",NavigationPropertyName,NULL,PaymentMethod
"field[FieldName='""PaymentChannelCode""']",IsForeignKey,FALSE,TRUE
"field[FieldName='""PaymentChannelCode""']",ForeignEntity,NULL,PaymentChannel
"field[FieldName='""PaymentChannelCode""']",NavigationPropertyName,NULL,PaymentChannel
"field[FieldName='""Notes""']",FieldsDataType,Text,nText
"field[FieldName='""PaymentCurrencyCode""']",IsForeignKey,FALSE,TRUE
"field[FieldName='""PaymentCurrencyCode""']",ForeignEntity,NULL,PaymentCurrency
"field[FieldName='""PaymentCurrencyCode""']",NavigationPropertyName,NULL,PaymentCurrency
"field[FieldName='""IsCargonautEnabled""']",MaxLength,3,0
"field[FieldName='""IsDEXXConnectionEnabled""']",MaxLength,1,0
"field[FieldName='""InternalNotes""']",FieldsDataType,Text,nText
"field[FieldName='""BluesnapContractId""']",MaxLength,10,15
"field[FieldName='""BluesnapContractId""']",IsForeignKey,FALSE,TRUE
"field[FieldName='""BluesnapContractId""']",ForeignEntity,NULL,BluesnapContract
"field[FieldName='""BluesnapContractId""']",NavigationPropertyName,NULL,BluesnapContract
"field[FieldName='""BluesnapCRMContractId""']",MaxLength,10,15
"field[FieldName='""BluesnapCRMContractId""']",IsForeignKey,FALSE,TRUE
"field[FieldName='""BluesnapCRMContractId""']",ForeignEntity,NULL,BluesnapContract
"field[FieldName='""BluesnapCRMContractId""']",NavigationPropertyName,NULL,BluesnapContractCRM
"field[FieldName='""BluesnapEAWBContractId""']",MaxLength,10,15
"field[FieldName='""BluesnapEAWBContractId""']",IsForeignKey,FALSE,TRUE
"field[FieldName='""BluesnapEAWBContractId""']",ForeignEntity,NULL,BluesnapContract
"field[FieldName='""BluesnapEAWBContractId""']",NavigationPropertyName,NULL,BluesnapContractEAWB
"field[FieldName='""BluesnapEAWBSContractId""']",MaxLength,10,15
"field[FieldName='""BluesnapEAWBSContractId""']",IsForeignKey,FALSE,TRUE
"field[FieldName='""BluesnapEAWBSContractId""']",ForeignEntity,NULL,BluesnapContract
"field[FieldName='""BluesnapEAWBSContractId""']",NavigationPropertyName,NULL,BluesnapContractEAWBS
"field[FieldName='""BluesnapInttraStockContractId""']",MaxLength,10,15
"field[FieldName='""BluesnapInttraStockContractId""']",IsForeignKey,FALSE,TRUE
"field[FieldName='""BluesnapInttraStockContractId""']",ForeignEntity,NULL,BluesnapContract
"field[FieldName='""BluesnapInttraStockContractId""']",NavigationPropertyName,NULL,BluesnapInttraStockContract
"field[FieldName='""AWBMessagesCCSTypeCode""']",IsRequired,TRUE,FALSE
"field[FieldName='""AWBMessagesCCSTypeCode""']",IsForeignKey,FALSE,TRUE
"field[FieldName='""AWBMessagesCCSTypeCode""']",ForeignEntity,NULL,AWBMessagesCCSType
"field[FieldName='""AWBMessagesCCSTypeCode""']",NavigationPropertyName,NULL,AWBMessagesCCSType
"field[FieldName='""IsEAWBOnlyDemo""']",MaxLength,1,0
"field[FieldName='""IsRestrictedByAirline""']",MaxLength,1,0
"field[FieldName='""ManagesRegisteredAgent""']",MaxLength,1,0
"field[FieldName='""TenantTypeCode""']",IsForeignKey,FALSE,TRUE
"field[FieldName='""TenantTypeCode""']",ForeignEntity,NULL,TenantType
"field[FieldName='""TenantTypeCode""']",NavigationPropertyName,NULL,TenantType
"field[FieldName='""SupportActivated""']",MaxLength,1,0
"field[FieldName='""IsMultiPackage""']",MaxLength,1,0
"field[FieldName='""OldTTY""']",MaxLength,0,33
"field[FieldName='""EnableBranding""']",MaxLength,1,0
"field[FieldName='""HideSharedlogistics""']",MaxLength,1,0
"field[FieldName='""StockTypeCode""']",MaxLength,70,15
"field[FieldName='""PackageCodeSearchField""']",FieldsDataType,Text,nText
,,,
,,,
LXML File: TenantManagementLicense.lxml,,,
Element,Attribute,Old Value,New Value
entity,DxmlDatabaseTypeCode,NULL,Global
entity,DxmlDatabaseSchemaCode,NULL,dbo
"field[FieldName='""Id""']",MaxLength,0,15
"field[FieldName='""NumberOfUsers""']",MaxLength,1,0
"field[FieldName='""NumberOfUsers""']",IsRequired,TRUE,FALSE
"field[FieldName='""NumberOfUsers""']",IsNullable,FALSE,TRUE
,,,
,,,
LXML File: TenantManagmentPrivateLabels.lxml,,,
Element,Attribute,Old Value,New Value
entity,DxmlDatabaseTypeCode,NULL,Global
entity,DxmlDatabaseSchemaCode,NULL,dbo
"field[FieldName='""PrivateLabelName""']",FieldsDataType,Text,nText
"field[FieldName='""MainLogo""']",FieldsDataType,Text,Binary
"field[FieldName='""MainLogo""']",IsMaxLength,FALSE,TRUE
"field[FieldName='""SmallLogo""']",FieldsDataType,Text,Binary
"field[FieldName='""SmallLogo""']",IsMaxLength,FALSE,TRUE
"field[FieldName='""ContactUsEmail""']",FieldsDataType,Text,nText
"field[FieldName='""HybridPartnerId""']",FieldsDataType,Text,nText
"field[FieldName='""HybridPartnerId""']",MaxLength,0,15
"field[FieldName='""HybridPartnerId""']",IsRequired,FALSE,TRUE
"field[FieldName='""Tenant""']",IsRequired,FALSE,TRUE
"field[FieldName='""Tenant""']",IsNullable,TRUE,FALSE
,,,
,,,
LXML File: TenantType.lxml,,,
Element,Attribute,Old Value,New Value
entity,DxmlDatabaseTypeCode,NULL,Global
entity,DxmlDatabaseSchemaCode,NULL,dbo
"field[FieldName='""SearchFields""']",FieldsDataType,Text,nText
,,,
,,,
LXML File: WebhookKeys.lxml,,,
Element,Attribute,Old Value,New Value
entity,DxmlDatabaseTypeCode,NULL,Global
entity,DxmlDatabaseSchemaCode,NULL,dbo
"field[FieldName='""Id""']",MaxLength,0,15
"field[FieldName='""AccessKey""']",IsRequired,TRUE,FALSE
"field[FieldName='""InActive""']",MaxLength,1000,0
"field[FieldName='""Description""']",IsRequired,TRUE,FALSE
,,,
,,,
LXML File: APILogs.lxml,,,
Element,Attribute,Old Value,New Value
entity,DxmlDatabaseTypeCode,NULL,Main
entity,DxmlDatabaseSchemaCode,NULL,dbo
"field[FieldName='""Direction""']",IsRequired,FALSE,TRUE
"field[FieldName='""Status""']",IsRequired,FALSE,TRUE
"field[FieldName='""CreateDate""']",MaxLength,1,0
"field[FieldName='""CreateDateUTC""']",MaxLength,1,0
"field[FieldName='""LastUpdateDate""']",MaxLength,1,0
"field[FieldName='""LastUpdateDateUTC""']",MaxLength,1,0
"field[FieldName='""ExpirationDate""']",MaxLength,1,0
"field[FieldName='""BatchNumber""']",MaxLength,0,15
"field[FieldName='""QueueType""']",MaxLength,0,100
"field[FieldName='""QueueMessage""']",MaxLength,0,400
"field[FieldName='""QueueMessageMoreDetailsId""']",MaxLength,0,15
"field[FieldName='""CustomerId""']",MaxLength,0,15
,,,
,,,
LXML File: APILogsData.lxml,,,
Element,Attribute,Old Value,New Value
entity,DxmlDatabaseTypeCode,NULL,Main
entity,DxmlDatabaseSchemaCode,NULL,dbo
"field[FieldName='""Id""']",IsForeignKey,FALSE,TRUE
"field[FieldName='""Id""']",ForeignEntity,NULL,APILogs
,,,
,,,
LXML File: BusinessHour.lxml,,,
Element,Attribute,Old Value,New Value
entity,DxmlDatabaseTypeCode,NULL,Main
entity,DxmlDatabaseSchemaCode,NULL,dbo
"field[FieldName='""Id""']",MaxLength,0,15
"field[FieldName='""Name""']",FieldsDataType,Text,nText
"field[FieldName='""Description""']",FieldsDataType,Text,nText
"field[FieldName='""Code""']",MaxLength,0,3
"field[FieldName='""CreatedByUserId""']",IsRequired,FALSE,TRUE
"field[FieldName='""CreatedByUserId""']",IsForeignKey,FALSE,TRUE
"field[FieldName='""CreatedByUserId""']",ForeignEntity,NULL,User
"field[FieldName='""CreatedByUserId""']",NavigationPropertyName,NULL,CreatedByUser
"field[FieldName='""UpdatedByUserId""']",IsRequired,FALSE,TRUE
"field[FieldName='""UpdatedByUserId""']",IsForeignKey,FALSE,TRUE
"field[FieldName='""UpdatedByUserId""']",ForeignEntity,NULL,User
"field[FieldName='""UpdatedByUserId""']",NavigationPropertyName,NULL,UpdatedByUser
"field[FieldName='""CreateDate""']",MaxLength,1,0
"field[FieldName='""UpdateDate""']",MaxLength,1,0
"field[FieldName='""MondayFromHour""']",FieldsDataType,DateTime,Time
"field[FieldName='""MondayFromHour""']",MaxLength,15,0
"field[FieldName='""TuesdayFromHour""']",FieldsDataType,DateTime,Time
"field[FieldName='""TuesdayFromHour""']",MaxLength,15,0
"field[FieldName='""WednesdayFromHour""']",FieldsDataType,DateTime,Time
"field[FieldName='""WednesdayFromHour""']",MaxLength,15,0
"field[FieldName='""ThursdayFromHour""']",FieldsDataType,DateTime,Time
"field[FieldName='""ThursdayFromHour""']",MaxLength,15,0
"field[FieldName='""FridayFromHour""']",FieldsDataType,DateTime,Time
"field[FieldName='""FridayFromHour""']",MaxLength,15,0
"field[FieldName='""SaturdayFromHour""']",FieldsDataType,DateTime,Time
"field[FieldName='""SaturdayFromHour""']",MaxLength,15,0
"field[FieldName='""SundayFromHour""']",FieldsDataType,DateTime,Time
"field[FieldName='""SundayFromHour""']",MaxLength,15,0
"field[FieldName='""MondayToHour""']",FieldsDataType,DateTime,Time
"field[FieldName='""MondayToHour""']",MaxLength,15,0
"field[FieldName='""TuesdayToHour""']",FieldsDataType,DateTime,Time
"field[FieldName='""TuesdayToHour""']",MaxLength,15,0
"field[FieldName='""WednesdayToHour""']",FieldsDataType,DateTime,Time
"field[FieldName='""WednesdayToHour""']",MaxLength,15,0
"field[FieldName='""ThursdayToHour""']",FieldsDataType,DateTime,Time
"field[FieldName='""ThursdayToHour""']",MaxLength,15,0
"field[FieldName='""FridayToHour""']",FieldsDataType,DateTime,Time
"field[FieldName='""FridayToHour""']",MaxLength,15,0
"field[FieldName='""SaturdayToHour""']",FieldsDataType,DateTime,Time
"field[FieldName='""SaturdayToHour""']",MaxLength,15,0
"field[FieldName='""SundayToHour""']",FieldsDataType,DateTime,Time
"field[FieldName='""SundayToHour""']",MaxLength,15,0
"field[FieldName='""SearchFields""']",FieldsDataType,Text,nText
"field[FieldName='""SearchFields""']",MaxLength,0,1000
,,,
,,,
LXML File: BusinessHoursHoliday.lxml,,,
Element,Attribute,Old Value,New Value
entity,DxmlDatabaseTypeCode,NULL,Main
entity,DxmlDatabaseSchemaCode,NULL,dbo
"field[FieldName='""Id""']",MaxLength,0,15
"field[FieldName='""HolidayName""']",FieldsDataType,Text,nText
"field[FieldName='""CreateDate""']",MaxLength,1,0
"field[FieldName='""UpdateDate""']",MaxLength,1,0
"field[FieldName='""CreatedByUserId""']",IsRequired,FALSE,TRUE
"field[FieldName='""CreatedByUserId""']",IsForeignKey,FALSE,TRUE
"field[FieldName='""CreatedByUserId""']",ForeignEntity,NULL,User
"field[FieldName='""CreatedByUserId""']",NavigationPropertyName,NULL,CreatedByUser
"field[FieldName='""UpdatedByUserId""']",IsRequired,FALSE,TRUE
"field[FieldName='""UpdatedByUserId""']",IsForeignKey,FALSE,TRUE
"field[FieldName='""UpdatedByUserId""']",ForeignEntity,NULL,User
"field[FieldName='""UpdatedByUserId""']",NavigationPropertyName,NULL,UpdatedByUser
"field[FieldName='""BusinessHourId""']",MaxLength,0,15
"field[FieldName='""BusinessHourId""']",IsRequired,FALSE,TRUE
"field[FieldName='""BusinessHourId""']",IsForeignKey,FALSE,TRUE
"field[FieldName='""BusinessHourId""']",ForeignEntity,NULL,BusinessHour
"field[FieldName='""BusinessHourId""']",NavigationPropertyName,NULL,BusinessHour
,,,
,,,
LXML File: ChargesGroup.lxml,,,
Element,Attribute,Old Value,New Value
entity,DxmlDatabaseTypeCode,NULL,Main
entity,DxmlDatabaseSchemaCode,NULL,dbo
"field[FieldName='""LocalName""']",IsRequired,TRUE,FALSE
"field[FieldName='""SearchFields""']",FieldsDataType,Text,nText
,,,
,,,
LXML File: CounterDefinition.lxml,,,
Element,Attribute,Old Value,New Value
entity,DxmlDatabaseTypeCode,NULL,Main
entity,DxmlDatabaseSchemaCode,NULL,dbo
"field[FieldName='""Id""']",MaxLength,0,15
"field[FieldName='""Parameter1""']",MaxLength,0,20
"field[FieldName='""Parameter2""']",MaxLength,0,20
"field[FieldName='""CounterId""']",MaxLength,0,15
"field[FieldName='""CounterId""']",IsRequired,FALSE,TRUE
"field[FieldName='""CounterId""']",IsForeignKey,FALSE,TRUE
"field[FieldName='""CounterId""']",ForeignEntity,NULL,Counter
"field[FieldName='""CounterId""']",NavigationPropertyName,NULL,Counter
"field[FieldName='""StartNumber""']",MaxLength,15,0
,,,
,,,
LXML File: DescriptionOfGoods.lxml,,,
Element,Attribute,Old Value,New Value
entity,DxmlDatabaseTypeCode,NULL,Main
entity,DxmlDatabaseSchemaCode,NULL,dbo
"field[FieldName='""Id""']",MaxLength,0,15
"field[FieldName='""DescriptionOfGood""']",IsRequired,FALSE,TRUE
,,,
,,,
LXML File: Direction.lxml,,,
Element,Attribute,Old Value,New Value
entity,DxmlDatabaseTypeCode,NULL,Main
entity,DxmlDatabaseSchemaCode,NULL,dbo
"field[FieldName='""Id""']",MaxLength,0,1
"field[FieldName='""Name""']",MaxLength,10,40
"field[FieldName='""SearchFields""']",FieldsDataType,Text,nText
,,,
,,,
LXML File: DWCategories.lxml,,,
Element,Attribute,Old Value,New Value
entity,DxmlDatabaseTypeCode,NULL,Main
entity,DxmlDatabaseSchemaCode,NULL,dbo
"field[FieldName='""Code""']",MaxLength,3,50
"field[FieldName='""Name""']",MaxLength,3,50
"field[FieldName='""Name""']",IsRequired,FALSE,TRUE
,,,
,,,
LXML File: DWObjectField.lxml,,,
Element,Attribute,Old Value,New Value
entity,DxmlDatabaseTypeCode,NULL,Main
entity,DxmlDatabaseSchemaCode,NULL,dbo
"field[FieldName='""DWObjectTableCode""']",IsForeignKey,FALSE,TRUE
"field[FieldName='""DWObjectTableCode""']",ForeignEntity,NULL,DWObjectTable
"field[FieldName='""DWObjectTableCode""']",NavigationPropertyName,NULL,DWObjectTable
"field[FieldName='""DimensionTableCode""']",IsForeignKey,FALSE,TRUE
"field[FieldName='""DimensionTableCode""']",ForeignEntity,NULL,DWObjectTable
"field[FieldName='""DimensionTableCode""']",NavigationPropertyName,NULL,DimensionTable
"field[FieldName='""IsRequired""']",MaxLength,100,0
"field[FieldName='""IsPrimaryKey""']",MaxLength,100,0
,,,
,,,
LXML File: DWObjectTable.lxml,,,
Element,Attribute,Old Value,New Value
entity,DxmlDatabaseTypeCode,NULL,Main
entity,DxmlDatabaseSchemaCode,NULL,dbo
"field[FieldName='""Id""']",IsRequired,FALSE,TRUE
,,,
,,,
LXML File: EmailAlertSetting.lxml,,,
Element,Attribute,Old Value,New Value
entity,DxmlDatabaseTypeCode,NULL,Main
entity,DxmlDatabaseSchemaCode,NULL,dbo
"field[FieldName='""Id""']",MaxLength,0,15
"field[FieldName='""Code""']",MaxLength,0,4
"field[FieldName='""Code""']",IsRequired,FALSE,TRUE
"field[FieldName='""Description""']",MaxLength,0,500
"field[FieldName='""ObjectTableId""']",MaxLength,0,15
"field[FieldName='""ObjectTableId""']",IsForeignKey,FALSE,TRUE
"field[FieldName='""ObjectTableId""']",ForeignEntity,NULL,ObjectTable
"field[FieldName='""ObjectTableId""']",NavigationPropertyName,NULL,ObjectTable
"field[FieldName='""InActive""']",MaxLength,1,0
"field[FieldName='""SettingLevelCode""']",MaxLength,0,4
"field[FieldName='""SettingLevelCode""']",IsRequired,FALSE,TRUE
"field[FieldName='""To""']",MaxLength,0,1000
,,,
,,,
LXML File: EntityStatus.lxml,,,
Element,Attribute,Old Value,New Value
entity,DxmlDatabaseTypeCode,NULL,Main
entity,DxmlDatabaseSchemaCode,NULL,dbo
"field[FieldName='""Id""']",MaxLength,0,15
"field[FieldName='""ObjectTableId""']",IsRequired,FALSE,TRUE
"field[FieldName='""ObjectTableId""']",IsForeignKey,FALSE,TRUE
"field[FieldName='""ObjectTableId""']",ForeignEntity,NULL,ObjectTable
"field[FieldName='""ObjectTableId""']",NavigationPropertyName,NULL,ObjectTable
"field[FieldName='""StatusWeight""']",MaxLength,40,0
"field[FieldName='""Code""']",IsRequired,FALSE,TRUE
"field[FieldName='""SearchFields""']",FieldsDataType,Text,nText
"field[FieldName='""DisplayName""']",IsRequired,FALSE,TRUE
,,,
,,,
LXML File: EventType.lxml,,,
Element,Attribute,Old Value,New Value
entity,DxmlDatabaseTypeCode,NULL,Main
entity,DxmlDatabaseSchemaCode,NULL,dbo
"field[FieldName='""Id""']",MaxLength,0,15
"field[FieldName='""Tenant""']",MaxLength,1,0
"field[FieldName='""AddedManually""']",MaxLength,1,0
"field[FieldName='""EnglishName""']",MaxLength,45,40
"field[FieldName='""LocalName""']",MaxLength,45,40
"field[FieldName='""IsManualEntry""']",MaxLength,1,0
"field[FieldName='""EntityStatusId""']",IsForeignKey,FALSE,TRUE
"field[FieldName='""EntityStatusId""']",ForeignEntity,NULL,EntityStatus
"field[FieldName='""EntityStatusId""']",NavigationPropertyName,NULL,EntityStatus
"field[FieldName='""ObjectTableId""']",IsForeignKey,FALSE,TRUE
"field[FieldName='""ObjectTableId""']",ForeignEntity,NULL,ObjectTable
"field[FieldName='""ObjectTableId""']",NavigationPropertyName,NULL,ObjectTable
"field[FieldName='""IsFollowUp""']",MaxLength,1,0
"field[FieldName='""ManualActivatedFollowUp""']",MaxLength,1,0
"field[FieldName='""InActive""']",MaxLength,1,0
"field[FieldName='""CustomerRoleId""']",MaxLength,0,15
"field[FieldName='""CustomerRoleId""']",IsForeignKey,FALSE,TRUE
"field[FieldName='""CustomerRoleId""']",ForeignEntity,NULL,Role
"field[FieldName='""CustomerRoleId""']",NavigationPropertyName,NULL,CustomerRole
"field[FieldName='""AgentRoleId""']",MaxLength,0,15
"field[FieldName='""AgentRoleId""']",IsForeignKey,FALSE,TRUE
"field[FieldName='""AgentRoleId""']",ForeignEntity,NULL,Role
"field[FieldName='""AgentRoleId""']",NavigationPropertyName,NULL,AgentRole
"field[FieldName='""IsCustomerView""']",MaxLength,1,0
"field[FieldName='""IsAgentView""']",MaxLength,1,0
"field[FieldName='""IsSharedLogisticsEnabled""']",MaxLength,1,0
"field[FieldName='""EventTypeCategoryCode""']",FieldsDataType,Text,nText
"field[FieldName='""EventTypeCategoryCode""']",MaxLength,3,4
"field[FieldName='""EventTypeCategoryCode""']",IsForeignKey,FALSE,TRUE
"field[FieldName='""EventTypeCategoryCode""']",ForeignEntity,NULL,EventTypeCategory
"field[FieldName='""EventTypeCategoryCode""']",NavigationPropertyName,NULL,EventTypeCategory
"field[FieldName='""SearchFields""']",FieldsDataType,Text,nText
,,,
,,,
LXML File: EventTypeCategory.lxml,,,
Element,Attribute,Old Value,New Value
entity,DxmlDatabaseTypeCode,NULL,Main
entity,DxmlDatabaseSchemaCode,NULL,dbo
"field[FieldName='""Code""']",FieldsDataType,Text,nText
"field[FieldName='""Code""']",MaxLength,3,4
"field[FieldName='""SearchFields""']",FieldsDataType,Text,nText
,,,
,,,
LXML File: FollowUp.lxml,,,
Element,Attribute,Old Value,New Value
entity,DxmlDatabaseTypeCode,NULL,Main
entity,DxmlDatabaseSchemaCode,NULL,dbo
"field[FieldName='""Id""']",MaxLength,0,15
"field[FieldName='""ShipmentId""']",MaxLength,0,15
"field[FieldName='""ShipmentId""']",IsForeignKey,FALSE,TRUE
"field[FieldName='""ShipmentId""']",ForeignEntity,NULL,Shipment
"field[FieldName='""ShipmentId""']",NavigationPropertyName,NULL,Shipment
"field[FieldName='""JobId""']",MaxLength,0,15
"field[FieldName='""DocumentsFilingId""']",MaxLength,0,40
"field[FieldName='""DocumentsFilingId""']",IsForeignKey,FALSE,TRUE
"field[FieldName='""DocumentsFilingId""']",ForeignEntity,NULL,DocumentsFiling
"field[FieldName='""DocumentsFilingId""']",NavigationPropertyName,NULL,ExternalDocument
"field[FieldName='""InternalDocumentId""']",MaxLength,0,40
"field[FieldName='""InternalDocumentId""']",IsForeignKey,FALSE,TRUE
"field[FieldName='""InternalDocumentId""']",ForeignEntity,NULL,DocumentOut
"field[FieldName='""InternalDocumentId""']",NavigationPropertyName,NULL,InternalDocument
"field[FieldName='""LegType""']",MaxLength,0,40
"field[FieldName='""EventTypeId""']",IsForeignKey,FALSE,TRUE
"field[FieldName='""EventTypeId""']",ForeignEntity,NULL,EventType
"field[FieldName='""EventTypeId""']",NavigationPropertyName,NULL,EventType
"field[FieldName='""QuoteId""']",MaxLength,0,15
"field[FieldName='""QuoteId""']",IsForeignKey,FALSE,TRUE
"field[FieldName='""QuoteId""']",ForeignEntity,NULL,Quote
"field[FieldName='""QuoteId""']",NavigationPropertyName,NULL,Quote
"field[FieldName='""OwnerUserId""']",IsForeignKey,FALSE,TRUE
"field[FieldName='""OwnerUserId""']",ForeignEntity,NULL,User
"field[FieldName='""OwnerUserId""']",NavigationPropertyName,NULL,OwnerUser
"field[FieldName='""Area""']",MaxLength,0,20
"field[FieldName='""DocumentTypeId""']",MaxLength,0,15
"field[FieldName='""DocumentTypeId""']",IsForeignKey,FALSE,TRUE
"field[FieldName='""DocumentTypeId""']",ForeignEntity,NULL,DocumentType
"field[FieldName='""DocumentTypeId""']",NavigationPropertyName,NULL,DocumentType
"field[FieldName='""AutomationId""']",MaxLength,0,15
"field[FieldName='""AutomationId""']",IsForeignKey,FALSE,TRUE
"field[FieldName='""AutomationId""']",ForeignEntity,NULL,Automation
"field[FieldName='""AutomationId""']",NavigationPropertyName,NULL,Automation
"field[FieldName='""DateEscalationActionTimeIndicatorCode""']",MaxLength,0,2
"field[FieldName='""DateFieldName""']",MaxLength,0,120
,,,
,,,
LXML File: IATACode.lxml,,,
Element,Attribute,Old Value,New Value
entity,DxmlDatabaseTypeCode,NULL,Main
entity,DxmlDatabaseSchemaCode,NULL,dbo
"field[FieldName='""Id""']",MaxLength,0,15
"field[FieldName='""DueTypeCode""']",IsForeignKey,FALSE,TRUE
"field[FieldName='""DueTypeCode""']",ForeignEntity,NULL,DueType
"field[FieldName='""DueTypeCode""']",NavigationPropertyName,NULL,DueType
"field[FieldName='""SearchFields""']",FieldsDataType,Text,nText
"field[FieldName='""IsIATA""']",MaxLength,1,0
"field[FieldName='""AirlineId""']",IsForeignKey,FALSE,TRUE
"field[FieldName='""AirlineId""']",ForeignEntity,NULL,Card
"field[FieldName='""AirlineId""']",NavigationPropertyName,NULL,Airline
,,,
,,,
LXML File: InboundEmail.lxml,,,
Element,Attribute,Old Value,New Value
entity,DxmlDatabaseTypeCode,NULL,Main
entity,DxmlDatabaseSchemaCode,NULL,dbo
"field[FieldName='""Id""']",MaxLength,0,15
"field[FieldName='""Tenant""']",MaxLength,1,0
"field[FieldName='""EntityId""']",MaxLength,15,40
"field[FieldName='""CreateDate""']",MaxLength,1,0
"field[FieldName='""UpdateDate""']",MaxLength,1,0
"field[FieldName='""ObjectTableId""']",IsForeignKey,FALSE,TRUE
"field[FieldName='""ObjectTableId""']",ForeignEntity,NULL,ObjectTable
"field[FieldName='""ObjectTableId""']",NavigationPropertyName,NULL,ObjectTable
"field[FieldName='""CreatedByContactId""']",IsForeignKey,FALSE,TRUE
"field[FieldName='""CreatedByContactId""']",ForeignEntity,NULL,Contact
"field[FieldName='""CreatedByContactId""']",NavigationPropertyName,NULL,CreatedByContact
"field[FieldName='""AnalyzeQueueId""']",MaxLength,0,15
,,,
,,,
LXML File: InboundEmailLine.lxml,,,
Element,Attribute,Old Value,New Value
entity,DxmlDatabaseTypeCode,NULL,Main
entity,DxmlDatabaseSchemaCode,NULL,dbo
"field[FieldName='""Id""']",MaxLength,0,15
"field[FieldName='""Sender""']",FieldsDataType,Text,nText
"field[FieldName='""Sender""']",MaxLength,70,100
"field[FieldName='""Recepient""']",FieldsDataType,Text,nText
"field[FieldName='""Recepient""']",MaxLength,70,100
"field[FieldName='""Subject""']",FieldsDataType,Text,nText
"field[FieldName='""Body""']",FieldsDataType,Text,nText
"field[FieldName='""FullBody""']",FieldsDataType,Text,nText
"field[FieldName='""FullBody""']",IsMaxLength,FALSE,TRUE
"field[FieldName='""HTMLFullBody""']",FieldsDataType,Text,nText
"field[FieldName='""HTMLFullBody""']",IsMaxLength,FALSE,TRUE
"field[FieldName='""CreateDate""']",MaxLength,1,0
"field[FieldName='""CCs""']",MaxLength,500,4000
"field[FieldName='""Bcc""']",MaxLength,0,500
"field[FieldName='""InternalUsers""']",MaxLength,0,4000
"field[FieldName='""Direction""']",IsRequired,TRUE,FALSE
"field[FieldName='""EntityLineId""']",MaxLength,0,15
"field[FieldName='""EntityLineId""']",IsRequired,FALSE,TRUE
"field[FieldName='""InboundEmailId""']",MaxLength,0,15
"field[FieldName='""InboundEmailId""']",IsRequired,FALSE,TRUE
"field[FieldName='""InboundEmailId""']",IsForeignKey,FALSE,TRUE
"field[FieldName='""InboundEmailId""']",ForeignEntity,NULL,InboundEmail
"field[FieldName='""InboundEmailId""']",NavigationPropertyName,NULL,InboundEmail
"field[FieldName='""CommunicationLogId""']",IsRequired,TRUE,FALSE
"field[FieldName='""CommunicationLogId""']",IsForeignKey,FALSE,TRUE
"field[FieldName='""CommunicationLogId""']",ForeignEntity,NULL,CommunicationLog
"field[FieldName='""CommunicationLogId""']",NavigationPropertyName,NULL,CommunicationLog
,,,
,,,
LXML File: MoveType.lxml,,,
Element,Attribute,Old Value,New Value
entity,DxmlDatabaseTypeCode,NULL,Main
entity,DxmlDatabaseSchemaCode,NULL,dbo
"field[FieldName='""Id""']",MaxLength,0,15
"field[FieldName='""TransportModeId""']",MaxLength,15,1
"field[FieldName='""TransportModeId""']",IsForeignKey,FALSE,TRUE
"field[FieldName='""TransportModeId""']",ForeignEntity,NULL,TransportMode
"field[FieldName='""TransportModeId""']",NavigationPropertyName,NULL,TransportMode
"field[FieldName='""SearchFields""']",FieldsDataType,Text,nText
,,,
,,,
LXML File: ObjectField.lxml,,,
Element,Attribute,Old Value,New Value
entity,DxmlDatabaseTypeCode,NULL,Main
entity,DxmlDatabaseSchemaCode,NULL,dbo
"field[FieldName='""Id""']",MaxLength,0,15
"field[FieldName='""FieldCode""']",IsRequired,FALSE,TRUE
"field[FieldName='""FullNameTextCodeId""']",MaxLength,0,30
"field[FieldName='""FullNameTextCodeId""']",IsForeignKey,FALSE,TRUE
"field[FieldName='""FullNameTextCodeId""']",ForeignEntity,NULL,TextCode
"field[FieldName='""FullNameTextCodeId""']",NavigationPropertyName,NULL,FullNameTextCode
"field[FieldName='""ObjectTableId""']",IsRequired,FALSE,TRUE
"field[FieldName='""ObjectTableId""']",IsForeignKey,FALSE,TRUE
"field[FieldName='""ObjectTableId""']",ForeignEntity,NULL,ObjectTable
"field[FieldName='""ObjectTableId""']",NavigationPropertyName,NULL,ObjectTable
"field[FieldName='""FieldName""']",MaxLength,500,100
"field[FieldName='""FieldName""']",IsRequired,FALSE,TRUE
"field[FieldName='""Code""']",MaxLength,0,100
"field[FieldName='""Code""']",IsRequired,FALSE,TRUE
"field[FieldName='""DataTypeCode""']",MaxLength,0,10
"field[FieldName='""DataTypeCode""']",IsForeignKey,FALSE,TRUE
"field[FieldName='""DataTypeCode""']",ForeignEntity,NULL,FieldDataType
"field[FieldName='""DataTypeCode""']",NavigationPropertyName,NULL,DataType
"field[FieldName='""HelpTextCodeId""']",MaxLength,0,30
"field[FieldName='""HelpTextCodeId""']",IsForeignKey,FALSE,TRUE
"field[FieldName='""HelpTextCodeId""']",ForeignEntity,NULL,TextCode
"field[FieldName='""HelpTextCodeId""']",NavigationPropertyName,NULL,HelpTextCode
"field[FieldName='""LookUpTableId""']",MaxLength,0,15
"field[FieldName='""LookUpTableId""']",IsForeignKey,FALSE,TRUE
"field[FieldName='""LookUpTableId""']",ForeignEntity,NULL,ObjectTable
"field[FieldName='""LookUpTableId""']",NavigationPropertyName,NULL,ObjectTable_LookUpTable
"field[FieldName='""ListTextCodeId""']",MaxLength,0,30
"field[FieldName='""ListTextCodeId""']",IsForeignKey,FALSE,TRUE
"field[FieldName='""ListTextCodeId""']",ForeignEntity,NULL,TextCode
"field[FieldName='""ListTextCodeId""']",NavigationPropertyName,NULL,ListTextCode
"field[FieldName='""Operator""']",MaxLength,0,40
"field[FieldName='""PMPropertyPath""']",MaxLength,0,100
"field[FieldName='""ListPropertyPath""']",MaxLength,0,100
"field[FieldName='""LookUpControlName""']",MaxLength,0,50
"field[FieldName='""ShortNameTextCodeId""']",MaxLength,0,30
"field[FieldName='""ShortNameTextCodeId""']",IsForeignKey,FALSE,TRUE
"field[FieldName='""ShortNameTextCodeId""']",ForeignEntity,NULL,TextCode
"field[FieldName='""ShortNameTextCodeId""']",NavigationPropertyName,NULL,ShortNameTextCode
"field[FieldName='""MultiTableId""']",MaxLength,0,15
"field[FieldName='""MultiTableId""']",IsForeignKey,FALSE,TRUE
"field[FieldName='""MultiTableId""']",ForeignEntity,NULL,ObjectTable
"field[FieldName='""MultiTableId""']",NavigationPropertyName,NULL,ObjectTable_MultiTable
"field[FieldName='""DependencyFilter1Value""']",MaxLength,0,50
"field[FieldName='""DependencyFilter2Value""']",MaxLength,0,40
"field[FieldName='""DependencyFilter3Value""']",MaxLength,0,40
"field[FieldName='""DependencyFilter1Type""']",MaxLength,0,20
"field[FieldName='""DependencyFilter2Type""']",MaxLength,0,20
"field[FieldName='""DependencyFilter3Type""']",MaxLength,0,20
"field[FieldName='""ControlField1""']",MaxLength,0,100
"field[FieldName='""ControlField2""']",MaxLength,0,100
"field[FieldName='""ControlField3""']",MaxLength,0,100
"field[FieldName='""ValidForQuerySection1""']",MaxLength,0,100
"field[FieldName='""ValidForQuerySection2""']",MaxLength,0,100
"field[FieldName='""TextCase""']",MaxLength,0,30
"field[FieldName='""SearchFields""']",FieldsDataType,Text,nText
"field[FieldName='""SearchFields""']",MaxLength,0,1000
"field[FieldName='""DisplayInLookupColumnSize""']",MaxLength,0,15
"field[FieldName='""CustomerPermissionTypeCode""']",MaxLength,0,15
"field[FieldName='""CustomerPermissionTypeCode""']",IsForeignKey,FALSE,TRUE
"field[FieldName='""CustomerPermissionTypeCode""']",ForeignEntity,NULL,PermissionType
"field[FieldName='""CustomerPermissionTypeCode""']",NavigationPropertyName,NULL,CustomerPermissionType
"field[FieldName='""AgentPermissionTypeCode""']",MaxLength,0,15
"field[FieldName='""AgentPermissionTypeCode""']",IsForeignKey,FALSE,TRUE
"field[FieldName='""AgentPermissionTypeCode""']",ForeignEntity,NULL,PermissionType
"field[FieldName='""AgentPermissionTypeCode""']",NavigationPropertyName,NULL,AgentPermissionType
"field[FieldName='""CustomPickListCode""']",MaxLength,0,60
"field[FieldName='""AllowedinAutomationConditions""']",MaxLength,1,0
"field[FieldName='""CanAutomateSetValue""']",MaxLength,1,0
"field[FieldName='""GeneratedComponentPath""']",MaxLength,0,250
"field[FieldName='""ConverterName""']",MaxLength,0,100
"field[FieldName='""DataTemplateName""']",MaxLength,0,50
"field[FieldName='""ColumnHeaderTemplateName""']",MaxLength,0,50
"field[FieldName='""HtmlHeaderComponentUrl""']",MaxLength,0,256
"field[FieldName='""HtmlListComponentUrl""']",MaxLength,0,256
"field[FieldName='""HtmlHeaderComponentName""']",MaxLength,0,100
"field[FieldName='""HtmlListComponentName""']",MaxLength,0,100
,,,
,,,
LXML File: ObjectTable.lxml,,,
Element,Attribute,Old Value,New Value
entity,DxmlDatabaseTypeCode,NULL,Main
entity,DxmlDatabaseSchemaCode,NULL,dbo
"field[FieldName='""Id""']",MaxLength,0,15
"field[FieldName='""NewWizardControlName""']",MaxLength,0,250
"field[FieldName='""LookUp1""']",MaxLength,0,40
"field[FieldName='""LookUp2""']",MaxLength,0,40
"field[FieldName='""DependencyFilter1""']",MaxLength,0,40
"field[FieldName='""DependencyFilter2""']",MaxLength,0,40
"field[FieldName='""DependencyFilter3""']",MaxLength,0,40
"field[FieldName='""KeyPropertyPath""']",MaxLength,0,100
"field[FieldName='""HeaderScreenId""']",MaxLength,0,15
"field[FieldName='""HeaderScreenId""']",IsForeignKey,FALSE,TRUE
"field[FieldName='""HeaderScreenId""']",ForeignEntity,NULL,Screen
"field[FieldName='""HeaderScreenId""']",NavigationPropertyName,NULL,HeaderScreen
"field[FieldName='""SortingByObjectField""']",MaxLength,0,100
"field[FieldName='""DBTableName""']",MaxLength,0,100
"field[FieldName='""DescriptionTextCodeId""']",MaxLength,0,30
"field[FieldName='""DescriptionTextCodeId""']",IsForeignKey,FALSE,TRUE
"field[FieldName='""DescriptionTextCodeId""']",ForeignEntity,NULL,TextCode
"field[FieldName='""DescriptionTextCodeId""']",NavigationPropertyName,NULL,DescriptionTextCode
"field[FieldName='""MainTipCode""']",MaxLength,0,4
"field[FieldName='""MainTipCode""']",IsForeignKey,FALSE,TRUE
"field[FieldName='""MainTipCode""']",ForeignEntity,NULL,Tip
"field[FieldName='""MainTipCode""']",NavigationPropertyName,NULL,MainTip
"field[FieldName='""ObjectTableTypeCode""']",MaxLength,0,4
"field[FieldName='""ObjectTableTypeCode""']",IsRequired,FALSE,TRUE
"field[FieldName='""ObjectTableTypeCode""']",IsForeignKey,FALSE,TRUE
"field[FieldName='""ObjectTableTypeCode""']",ForeignEntity,NULL,ObjectTableType
"field[FieldName='""ObjectTableTypeCode""']",NavigationPropertyName,NULL,ObjectTableType
"field[FieldName='""EntityResource""']",FieldsDataType,Text,Binary
"field[FieldName='""EntityResource""']",IsMaxLength,FALSE,TRUE
"field[FieldName='""NewButtonTextCodeId""']",MaxLength,0,30
"field[FieldName='""NewButtonTextCodeId""']",IsForeignKey,FALSE,TRUE
"field[FieldName='""NewButtonTextCodeId""']",ForeignEntity,NULL,TextCode
"field[FieldName='""NewButtonTextCodeId""']",NavigationPropertyName,NULL,NewButtonTextCode
"field[FieldName='""NameField""']",MaxLength,15,60
"field[FieldName='""LovDisplayMemberPath""']",FieldsDataType,Text,nText
"field[FieldName='""LovDisplayMemberPath""']",IsMaxLength,FALSE,TRUE
"field[FieldName='""LovDisplayMemberPathLocal""']",FieldsDataType,Text,nText
"field[FieldName='""LovDisplayMemberPathLocal""']",IsMaxLength,FALSE,TRUE
"field[FieldName='""ClientModuleName""']",MaxLength,0,60
"field[FieldName='""ServerModuleName""']",MaxLength,0,60
"field[FieldName='""NewWizardComponentPath""']",MaxLength,0,250
"field[FieldName='""UpdateKey""']",MaxLength,0,100
"field[FieldName='""DownloadToExcelFeatureCode""']",MaxLength,0,120
,,,
,,,
LXML File: PrepaidCollect.lxml,,,
Element,Attribute,Old Value,New Value
entity,DxmlDatabaseTypeCode,NULL,Main
entity,DxmlDatabaseSchemaCode,NULL,dbo
"field[FieldName='""DisplayInLOV""']",MaxLength,40,0
"field[FieldName='""SearchFields""']",FieldsDataType,Text,nText
,,,
,,,
LXML File: QueueMessageMoreDetails.lxml,,,
Element,Attribute,Old Value,New Value
entity,DxmlDatabaseTypeCode,NULL,Main
entity,DxmlDatabaseSchemaCode,NULL,dbo
"field[FieldName='""Id""']",FieldsDataType,Text,BigInteger
"field[FieldName='""Id""']",MaxLength,40,0
"field[FieldName='""QueueDefinitionCode""']",MaxLength,0,265
"field[FieldName='""QueueDefinitionCode""']",IsRequired,FALSE,TRUE
"field[FieldName='""QueueDefinitionCode""']",IsForeignKey,FALSE,TRUE
"field[FieldName='""QueueDefinitionCode""']",ForeignEntity,NULL,QueueDefinition
"field[FieldName='""QueueDefinitionCode""']",NavigationPropertyName,NULL,QueueDefinition
"field[FieldName='""MessageBody""']",MaxLength,0,1000
"field[FieldName='""MessageBody""']",IsRequired,FALSE,TRUE
"field[FieldName='""Field1""']",MaxLength,0,15
"field[FieldName='""Field2""']",MaxLength,0,15
"field[FieldName='""Field3""']",MaxLength,0,15
,,,
,,,
LXML File: RatesTable.lxml,,,
Element,Attribute,Old Value,New Value
entity,DxmlDatabaseTypeCode,NULL,Main
entity,DxmlDatabaseSchemaCode,NULL,dbo
"field[FieldName='""Id""']",MaxLength,0,15
"field[FieldName='""BaseCurrencyId""']",IsForeignKey,FALSE,TRUE
"field[FieldName='""BaseCurrencyId""']",ForeignEntity,NULL,Currency
"field[FieldName='""BaseCurrencyId""']",NavigationPropertyName,NULL,BaseCurrency
"field[FieldName='""ForeignCurrencyId""']",IsForeignKey,FALSE,TRUE
"field[FieldName='""ForeignCurrencyId""']",ForeignEntity,NULL,Currency
"field[FieldName='""ForeignCurrencyId""']",NavigationPropertyName,NULL,ForeignCurrency
"field[FieldName='""Rate""']",MaxLength,15,0
"field[FieldName='""ValueDate""']",MaxLength,15,0
,,,
,,,
LXML File: RuleUpdateHistory.lxml,,,
Element,Attribute,Old Value,New Value
entity,DxmlDatabaseTypeCode,NULL,Main
entity,DxmlDatabaseSchemaCode,NULL,dbo
"field[FieldName='""RuleCode""']",IsRequired,TRUE,FALSE
,,,
,,,
LXML File: SchedulerProcedure.lxml,,,
Element,Attribute,Old Value,New Value
entity,DBTableName,SchedulerProcedures,SchedulerProcedure
entity,DxmlDatabaseTypeCode,NULL,Main
entity,DxmlDatabaseSchemaCode,NULL,dbo
"field[FieldName='""SearchFields""']",IsMaxLength,TRUE,FALSE
"field[FieldName='""IsInternallyDefined""']",IsRequired,TRUE,FALSE
"field[FieldName='""IsInternallyDefined""']",IsNullable,FALSE,TRUE
,,,
,,,
LXML File: SharedLogisticsInvitationStatus.lxml,,,
Element,Attribute,Old Value,New Value
entity,DxmlDatabaseTypeCode,NULL,Main
entity,DxmlDatabaseSchemaCode,NULL,dbo
"field[FieldName='""SearchFields""']",FieldsDataType,Text,nText
,,,
,,,
LXML File: TaskSchedulerHistory.lxml,,,
Element,Attribute,Old Value,New Value
entity,DxmlDatabaseTypeCode,NULL,Main
entity,DxmlDatabaseSchemaCode,NULL,dbo
"field[FieldName='""Id""']",MaxLength,0,15
"field[FieldName='""RunResult""']",MaxLength,0,200
"field[FieldName='""TaskId""']",MaxLength,0,15
"field[FieldName='""TaskId""']",IsRequired,FALSE,TRUE
"field[FieldName='""TaskId""']",IsForeignKey,FALSE,TRUE
"field[FieldName='""TaskId""']",ForeignEntity,NULL,TasksScheduler
"field[FieldName='""TaskId""']",NavigationPropertyName,NULL,TaskScheduler
,,,
,,,
LXML File: TasksScheduler.lxml,,,
Element,Attribute,Old Value,New Value
entity,DxmlDatabaseTypeCode,NULL,Main
entity,DxmlDatabaseSchemaCode,NULL,dbo
"field[FieldName='""Id""']",MaxLength,0,15
"field[FieldName='""CreatedBy""']",IsRequired,FALSE,TRUE
"field[FieldName='""UpdatedBy""']",IsRequired,FALSE,TRUE
"field[FieldName='""InActive""']",MaxLength,100,0
"field[FieldName='""Satarday""']",MaxLength,100,0
"field[FieldName='""Sunday""']",MaxLength,100,0
"field[FieldName='""Monday""']",MaxLength,100,0
"field[FieldName='""Tuesday""']",MaxLength,100,0
"field[FieldName='""Wednesday""']",MaxLength,100,0
"field[FieldName='""Thursday""']",MaxLength,100,0
"field[FieldName='""Friday""']",MaxLength,100,0
"field[FieldName='""StartDateTime""']",MaxLength,100,0
"field[FieldName='""RepeatInMinutes""']",MaxLength,100,0
"field[FieldName='""RepeatInMinutes""']",IsRequired,TRUE,FALSE
"field[FieldName='""RepeatInMinutes""']",IsNullable,FALSE,TRUE
"field[FieldName='""IsLastRunError""']",MaxLength,100,0
"field[FieldName='""SchedulerDetailsXML""']",FieldsDataType,Text,nText
"field[FieldName='""NextRunTimeUTC""']",IsRequired,TRUE,FALSE
"field[FieldName='""NextRunTimeUTC""']",IsNullable,FALSE,TRUE
"field[FieldName='""Status""']",MaxLength,30,25
,,,
,,,
LXML File: TextCode.lxml,,,
Element,Attribute,Old Value,New Value
entity,DxmlDatabaseTypeCode,NULL,Main
entity,DxmlDatabaseSchemaCode,NULL,dbo
"field[FieldName='""Id""']",MaxLength,0,30
"field[FieldName='""Code""']",MaxLength,0,100
"field[FieldName='""Code""']",IsRequired,FALSE,TRUE
"field[FieldName='""DefaultText""']",FieldsDataType,Text,nText
"field[FieldName='""ObjectTableId""']",MaxLength,0,15
"field[FieldName='""ObjectTableId""']",IsRequired,FALSE,TRUE
"field[FieldName='""ObjectTableId""']",IsForeignKey,FALSE,TRUE
"field[FieldName='""ObjectTableId""']",ForeignEntity,NULL,ObjectTable
"field[FieldName='""ObjectTableId""']",NavigationPropertyName,NULL,ObjectTable
"field[FieldName='""TextCodeTypeCode""']",MaxLength,0,4
"field[FieldName='""TextCodeTypeCode""']",IsRequired,FALSE,TRUE
"field[FieldName='""TextCodeTypeCode""']",IsForeignKey,FALSE,TRUE
"field[FieldName='""TextCodeTypeCode""']",ForeignEntity,NULL,TextCodeType
"field[FieldName='""TextCodeTypeCode""']",NavigationPropertyName,NULL,TextCodeType
"field[FieldName='""SpellCheckedByUserId""']",MaxLength,0,15
"field[FieldName='""SpellCheckedByUserId""']",IsForeignKey,FALSE,TRUE
"field[FieldName='""SpellCheckedByUserId""']",ForeignEntity,NULL,User
"field[FieldName='""SpellCheckedByUserId""']",NavigationPropertyName,NULL,SpellCheckedByUser
"field[FieldName='""LocalDefaultText""']",FieldsDataType,Text,nText
,,,
,,,
LXML File: TraceEvent.lxml,,,
Element,Attribute,Old Value,New Value
entity,DxmlDatabaseTypeCode,NULL,Main
entity,DxmlDatabaseSchemaCode,NULL,dbo
"field[FieldName='""Id""']",MaxLength,0,40
"field[FieldName='""EntityId""']",MaxLength,0,15
"field[FieldName='""EntityId""']",IsRequired,FALSE,TRUE
"field[FieldName='""EventTypeId""']",IsForeignKey,FALSE,TRUE
"field[FieldName='""EventTypeId""']",ForeignEntity,NULL,EventType
"field[FieldName='""EventTypeId""']",NavigationPropertyName,NULL,EventType
"field[FieldName='""ObjectTableId""']",MaxLength,0,15
"field[FieldName='""ObjectTableId""']",IsRequired,FALSE,TRUE
"field[FieldName='""ObjectTableId""']",IsForeignKey,FALSE,TRUE
"field[FieldName='""ObjectTableId""']",ForeignEntity,NULL,ObjectTable
"field[FieldName='""ObjectTableId""']",NavigationPropertyName,NULL,ObjectTable
"field[FieldName='""LogDateTime""']",MaxLength,15,0
"field[FieldName='""EventDateTime""']",MaxLength,15,0
"field[FieldName='""ExternalId""']",MaxLength,0,40
"field[FieldName='""UserId""']",IsRequired,TRUE,FALSE
"field[FieldName='""UserId""']",IsForeignKey,FALSE,TRUE
"field[FieldName='""UserId""']",ForeignEntity,NULL,User
"field[FieldName='""UserId""']",NavigationPropertyName,NULL,User
"field[FieldName='""CustomerCareUserEmail""']",MaxLength,0,70
"field[FieldName='""PartnerName""']",MaxLength,0,70
,,,
,,,
LXML File: TransportMode.lxml,,,
Element,Attribute,Old Value,New Value
entity,DxmlDatabaseTypeCode,NULL,Main
entity,DxmlDatabaseSchemaCode,NULL,dbo
"field[FieldName='""Id""']",MaxLength,0,1
"field[FieldName='""SearchFields""']",FieldsDataType,Text,nText
,,,
,,,
LXML File: VolumeUnit.lxml,,,
Element,Attribute,Old Value,New Value
entity,DxmlDatabaseTypeCode,NULL,Main
entity,DxmlDatabaseSchemaCode,NULL,dbo
"field[FieldName='""SearchFields""']",FieldsDataType,Text,nText
,,,
,,,
LXML File: Account.lxml,,,
Element,Attribute,Old Value,New Value
entity,DBTableName,Accounts,Accounts1
entity,DxmlDatabaseTypeCode,NULL,Main
entity,DxmlDatabaseSchemaCode,NULL,dbo
"field[FieldName='""Id""']",MaxLength,0,15
"field[FieldName='""Code""']",FieldsDataType,Text,nText
"field[FieldName='""Name""']",FieldsDataType,Text,nText
"field[FieldName='""AccountTypeCode""']",IsForeignKey,FALSE,TRUE
"field[FieldName='""AccountTypeCode""']",ForeignEntity,NULL,AccountType
"field[FieldName='""AccountTypeCode""']",NavigationPropertyName,NULL,AccountType
"field[FieldName='""ExternalAccountingCard""']",FieldsDataType,Text,nText
"field[FieldName='""InActive""']",MaxLength,15,0
"field[FieldName='""AddedManually""']",MaxLength,15,0
"field[FieldName='""SearchFields""']",FieldsDataType,Text,nText
,,,
,,,
LXML File: AccountingPaymentMethod.lxml,,,
Element,Attribute,Old Value,New Value
entity,DxmlDatabaseTypeCode,NULL,Main
entity,DxmlDatabaseSchemaCode,NULL,dbo
"field[FieldName='""Id""']",MaxLength,0,15
"field[FieldName='""SearchFields""']",FieldsDataType,Text,nText
"field[FieldName='""AddedManually""']",MaxLength,2,0
"field[FieldName='""Inactive""']",MaxLength,2,0
"field[FieldName='""IsAR""']",MaxLength,2,0
"field[FieldName='""IsAP""']",MaxLength,2,0
,,,
,,,
LXML File: AccountingSystemsSetting.lxml,,,
Element,Attribute,Old Value,New Value
entity,DxmlDatabaseTypeCode,NULL,Main
entity,DxmlDatabaseSchemaCode,NULL,dbo
,,,
,,,
LXML File: AccountingSystemsSyncStatus.lxml,,,
Element,Attribute,Old Value,New Value
entity,DxmlDatabaseTypeCode,NULL,Main
entity,DxmlDatabaseSchemaCode,NULL,dbo
"field[FieldName='""LastError""']",FieldsDataType,Text,nText
"field[FieldName='""LastError""']",IsMaxLength,FALSE,TRUE
,,,
,,,
LXML File: AccountingTransferHeader.lxml,,,
Element,Attribute,Old Value,New Value
entity,DxmlDatabaseTypeCode,NULL,Main
entity,DxmlDatabaseSchemaCode,NULL,dbo
"field[FieldName='""Id""']",MaxLength,0,15
"field[FieldName='""TransferNumber""']",IsRequired,FALSE,TRUE
"field[FieldName='""TransferDate""']",MaxLength,15,0
"field[FieldName='""TransferDate""']",IsRequired,TRUE,FALSE
"field[FieldName='""TransferDate""']",IsNullable,FALSE,TRUE
"field[FieldName='""FileName""']",IsRequired,FALSE,TRUE
"field[FieldName='""AccountingTransferTypeCode""']",IsForeignKey,FALSE,TRUE
"field[FieldName='""AccountingTransferTypeCode""']",ForeignEntity,NULL,AccountingTransferType
"field[FieldName='""AccountingTransferTypeCode""']",NavigationPropertyName,NULL,TransferType
"field[FieldName='""SearchFields""']",FieldsDataType,Text,nText
"field[FieldName='""UserId""']",IsRequired,FALSE,TRUE
"field[FieldName='""UserId""']",IsForeignKey,FALSE,TRUE
"field[FieldName='""UserId""']",ForeignEntity,NULL,User
"field[FieldName='""UserId""']",NavigationPropertyName,NULL,User
,,,
,,,
LXML File: AccountingTransferLine.lxml,,,
Element,Attribute,Old Value,New Value
entity,DxmlDatabaseTypeCode,NULL,Main
entity,DxmlDatabaseSchemaCode,NULL,dbo
"field[FieldName='""Id""']",MaxLength,0,15
"field[FieldName='""EntityId""']",IsRequired,FALSE,TRUE
"field[FieldName='""AccountingTransferHeaderId""']",IsRequired,FALSE,TRUE
"field[FieldName='""AccountingTransferHeaderId""']",IsForeignKey,FALSE,TRUE
"field[FieldName='""AccountingTransferHeaderId""']",ForeignEntity,NULL,AccountingTransferHeader
"field[FieldName='""AccountingTransferHeaderId""']",NavigationPropertyName,NULL,AccountingTransferHeader
"field[FieldName='""SearchFields""']",FieldsDataType,Text,nText
,,,
,,,
LXML File: AccountingTransferType.lxml,,,
Element,Attribute,Old Value,New Value
entity,DxmlDatabaseTypeCode,NULL,Main
entity,DxmlDatabaseSchemaCode,NULL,dbo
"field[FieldName='""SearchFields""']",FieldsDataType,Text,nText
,,,
,,,
LXML File: AccountType.lxml,,,
Element,Attribute,Old Value,New Value
entity,DxmlDatabaseTypeCode,NULL,Main
entity,DxmlDatabaseSchemaCode,NULL,dbo
"field[FieldName='""Name""']",MaxLength,30,40
"field[FieldName='""SearchFields""']",FieldsDataType,Text,nText
,,,
,,,
LXML File: APInvoice.lxml,,,
Element,Attribute,Old Value,New Value
entity,DxmlDatabaseTypeCode,NULL,Main
entity,DxmlDatabaseSchemaCode,NULL,dbo
"field[FieldName='""Id""']",MaxLength,0,15
"field[FieldName='""InternalNumber""']",IsRequired,FALSE,TRUE
"field[FieldName='""VendorId""']",IsForeignKey,FALSE,TRUE
"field[FieldName='""VendorId""']",ForeignEntity,NULL,Card
"field[FieldName='""VendorId""']",NavigationPropertyName,NULL,VendorCard
"field[FieldName='""PaymentTermId""']",IsForeignKey,FALSE,TRUE
"field[FieldName='""PaymentTermId""']",ForeignEntity,NULL,PaymentTerm
"field[FieldName='""PaymentTermId""']",NavigationPropertyName,NULL,PaymentTerm
"field[FieldName='""InvoiceCurrencyId""']",IsForeignKey,FALSE,TRUE
"field[FieldName='""InvoiceCurrencyId""']",ForeignEntity,NULL,Currency
"field[FieldName='""InvoiceCurrencyId""']",NavigationPropertyName,NULL,InvoiceCurrency
"field[FieldName='""LocalCurrencyId""']",IsForeignKey,FALSE,TRUE
"field[FieldName='""LocalCurrencyId""']",ForeignEntity,NULL,Currency
"field[FieldName='""LocalCurrencyId""']",NavigationPropertyName,NULL,LocalCurrency
"field[FieldName='""InternalNotes""']",FieldsDataType,Text,nText
"field[FieldName='""StatusCode""']",IsRequired,FALSE,TRUE
"field[FieldName='""StatusCode""']",IsForeignKey,FALSE,TRUE
"field[FieldName='""StatusCode""']",ForeignEntity,NULL,APInvoiceStatus
"field[FieldName='""StatusCode""']",NavigationPropertyName,NULL,Status
"field[FieldName='""CreatedByUserId""']",IsRequired,FALSE,TRUE
"field[FieldName='""CreatedByUserId""']",IsForeignKey,FALSE,TRUE
"field[FieldName='""CreatedByUserId""']",ForeignEntity,NULL,User
"field[FieldName='""CreatedByUserId""']",NavigationPropertyName,NULL,CreatedByUser
"field[FieldName='""IsClosed""']",MaxLength,15,0
"field[FieldName='""ProfitCurrencyId""']",IsForeignKey,FALSE,TRUE
"field[FieldName='""ProfitCurrencyId""']",ForeignEntity,NULL,Currency
"field[FieldName='""ProfitCurrencyId""']",NavigationPropertyName,NULL,ProfitCurrency
"field[FieldName='""UpdatedByUserId""']",IsRequired,FALSE,TRUE
"field[FieldName='""UpdatedByUserId""']",IsForeignKey,FALSE,TRUE
"field[FieldName='""UpdatedByUserId""']",ForeignEntity,NULL,User
"field[FieldName='""UpdatedByUserId""']",NavigationPropertyName,NULL,UpdatedByUser
"field[FieldName='""SearchFields""']",FieldsDataType,Text,nText
"field[FieldName='""AmountDue""']",MaxLength,15,0
"field[FieldName='""AmountDue""']",IsRequired,TRUE,FALSE
"field[FieldName='""AmountDue""']",IsNullable,FALSE,TRUE
"field[FieldName='""AmountDueInLocalCurrency""']",MaxLength,15,0
"field[FieldName='""AmountDueInLocalCurrency""']",IsRequired,TRUE,FALSE
"field[FieldName='""AmountDueInLocalCurrency""']",IsNullable,FALSE,TRUE
"field[FieldName='""AmountDueInProfitCurrency""']",MaxLength,15,0
"field[FieldName='""AmountDueInProfitCurrency""']",IsRequired,TRUE,FALSE
"field[FieldName='""AmountDueInProfitCurrency""']",IsNullable,FALSE,TRUE
"field[FieldName='""BranchId""']",IsForeignKey,FALSE,TRUE
"field[FieldName='""BranchId""']",ForeignEntity,NULL,Branch
"field[FieldName='""BranchId""']",NavigationPropertyName,NULL,Branch
"field[FieldName='""HouseNumber""']",FieldsDataType,Text,nText
"field[FieldName='""MasterNumber""']",FieldsDataType,Text,nText
"field[FieldName='""Description""']",FieldsDataType,Text,nText
"field[FieldName='""Description""']",MaxLength,0,250
"field[FieldName='""TransferTries""']",MaxLength,1,0
"field[FieldName='""TransferError""']",FieldsDataType,Text,nText
"field[FieldName='""IsTransferStarted""']",MaxLength,1,0
"field[FieldName='""PaymentTermExternalId""']",MaxLength,0,25
"field[FieldName='""TransferStatusCode""']",IsRequired,FALSE,TRUE
"field[FieldName='""TransferStatusCode""']",IsForeignKey,FALSE,TRUE
"field[FieldName='""TransferStatusCode""']",ForeignEntity,NULL,APInvoiceTransferStatus
"field[FieldName='""TransferStatusCode""']",NavigationPropertyName,NULL,TransferStatus
"field[FieldName='""IsMultipleEntities""']",MaxLength,1,0
"field[FieldName='""ApprovedDate""']",MaxLength,1,0
"field[FieldName='""ApprovedByUserId""']",IsForeignKey,FALSE,TRUE
"field[FieldName='""ApprovedByUserId""']",ForeignEntity,NULL,User
"field[FieldName='""ApprovedByUserId""']",NavigationPropertyName,NULL,ApprovedByUser
"field[FieldName='""OperationalDate""']",MaxLength,1,0
"field[FieldName='""AccountingDate""']",MaxLength,1,0
"field[FieldName='""IsExternalEntity""']",MaxLength,1,0
"field[FieldName='""IsGeneralInvoice""']",MaxLength,1,0
"field[FieldName='""ExternalAccountingEntityId""']",MaxLength,0,15
,,,
,,,
LXML File: APInvoiceLine.lxml,,,
Element,Attribute,Old Value,New Value
entity,DxmlDatabaseTypeCode,NULL,Main
entity,DxmlDatabaseSchemaCode,NULL,dbo
"field[FieldName='""APInvoiceId""']",IsForeignKey,FALSE,TRUE
"field[FieldName='""APInvoiceId""']",ForeignEntity,NULL,APInvoice
"field[FieldName='""APInvoiceId""']",NavigationPropertyName,NULL,APInvoice
"field[FieldName='""ChargesTypeId""']",IsForeignKey,FALSE,TRUE
"field[FieldName='""ChargesTypeId""']",ForeignEntity,NULL,ChargesType
"field[FieldName='""ChargesTypeId""']",NavigationPropertyName,NULL,ChargesType
"field[FieldName='""VatTypeId""']",IsForeignKey,FALSE,TRUE
"field[FieldName='""VatTypeId""']",ForeignEntity,NULL,VatType
"field[FieldName='""VatTypeId""']",NavigationPropertyName,NULL,VatType
"field[FieldName='""EntityId""']",MaxLength,0,15
"field[FieldName='""EntityPayableId""']",MaxLength,0,15
"field[FieldName='""VatPercentage""']",MaxLength,1,0
"field[FieldName='""VatAmount""']",MaxLength,1,0
"field[FieldName='""ForiegnCurrencyId""']",IsForeignKey,FALSE,TRUE
"field[FieldName='""ForiegnCurrencyId""']",ForeignEntity,NULL,Currency
"field[FieldName='""ForiegnCurrencyId""']",NavigationPropertyName,NULL,Currency
"field[FieldName='""Description""']",FieldsDataType,Text,nText
"field[FieldName='""AuthorizedSignatory""']",MaxLength,1,0
,,,
,,,
LXML File: APInvoicePayment.lxml,,,
Element,Attribute,Old Value,New Value
entity,DBTableName,APInvoicePayment,APInvoicePayments
entity,DxmlDatabaseTypeCode,NULL,Main
entity,DxmlDatabaseSchemaCode,NULL,dbo
"field[FieldName='""Id""']",MaxLength,0,15
"field[FieldName='""PaymentAmount""']",MaxLength,1,0
"field[FieldName='""ExchangeRate""']",MaxLength,1,0
"field[FieldName='""APInvoiceId""']",IsForeignKey,FALSE,TRUE
"field[FieldName='""APInvoiceId""']",ForeignEntity,NULL,APInvoice
"field[FieldName='""APInvoiceId""']",NavigationPropertyName,NULL,APInvoice
"field[FieldName='""APPaymentId""']",IsForeignKey,FALSE,TRUE
"field[FieldName='""APPaymentId""']",ForeignEntity,NULL,APPayment
"field[FieldName='""APPaymentId""']",NavigationPropertyName,NULL,APPayment
"field[FieldName='""ForeignCurrencyId""']",IsForeignKey,FALSE,TRUE
"field[FieldName='""ForeignCurrencyId""']",ForeignEntity,NULL,Currency
"field[FieldName='""ForeignCurrencyId""']",NavigationPropertyName,NULL,ForeignCurrency
,,,
,,,
LXML File: APInvoiceStatus.lxml,,,
Element,Attribute,Old Value,New Value
entity,DxmlDatabaseTypeCode,NULL,Main
entity,DxmlDatabaseSchemaCode,NULL,dbo
"field[FieldName='""Name""']",MaxLength,20,40
"field[FieldName='""SearchFields""']",FieldsDataType,Text,nText
,,,
,,,
LXML File: APInvoiceTotalVAT.lxml,,,
Element,Attribute,Old Value,New Value
entity,DxmlDatabaseTypeCode,NULL,Main
entity,DxmlDatabaseSchemaCode,NULL,dbo
"field[FieldName='""Id""']",MaxLength,0,15
"field[FieldName='""VatTypeId""']",IsForeignKey,FALSE,TRUE
"field[FieldName='""VatTypeId""']",ForeignEntity,NULL,VatType
"field[FieldName='""VatTypeId""']",NavigationPropertyName,NULL,VatType
"field[FieldName='""APInvoiceId""']",IsForeignKey,FALSE,TRUE
"field[FieldName='""APInvoiceId""']",ForeignEntity,NULL,APInvoice
"field[FieldName='""APInvoiceId""']",NavigationPropertyName,NULL,APInvoice
"field[FieldName='""ExternalVATCard""']",MaxLength,0,25
"field[FieldName='""ExternalTAXItemId""']",MaxLength,0,25
,,,
,,,
LXML File: APInvoiceTransferStatus.lxml,,,
Element,Attribute,Old Value,New Value
entity,DxmlDatabaseTypeCode,NULL,Main
entity,DxmlDatabaseSchemaCode,NULL,dbo
,,,
,,,
LXML File: APInvoiceType.lxml,,,
Element,Attribute,Old Value,New Value
entity,DxmlDatabaseTypeCode,NULL,Main
entity,DxmlDatabaseSchemaCode,NULL,dbo
"field[FieldName='""Name""']",MaxLength,20,40
"field[FieldName='""SearchFields""']",FieldsDataType,Text,nText
,,,
,,,
LXML File: APPayment.lxml,,,
Element,Attribute,Old Value,New Value
entity,DxmlDatabaseTypeCode,NULL,Main
entity,DxmlDatabaseSchemaCode,NULL,dbo
"field[FieldName='""Id""']",MaxLength,0,15
"field[FieldName='""PaymentNo""']",IsRequired,FALSE,TRUE
"field[FieldName='""CreatedByUserId""']",IsForeignKey,FALSE,TRUE
"field[FieldName='""CreatedByUserId""']",ForeignEntity,NULL,User
"field[FieldName='""CreatedByUserId""']",NavigationPropertyName,NULL,CreatedByUser
"field[FieldName='""PrintedByUserId""']",MaxLength,0,15
"field[FieldName='""PrintedByUserId""']",IsForeignKey,FALSE,TRUE
"field[FieldName='""PrintedByUserId""']",ForeignEntity,NULL,User
"field[FieldName='""PrintedByUserId""']",NavigationPropertyName,NULL,PrintedByUser
"field[FieldName='""LocalCurrencyId""']",IsForeignKey,FALSE,TRUE
"field[FieldName='""LocalCurrencyId""']",ForeignEntity,NULL,Currency
"field[FieldName='""LocalCurrencyId""']",NavigationPropertyName,NULL,LocalCurrency
"field[FieldName='""VendorId""']",IsForeignKey,FALSE,TRUE
"field[FieldName='""VendorId""']",ForeignEntity,NULL,Card
"field[FieldName='""VendorId""']",NavigationPropertyName,NULL,VendorCard
"field[FieldName='""StatusCode""']",IsRequired,FALSE,TRUE
"field[FieldName='""StatusCode""']",IsForeignKey,FALSE,TRUE
"field[FieldName='""StatusCode""']",ForeignEntity,NULL,APPaymentStatus
"field[FieldName='""StatusCode""']",NavigationPropertyName,NULL,Status
"field[FieldName='""IsClosed""']",MaxLength,15,0
"field[FieldName='""AccountingPaymentMethodId""']",MaxLength,20,15
"field[FieldName='""AccountingPaymentMethodId""']",IsForeignKey,FALSE,TRUE
"field[FieldName='""AccountingPaymentMethodId""']",ForeignEntity,NULL,AccountingPaymentMethod
"field[FieldName='""AccountingPaymentMethodId""']",NavigationPropertyName,NULL,AccountingPaymentMethod
"field[FieldName='""PrintNotes""']",FieldsDataType,Text,nText
"field[FieldName='""InternalNotes""']",FieldsDataType,Text,nText
"field[FieldName='""PaymentCurrencyId""']",IsForeignKey,FALSE,TRUE
"field[FieldName='""PaymentCurrencyId""']",ForeignEntity,NULL,Currency
"field[FieldName='""PaymentCurrencyId""']",NavigationPropertyName,NULL,PaymentCurrency
"field[FieldName='""VendorAddressId""']",IsForeignKey,FALSE,TRUE
"field[FieldName='""VendorAddressId""']",ForeignEntity,NULL,Address
"field[FieldName='""VendorAddressId""']",NavigationPropertyName,NULL,VendorAddress
"field[FieldName='""ChequeOrPaymentRef""']",MaxLength,30,20
"field[FieldName='""Bank""']",MaxLength,10,40
"field[FieldName='""SearchFields""']",IsMaxLength,FALSE,TRUE
"field[FieldName='""BranchId""']",IsForeignKey,FALSE,TRUE
"field[FieldName='""BranchId""']",ForeignEntity,NULL,Branch
"field[FieldName='""BranchId""']",NavigationPropertyName,NULL,Branch
"field[FieldName='""UpdatedByUserId""']",MaxLength,0,15
"field[FieldName='""UpdatedByUserId""']",IsRequired,FALSE,TRUE
"field[FieldName='""UpdatedByUserId""']",IsForeignKey,FALSE,TRUE
"field[FieldName='""UpdatedByUserId""']",ForeignEntity,NULL,User
"field[FieldName='""UpdatedByUserId""']",NavigationPropertyName,NULL,UpdatedByUser
"field[FieldName='""CreditCardTypeId""']",IsForeignKey,FALSE,TRUE
"field[FieldName='""CreditCardTypeId""']",ForeignEntity,NULL,CreditCardType
"field[FieldName='""CreditCardTypeId""']",NavigationPropertyName,NULL,CreditCardType
"field[FieldName='""ExternalAccountingEntityId""']",MaxLength,0,15
"field[FieldName='""TransferStatusCode""']",IsRequired,FALSE,TRUE
"field[FieldName='""TransferStatusCode""']",IsForeignKey,FALSE,TRUE
"field[FieldName='""TransferStatusCode""']",ForeignEntity,NULL,APPaymentTransferStatus
"field[FieldName='""TransferStatusCode""']",NavigationPropertyName,NULL,TransferStatus
"field[FieldName='""TransferError""']",FieldsDataType,Text,nText
"field[FieldName='""TransferError""']",IsMaxLength,FALSE,TRUE
"field[FieldName='""TaxDeductionPercentage""']",MaxLength,1,0
"field[FieldName='""ApprovedByUserId""']",IsForeignKey,FALSE,TRUE
"field[FieldName='""ApprovedByUserId""']",ForeignEntity,NULL,User
"field[FieldName='""ApprovedByUserId""']",NavigationPropertyName,NULL,ApprovedByUser
"field[FieldName='""CancelationNotes""']",IsMaxLength,FALSE,TRUE
,,,
,,,
LXML File: APPaymentMethod.lxml,,,
Element,Attribute,Old Value,New Value
entity,DxmlDatabaseTypeCode,NULL,Main
entity,DxmlDatabaseSchemaCode,NULL,dbo
"field[FieldName='""Id""']",MaxLength,0,15
"field[FieldName='""Name""']",MaxLength,20,40
"field[FieldName='""SearchFields""']",FieldsDataType,Text,nText
"field[FieldName='""AddedManually""']",MaxLength,2,0
"field[FieldName='""Inactive""']",MaxLength,2,0
"field[FieldName='""AccountingExternalId""']",MaxLength,0,15
,,,
,,,
LXML File: APPaymentStatus.lxml,,,
Element,Attribute,Old Value,New Value
entity,DxmlDatabaseTypeCode,NULL,Main
entity,DxmlDatabaseSchemaCode,NULL,dbo
"field[FieldName='""SearchFields""']",FieldsDataType,Text,nText
,,,
,,,
LXML File: APPaymentTransferStatus.lxml,,,
Element,Attribute,Old Value,New Value
entity,DxmlDatabaseTypeCode,NULL,Main
entity,DxmlDatabaseSchemaCode,NULL,dbo
"field[FieldName='""Name""']",MaxLength,40,20
"field[FieldName='""SearchFields""']",FieldsDataType,Text,nText
,,,
,,,
LXML File: ARInvoice.lxml,,,
Element,Attribute,Old Value,New Value
entity,DxmlDatabaseTypeCode,NULL,Main
entity,DxmlDatabaseSchemaCode,NULL,dbo
"field[FieldName='""Id""']",MaxLength,0,15
"field[FieldName='""InvoiceDate""']",MaxLength,15,0
"field[FieldName='""DueDate""']",MaxLength,15,0
"field[FieldName='""PrintDate""']",MaxLength,15,0
"field[FieldName='""SubTotalInLocalCurrency""']",MaxLength,15,0
"field[FieldName='""SubTotalInInvoiceCurrency""']",MaxLength,15,0
"field[FieldName='""AmountInLocalCurrency""']",MaxLength,15,0
"field[FieldName='""AmountInInvoiceCurrency""']",MaxLength,15,0
"field[FieldName='""IsAutoCredit""']",MaxLength,2,0
"field[FieldName='""IsCancelled""']",MaxLength,2,0
"field[FieldName='""CancelledByARInvoiceId""']",IsForeignKey,FALSE,TRUE
"field[FieldName='""CancelledByARInvoiceId""']",ForeignEntity,NULL,ARInvoice
"field[FieldName='""CancelledByARInvoiceId""']",NavigationPropertyName,NULL,CancelledByARInvoice
"field[FieldName='""InternalNotes""']",FieldsDataType,Text,nText
"field[FieldName='""InvoiceCurrencyExchangeRate""']",MaxLength,1,0
"field[FieldName='""CreateDate""']",MaxLength,15,0
"field[FieldName='""IsInvoiceNumberManuallySet""']",MaxLength,2,0
"field[FieldName='""Sent""']",MaxLength,2,0
"field[FieldName='""SearchFields""']",FieldsDataType,Text,nText
"field[FieldName='""AmountDue""']",MaxLength,15,0
"field[FieldName='""MainEntityId""']",MaxLength,0,15
"field[FieldName='""HouseNumber""']",FieldsDataType,Text,nText
"field[FieldName='""MasterNumber""']",FieldsDataType,Text,nText
"field[FieldName='""AmountDueInLocalCurrency""']",MaxLength,15,0
"field[FieldName='""AmountDueInLocalCurrency""']",IsRequired,TRUE,FALSE
"field[FieldName='""AmountDueInLocalCurrency""']",IsNullable,FALSE,TRUE
"field[FieldName='""AmountDueInProfitCurrency""']",MaxLength,15,0
"field[FieldName='""AmountDueInProfitCurrency""']",IsRequired,TRUE,FALSE
"field[FieldName='""AmountDueInProfitCurrency""']",IsNullable,FALSE,TRUE
"field[FieldName='""UpdateDate""']",MaxLength,1,0
"field[FieldName='""IsPrinted""']",MaxLength,2,0
"field[FieldName='""Description""']",FieldsDataType,Text,nText
"field[FieldName='""Description""']",MaxLength,0,250
"field[FieldName='""ExpectedPaymentDate""']",MaxLength,15,0
"field[FieldName='""PaymentTermExternalId""']",MaxLength,0,25
"field[FieldName='""IsConstituentInvoice""']",MaxLength,1,0
"field[FieldName='""IsConsolidationInvoice""']",MaxLength,1,0
"field[FieldName='""Field1""']",FieldsDataType,Text,nText
"field[FieldName='""Field1""']",MaxLength,0,250
"field[FieldName='""Field2""']",FieldsDataType,Text,nText
"field[FieldName='""Field2""']",MaxLength,0,250
"field[FieldName='""Field3""']",FieldsDataType,Text,nText
"field[FieldName='""Field3""']",MaxLength,0,250
"field[FieldName='""Field4""']",FieldsDataType,Text,nText
"field[FieldName='""Field4""']",MaxLength,0,250
"field[FieldName='""Field5""']",FieldsDataType,Text,nText
"field[FieldName='""Field5""']",MaxLength,0,250
"field[FieldName='""Field6""']",FieldsDataType,Text,nText
"field[FieldName='""Field6""']",MaxLength,0,250
"field[FieldName='""Field7""']",FieldsDataType,Text,nText
"field[FieldName='""Field7""']",MaxLength,0,250
"field[FieldName='""Field8""']",FieldsDataType,Text,nText
"field[FieldName='""Field8""']",MaxLength,0,250
"field[FieldName='""Field9""']",FieldsDataType,Text,nText
"field[FieldName='""Field9""']",MaxLength,0,250
"field[FieldName='""Field10""']",FieldsDataType,Text,nText
"field[FieldName='""Field10""']",MaxLength,0,250
"field[FieldName='""TransferTries""']",MaxLength,1,0
"field[FieldName='""TransferError""']",FieldsDataType,Text,nText
"field[FieldName='""IsTransferStarted""']",MaxLength,1,0
"field[FieldName='""TransferStatusCode""']",IsRequired,FALSE,TRUE
"field[FieldName='""TransferStatusCode""']",IsForeignKey,FALSE,TRUE
"field[FieldName='""TransferStatusCode""']",ForeignEntity,NULL,ARInvoiceTransferStatus
"field[FieldName='""TransferStatusCode""']",NavigationPropertyName,NULL,TransferStatus
"field[FieldName='""ApprovedDate""']",MaxLength,1,0
"field[FieldName='""CreditedByARInvoiceId""']",MaxLength,0,15
"field[FieldName='""CreditedByARInvoiceId""']",IsForeignKey,FALSE,TRUE
"field[FieldName='""CreditedByARInvoiceId""']",ForeignEntity,NULL,ARInvoice
"field[FieldName='""CreditedByARInvoiceId""']",NavigationPropertyName,NULL,CreditedByARInvoice
"field[FieldName='""OperationalDate""']",MaxLength,1,0
"field[FieldName='""SplitJournalByCurrency""']",MaxLength,1,0
"field[FieldName='""IsExternalEntity""']",MaxLength,1,0
"field[FieldName='""IsGeneralInvoice""']",MaxLength,1,0
"field[FieldName='""SATXML""']",FieldsDataType,Text,nText
"field[FieldName='""SATXML""']",IsMaxLength,FALSE,TRUE
"field[FieldName='""SATAdditionalFieldsXML""']",FieldsDataType,Text,nText
"field[FieldName='""SATAdditionalFieldsXML""']",IsMaxLength,FALSE,TRUE
"field[FieldName='""SalesmanUserId""']",IsForeignKey,FALSE,TRUE
"field[FieldName='""SalesmanUserId""']",ForeignEntity,NULL,User
"field[FieldName='""SalesmanUserId""']",NavigationPropertyName,NULL,SalesmanUser
"field[FieldName='""ExternalAccountingEntityId""']",MaxLength,0,15
"field[FieldName='""Intercompany""']",MaxLength,1,0
"field[FieldName='""IsMultiCurrency""']",MaxLength,1,0
"field[FieldName='""IsFullAccounting""']",MaxLength,20,0
"field[FieldName='""TransmissionError""']",FieldsDataType,Text,nText
"field[FieldName='""TransmissionError""']",IsMaxLength,FALSE,TRUE
"field[FieldName='""MetodoPagoCode""']",IsForeignKey,FALSE,TRUE
"field[FieldName='""MetodoPagoCode""']",ForeignEntity,NULL,MetodoPago
"field[FieldName='""MetodoPagoCode""']",NavigationPropertyName,NULL,MetodoPago
"field[FieldName='""UsoCFDICode""']",IsForeignKey,FALSE,TRUE
"field[FieldName='""UsoCFDICode""']",ForeignEntity,NULL,UsoCFDI
"field[FieldName='""UsoCFDICode""']",NavigationPropertyName,NULL,UsoCFDI
"field[FieldName='""ProfitCurrencyId""']",MaxLength,0,15
"field[FieldName='""ProfitCurrencyId""']",IsForeignKey,FALSE,TRUE
"field[FieldName='""ProfitCurrencyId""']",ForeignEntity,NULL,Currency
"field[FieldName='""ProfitCurrencyId""']",NavigationPropertyName,NULL,ProfitCurrency
"field[FieldName='""PrepaidCollectId""']",MaxLength,0,1
"field[FieldName='""PrepaidCollectId""']",IsForeignKey,FALSE,TRUE
"field[FieldName='""PrepaidCollectId""']",ForeignEntity,NULL,PrepaidCollect
"field[FieldName='""PrepaidCollectId""']",NavigationPropertyName,NULL,PrepaidCollect
"field[FieldName='""CreatedByUserId""']",IsRequired,FALSE,TRUE
"field[FieldName='""CreatedByUserId""']",IsForeignKey,FALSE,TRUE
"field[FieldName='""CreatedByUserId""']",ForeignEntity,NULL,User
"field[FieldName='""CreatedByUserId""']",NavigationPropertyName,NULL,CreatedByUser
"field[FieldName='""PaymentTermId""']",IsForeignKey,FALSE,TRUE
"field[FieldName='""PaymentTermId""']",ForeignEntity,NULL,PaymentTerm
"field[FieldName='""PaymentTermId""']",NavigationPropertyName,NULL,PaymentTerm
"field[FieldName='""BranchId""']",IsForeignKey,FALSE,TRUE
"field[FieldName='""BranchId""']",ForeignEntity,NULL,Branch
"field[FieldName='""BranchId""']",NavigationPropertyName,NULL,Branch
"field[FieldName='""ARInvoiceTypeCode""']",IsForeignKey,FALSE,TRUE
"field[FieldName='""ARInvoiceTypeCode""']",ForeignEntity,NULL,ARInvoiceType
"field[FieldName='""ARInvoiceTypeCode""']",NavigationPropertyName,NULL,ARInvoiceType
"field[FieldName='""BillToId""']",IsForeignKey,FALSE,TRUE
"field[FieldName='""BillToId""']",ForeignEntity,NULL,Card
"field[FieldName='""BillToId""']",NavigationPropertyName,NULL,BillTo
"field[FieldName='""BillToAddressId""']",IsForeignKey,FALSE,TRUE
"field[FieldName='""BillToAddressId""']",ForeignEntity,NULL,Address
"field[FieldName='""BillToAddressId""']",NavigationPropertyName,NULL,BillToAddress
"field[FieldName='""PrintByUserId""']",IsForeignKey,FALSE,TRUE
"field[FieldName='""PrintByUserId""']",ForeignEntity,NULL,User
"field[FieldName='""PrintByUserId""']",NavigationPropertyName,NULL,PrintByUser
"field[FieldName='""IssuedByUserId""']",IsForeignKey,FALSE,TRUE
"field[FieldName='""IssuedByUserId""']",ForeignEntity,NULL,User
"field[FieldName='""IssuedByUserId""']",NavigationPropertyName,NULL,IssuedByUser
"field[FieldName='""UpdatedByUserId""']",IsRequired,FALSE,TRUE
"field[FieldName='""UpdatedByUserId""']",IsForeignKey,FALSE,TRUE
"field[FieldName='""UpdatedByUserId""']",ForeignEntity,NULL,User
"field[FieldName='""UpdatedByUserId""']",NavigationPropertyName,NULL,UpdatedByUser
"field[FieldName='""InvoiceCurrencyId""']",IsForeignKey,FALSE,TRUE
"field[FieldName='""InvoiceCurrencyId""']",ForeignEntity,NULL,Currency
"field[FieldName='""InvoiceCurrencyId""']",NavigationPropertyName,NULL,InvoiceCurrency
"field[FieldName='""LocalCurrencyId""']",IsForeignKey,FALSE,TRUE
"field[FieldName='""LocalCurrencyId""']",ForeignEntity,NULL,Currency
"field[FieldName='""LocalCurrencyId""']",NavigationPropertyName,NULL,LocalCurrency
"field[FieldName='""StatusCode""']",IsRequired,FALSE,TRUE
"field[FieldName='""StatusCode""']",IsForeignKey,FALSE,TRUE
"field[FieldName='""StatusCode""']",ForeignEntity,NULL,ARInvoiceStatus
"field[FieldName='""StatusCode""']",NavigationPropertyName,NULL,Status
"field[FieldName='""ApprovedByUserId""']",IsForeignKey,FALSE,TRUE
"field[FieldName='""ApprovedByUserId""']",ForeignEntity,NULL,User
"field[FieldName='""ApprovedByUserId""']",NavigationPropertyName,NULL,ApprovedByUser
"field[FieldName='""IsCustomsChargesOnly""']",MaxLength,1,0
"field[FieldName='""SATTransferStatusCode""']",IsRequired,FALSE,TRUE
"field[FieldName='""SATTransferStatusCode""']",IsForeignKey,FALSE,TRUE
"field[FieldName='""SATTransferStatusCode""']",ForeignEntity,NULL,SATTransferStatus
"field[FieldName='""SATTransferStatusCode""']",NavigationPropertyName,NULL,SATTransferStatus
"field[FieldName='""SATInvoiceStatusCode""']",IsRequired,FALSE,TRUE
"field[FieldName='""SATInvoiceStatusCode""']",IsForeignKey,FALSE,TRUE
"field[FieldName='""SATInvoiceStatusCode""']",ForeignEntity,NULL,SATInvoiceStatus
"field[FieldName='""SATInvoiceStatusCode""']",NavigationPropertyName,NULL,SATInvoiceStatus
"field[FieldName='""BankAccountLiteId""']",IsForeignKey,FALSE,TRUE
"field[FieldName='""BankAccountLiteId""']",ForeignEntity,NULL,BankAccountLite
"field[FieldName='""BankAccountLiteId""']",NavigationPropertyName,NULL,BankAccountLite
"field[FieldName='""ConcurrencyGUID""']",IsRequired,FALSE,TRUE
,,,
,,,
LXML File: ARInvoiceLine.lxml,,,
Element,Attribute,Old Value,New Value
entity,DxmlDatabaseTypeCode,NULL,Main
entity,DxmlDatabaseSchemaCode,NULL,dbo
"field[FieldName='""Id""']",MaxLength,0,15
"field[FieldName='""ForiegnCurrencyAmount""']",MaxLength,15,0
"field[FieldName='""LocalCurrencyAmount""']",MaxLength,15,0
"field[FieldName='""InvoiceCurrencyAmount""']",MaxLength,15,0
"field[FieldName='""ExchangeRateDate""']",MaxLength,15,0
"field[FieldName='""Description""']",FieldsDataType,Text,nText
"field[FieldName='""ForiegnExchangeRate""']",MaxLength,15,0
"field[FieldName='""ReceivableId""']",MaxLength,0,15
"field[FieldName='""Quantity""']",MaxLength,15,0
"field[FieldName='""Quantity""']",IsRequired,TRUE,FALSE
"field[FieldName='""Quantity""']",IsNullable,FALSE,TRUE
"field[FieldName='""UnitPrice""']",MaxLength,15,0
"field[FieldName='""UnitPrice""']",IsRequired,TRUE,FALSE
"field[FieldName='""UnitPrice""']",IsNullable,FALSE,TRUE
"field[FieldName='""EntityId""']",MaxLength,0,15
"field[FieldName='""ProfitCurrencyAmount""']",MaxLength,15,0
"field[FieldName='""VatPercentage""']",MaxLength,1,0
"field[FieldName='""DateForInterest""']",MaxLength,1,0
"field[FieldName='""ValueDate""']",MaxLength,1,0
"field[FieldName='""IsExpense""']",MaxLength,1,0
"field[FieldName='""LineActionCode""']",IsForeignKey,FALSE,TRUE
"field[FieldName='""LineActionCode""']",ForeignEntity,NULL,ARInvoiceLineAction
"field[FieldName='""LineActionCode""']",NavigationPropertyName,NULL,ARInvoiceLineAction
"field[FieldName='""MeasurementId""']",IsForeignKey,FALSE,TRUE
"field[FieldName='""MeasurementId""']",ForeignEntity,NULL,Measurement
"field[FieldName='""MeasurementId""']",NavigationPropertyName,NULL,Measurement
"field[FieldName='""ARInvoiceId""']",MaxLength,0,15
"field[FieldName='""ARInvoiceId""']",IsRequired,FALSE,TRUE
"field[FieldName='""ARInvoiceId""']",IsForeignKey,FALSE,TRUE
"field[FieldName='""ARInvoiceId""']",ForeignEntity,NULL,ARInvoice
"field[FieldName='""ARInvoiceId""']",NavigationPropertyName,NULL,ARInvoice
"field[FieldName='""ChargesTypeId""']",IsForeignKey,FALSE,TRUE
"field[FieldName='""ChargesTypeId""']",ForeignEntity,NULL,ChargesType
"field[FieldName='""ChargesTypeId""']",NavigationPropertyName,NULL,ChargesType
"field[FieldName='""ForiegnCurrencyId""']",IsForeignKey,FALSE,TRUE
"field[FieldName='""ForiegnCurrencyId""']",ForeignEntity,NULL,Currency
"field[FieldName='""ForiegnCurrencyId""']",NavigationPropertyName,NULL,Currency
"field[FieldName='""VatTypeId""']",IsForeignKey,FALSE,TRUE
"field[FieldName='""VatTypeId""']",ForeignEntity,NULL,VatType
"field[FieldName='""VatTypeId""']",NavigationPropertyName,NULL,VatType
,,,
,,,
LXML File: ARInvoicePayment.lxml,,,
Element,Attribute,Old Value,New Value
entity,DxmlDatabaseTypeCode,NULL,Main
entity,DxmlDatabaseSchemaCode,NULL,dbo
"field[FieldName='""Id""']",MaxLength,0,15
"field[FieldName='""Id""']",IsPrimaryKey,FALSE,TRUE
"field[FieldName='""Id""']",IsRequired,FALSE,TRUE
"field[FieldName='""PaymentAmount""']",MaxLength,1,0
"field[FieldName='""ExchangeRate""']",MaxLength,1,0
"field[FieldName='""ARPaymentId""']",IsForeignKey,FALSE,TRUE
"field[FieldName='""ARPaymentId""']",ForeignEntity,NULL,ARPayment
"field[FieldName='""ARPaymentId""']",NavigationPropertyName,NULL,ARPayment
"field[FieldName='""ARInvoiceId""']",IsForeignKey,FALSE,TRUE
"field[FieldName='""ARInvoiceId""']",ForeignEntity,NULL,ARInvoice
"field[FieldName='""ARInvoiceId""']",NavigationPropertyName,NULL,ARInvoice
"field[FieldName='""ForeignCurrencyId""']",IsForeignKey,FALSE,TRUE
"field[FieldName='""ForeignCurrencyId""']",ForeignEntity,NULL,Currency
"field[FieldName='""ForeignCurrencyId""']",NavigationPropertyName,NULL,ForeignCurrency
,,,
,,,
LXML File: ARInvoiceStatus.lxml,,,
Element,Attribute,Old Value,New Value
entity,DxmlDatabaseTypeCode,NULL,Main
entity,DxmlDatabaseSchemaCode,NULL,dbo
"field[FieldName='""SearchFields""']",FieldsDataType,Text,nText
,,,
,,,
LXML File: ARInvoiceStock.lxml,,,
Element,Attribute,Old Value,New Value
entity,DxmlDatabaseTypeCode,NULL,Main
entity,DxmlDatabaseSchemaCode,NULL,dbo
,,,
,,,
LXML File: ARInvoiceStockLine.lxml,,,
Element,Attribute,Old Value,New Value
entity,DxmlDatabaseTypeCode,NULL,Main
entity,DxmlDatabaseSchemaCode,NULL,dbo
,,,
,,,
LXML File: ARInvoiceStocksStatus.lxml,,,
Element,Attribute,Old Value,New Value
entity,DxmlDatabaseTypeCode,NULL,Main
entity,DxmlDatabaseSchemaCode,NULL,dbo
"field[FieldName='""Name""']",IsRequired,FALSE,TRUE
"field[FieldName='""SearchFields""']",IsMaxLength,TRUE,FALSE
,,,
,,,
LXML File: ARInvoiceTotalVat.lxml,,,
Element,Attribute,Old Value,New Value
entity,DxmlDatabaseTypeCode,NULL,Main
entity,DxmlDatabaseSchemaCode,NULL,dbo
"field[FieldName='""Id""']",MaxLength,0,15
"field[FieldName='""VatTypeId""']",MaxLength,0,15
"field[FieldName='""VatTypeId""']",IsRequired,FALSE,TRUE
"field[FieldName='""VatTypeId""']",IsForeignKey,FALSE,TRUE
"field[FieldName='""VatTypeId""']",ForeignEntity,NULL,VatType
"field[FieldName='""VatTypeId""']",NavigationPropertyName,NULL,VatType
"field[FieldName='""ARInvoiceId""']",MaxLength,0,15
"field[FieldName='""ARInvoiceId""']",IsRequired,FALSE,TRUE
"field[FieldName='""ARInvoiceId""']",IsForeignKey,FALSE,TRUE
"field[FieldName='""ARInvoiceId""']",ForeignEntity,NULL,ARInvoice
"field[FieldName='""ARInvoiceId""']",NavigationPropertyName,NULL,ARInvoice
"field[FieldName='""ExternalVATCard""']",MaxLength,0,25
"field[FieldName='""ExternalTAXItemId""']",MaxLength,0,25
,,,
,,,
LXML File: ARInvoiceTransferStatus.lxml,,,
Element,Attribute,Old Value,New Value
entity,DxmlDatabaseTypeCode,NULL,Main
entity,DxmlDatabaseSchemaCode,NULL,dbo
,,,
,,,
LXML File: ARInvoiceType.lxml,,,
Element,Attribute,Old Value,New Value
entity,DxmlDatabaseTypeCode,NULL,Main
entity,DxmlDatabaseSchemaCode,NULL,dbo
"field[FieldName='""SearchFields""']",FieldsDataType,Text,nText
,,,
,,,
LXML File: ARPayment.lxml,,,
Element,Attribute,Old Value,New Value
entity,DxmlDatabaseTypeCode,NULL,Main
entity,DxmlDatabaseSchemaCode,NULL,dbo
"field[FieldName='""Id""']",MaxLength,0,15
"field[FieldName='""PaymentNo""']",IsRequired,FALSE,TRUE
"field[FieldName='""CreatedByUserId""']",IsForeignKey,FALSE,TRUE
"field[FieldName='""CreatedByUserId""']",ForeignEntity,NULL,User
"field[FieldName='""CreatedByUserId""']",NavigationPropertyName,NULL,CreatedByUser
"field[FieldName='""PrintByUserId""']",IsForeignKey,FALSE,TRUE
"field[FieldName='""PrintByUserId""']",ForeignEntity,NULL,User
"field[FieldName='""PrintByUserId""']",NavigationPropertyName,NULL,PrintByUser
"field[FieldName='""LocalCurrencyId""']",IsForeignKey,FALSE,TRUE
"field[FieldName='""LocalCurrencyId""']",ForeignEntity,NULL,Currency
"field[FieldName='""LocalCurrencyId""']",NavigationPropertyName,NULL,LocalCurrency
"field[FieldName='""BranchId""']",IsForeignKey,FALSE,TRUE
"field[FieldName='""BranchId""']",ForeignEntity,NULL,Branch
"field[FieldName='""BranchId""']",NavigationPropertyName,NULL,Branch
"field[FieldName='""BillToId""']",IsForeignKey,FALSE,TRUE
"field[FieldName='""BillToId""']",ForeignEntity,NULL,Card
"field[FieldName='""BillToId""']",NavigationPropertyName,NULL,BillToCard
"field[FieldName='""ARAccountId""']",IsForeignKey,FALSE,TRUE
"field[FieldName='""ARAccountId""']",ForeignEntity,NULL,Account
"field[FieldName='""ARAccountId""']",NavigationPropertyName,NULL,ARAccount
"field[FieldName='""StatusCode""']",MaxLength,15,2
"field[FieldName='""StatusCode""']",IsForeignKey,FALSE,TRUE
"field[FieldName='""StatusCode""']",ForeignEntity,NULL,ARPaymentStatus
"field[FieldName='""StatusCode""']",NavigationPropertyName,NULL,Status
"field[FieldName='""IsClosed""']",MaxLength,15,0
"field[FieldName='""PaymentCurrencyId""']",IsForeignKey,FALSE,TRUE
"field[FieldName='""PaymentCurrencyId""']",ForeignEntity,NULL,Currency
"field[FieldName='""PaymentCurrencyId""']",NavigationPropertyName,NULL,PaymentCurrency
"field[FieldName='""PaidBy""']",FieldsDataType,Text,nText
"field[FieldName='""AccountingPaymentMethodId""']",MaxLength,20,15
"field[FieldName='""AccountingPaymentMethodId""']",IsForeignKey,FALSE,TRUE
"field[FieldName='""AccountingPaymentMethodId""']",ForeignEntity,NULL,AccountingPaymentMethod
"field[FieldName='""AccountingPaymentMethodId""']",NavigationPropertyName,NULL,AccountingPaymentMethod
"field[FieldName='""DebitAccountId""']",MaxLength,0,15
"field[FieldName='""DebitAccountId""']",IsForeignKey,FALSE,TRUE
"field[FieldName='""DebitAccountId""']",ForeignEntity,NULL,Account
"field[FieldName='""DebitAccountId""']",NavigationPropertyName,NULL,DebitAccount
"field[FieldName='""PrintNotes""']",FieldsDataType,Text,nText
"field[FieldName='""InternalNotes""']",FieldsDataType,Text,nText
"field[FieldName='""BillToAddressId""']",IsForeignKey,FALSE,TRUE
"field[FieldName='""BillToAddressId""']",ForeignEntity,NULL,Address
"field[FieldName='""BillToAddressId""']",NavigationPropertyName,NULL,BillToAddress
"field[FieldName='""SearchFields""']",IsMaxLength,FALSE,TRUE
"field[FieldName='""OpenAmountInLocalCurrency""']",IsRequired,TRUE,FALSE
"field[FieldName='""OpenAmountInLocalCurrency""']",IsNullable,FALSE,TRUE
"field[FieldName='""ValueDate""']",IsRequired,TRUE,FALSE
"field[FieldName='""ValueDate""']",IsNullable,FALSE,TRUE
"field[FieldName='""UpdatedByUserId""']",IsRequired,FALSE,TRUE
"field[FieldName='""UpdatedByUserId""']",IsForeignKey,FALSE,TRUE
"field[FieldName='""UpdatedByUserId""']",ForeignEntity,NULL,User
"field[FieldName='""UpdatedByUserId""']",NavigationPropertyName,NULL,UpdatedByUser
"field[FieldName='""UpdateDate""']",MaxLength,1,0
"field[FieldName='""CreditCardTypeId""']",IsForeignKey,FALSE,TRUE
"field[FieldName='""CreditCardTypeId""']",ForeignEntity,NULL,CreditCardType
"field[FieldName='""CreditCardTypeId""']",NavigationPropertyName,NULL,CreditCardType
"field[FieldName='""CashbookId""']",MaxLength,0,15
"field[FieldName='""TransferTries""']",MaxLength,1,0
"field[FieldName='""TransferError""']",FieldsDataType,Text,nText
"field[FieldName='""TransferError""']",IsMaxLength,FALSE,TRUE
"field[FieldName='""IsTransferStarted""']",MaxLength,1,0
"field[FieldName='""TransferStatusCode""']",IsRequired,FALSE,TRUE
"field[FieldName='""TransferStatusCode""']",IsForeignKey,FALSE,TRUE
"field[FieldName='""TransferStatusCode""']",ForeignEntity,NULL,ARPaymentTransferStatus
"field[FieldName='""TransferStatusCode""']",NavigationPropertyName,NULL,TransferStatus
"field[FieldName='""ExternalAccountingEntityId""']",MaxLength,0,15
"field[FieldName='""SATXML""']",FieldsDataType,Text,nText
"field[FieldName='""SATXML""']",IsMaxLength,FALSE,TRUE
"field[FieldName='""SATAdditionalFieldsXML""']",FieldsDataType,Text,nText
"field[FieldName='""SATAdditionalFieldsXML""']",IsMaxLength,FALSE,TRUE
"field[FieldName='""SATPaymentMethodCode""']",IsForeignKey,FALSE,TRUE
"field[FieldName='""SATPaymentMethodCode""']",ForeignEntity,NULL,SATPaymentMethod
"field[FieldName='""SATPaymentMethodCode""']",NavigationPropertyName,NULL,SATPaymentMethod
"field[FieldName='""TransmissionError""']",FieldsDataType,Text,nText
"field[FieldName='""TransmissionError""']",IsMaxLength,FALSE,TRUE
"field[FieldName='""FechaPago""']",FieldsDataType,Date,DateTime
"field[FieldName='""ApprovedByUserId""']",IsForeignKey,FALSE,TRUE
"field[FieldName='""ApprovedByUserId""']",ForeignEntity,NULL,User
"field[FieldName='""ApprovedByUserId""']",NavigationPropertyName,NULL,ApprovedByUser
"field[FieldName='""BankAccountLiteId""']",IsForeignKey,FALSE,TRUE
"field[FieldName='""BankAccountLiteId""']",ForeignEntity,NULL,BankAccountLite
"field[FieldName='""BankAccountLiteId""']",NavigationPropertyName,NULL,BankAccountLite
"field[FieldName='""SATTransferStatusCode""']",IsRequired,FALSE,TRUE
"field[FieldName='""SATTransferStatusCode""']",IsForeignKey,FALSE,TRUE
"field[FieldName='""SATTransferStatusCode""']",ForeignEntity,NULL,SATTransferStatus
"field[FieldName='""SATTransferStatusCode""']",NavigationPropertyName,NULL,SATTransferStatus
"field[FieldName='""MetodoPagoCode""']",IsForeignKey,FALSE,TRUE
"field[FieldName='""MetodoPagoCode""']",ForeignEntity,NULL,MetodoPago
"field[FieldName='""MetodoPagoCode""']",NavigationPropertyName,NULL,MetodoPago
,,,
,,,
LXML File: ARPaymentStatus.lxml,,,
Element,Attribute,Old Value,New Value
entity,DxmlDatabaseTypeCode,NULL,Main
entity,DxmlDatabaseSchemaCode,NULL,dbo
"field[FieldName='""SearchFields""']",FieldsDataType,Text,nText
,,,
,,,
LXML File: ARPaymentTransferStatus.lxml,,,
Element,Attribute,Old Value,New Value
entity,DxmlDatabaseTypeCode,NULL,Main
entity,DxmlDatabaseSchemaCode,NULL,dbo
"field[FieldName='""Name""']",MaxLength,40,20
"field[FieldName='""SearchFields""']",FieldsDataType,Text,nText
,,,
,,,
LXML File: BankAccountLite.lxml,,,
Element,Attribute,Old Value,New Value
entity,DxmlDatabaseTypeCode,NULL,Main
entity,DxmlDatabaseSchemaCode,NULL,dbo
"field[FieldName='""Id""']",MaxLength,0,15
"field[FieldName='""CreateDate""']",MaxLength,15,0
"field[FieldName='""UpdateDate""']",MaxLength,1,0
"field[FieldName='""CurrencyId""']",IsForeignKey,FALSE,TRUE
"field[FieldName='""CurrencyId""']",ForeignEntity,NULL,Currency
"field[FieldName='""CurrencyId""']",NavigationPropertyName,NULL,Currency
"field[FieldName='""BranchAddress""']",FieldsDataType,Text,nText
"field[FieldName='""Inactive""']",MaxLength,1,0
"field[FieldName='""SearchFields""']",FieldsDataType,Text,nText
"field[FieldName='""SearchFields""']",IsMaxLength,FALSE,TRUE
,,,
,,,
LXML File: CreditCardType.lxml,,,
Element,Attribute,Old Value,New Value
entity,DxmlDatabaseTypeCode,NULL,Main
entity,DxmlDatabaseSchemaCode,NULL,dbo
"field[FieldName='""Id""']",MaxLength,0,15
"field[FieldName='""SearchFields""']",FieldsDataType,Text,nText
,,,
,,,
LXML File: ExternalSystemsTablesCode.lxml,,,
Element,Attribute,Old Value,New Value
entity,DxmlDatabaseTypeCode,NULL,Main
entity,DxmlDatabaseSchemaCode,NULL,dbo
"field[FieldName='""Code""']",MaxLength,4,40
"field[FieldName='""Name""']",MaxLength,40,60
"field[FieldName='""SearchFields""']",FieldsDataType,Text,nText
,,,
,,,
LXML File: SATInterface.lxml,,,
Element,Attribute,Old Value,New Value
entity,DxmlDatabaseTypeCode,NULL,Main
entity,DxmlDatabaseSchemaCode,NULL,dbo
"field[FieldName='""Code""']",MaxLength,4,10
"field[FieldName='""Name""']",MaxLength,40,120
"field[FieldName='""SearchFields""']",FieldsDataType,Text,nText
,,,
,,,
LXML File: SATInterfaceSetting.lxml,,,
Element,Attribute,Old Value,New Value
entity,DxmlDatabaseTypeCode,NULL,Main
entity,DxmlDatabaseSchemaCode,NULL,dbo
"field[FieldName='""SATInterfaceCode""']",MaxLength,4,10
"field[FieldName='""SATInterfaceCode""']",IsRequired,FALSE,TRUE
"field[FieldName='""SATInterfaceCode""']",IsForeignKey,FALSE,TRUE
"field[FieldName='""SATInterfaceCode""']",ForeignEntity,NULL,SATInterface
"field[FieldName='""SATInterfaceCode""']",NavigationPropertyName,NULL,SATInterface
"field[FieldName='""Token""']",FieldsDataType,Text,nText
"field[FieldName='""MetodoPagoCode""']",IsForeignKey,FALSE,TRUE
"field[FieldName='""MetodoPagoCode""']",ForeignEntity,NULL,MetodoPago
"field[FieldName='""MetodoPagoCode""']",NavigationPropertyName,NULL,MetodoPago
,,,
,,,
LXML File: SATInvoiceStatus.lxml,,,
Element,Attribute,Old Value,New Value
entity,DxmlDatabaseTypeCode,NULL,Main
entity,DxmlDatabaseSchemaCode,NULL,dbo
"field[FieldName='""Code""']",MaxLength,10,2
"field[FieldName='""SearchFields""']",FieldsDataType,Text,nText
,,,
,,,
LXML File: SATPaymentMethod.lxml,,,
Element,Attribute,Old Value,New Value
entity,DxmlDatabaseTypeCode,NULL,Main
entity,DxmlDatabaseSchemaCode,NULL,dbo
"field[FieldName='""Code""']",MaxLength,4,2
"field[FieldName='""LocalName""']",MaxLength,40,100
"field[FieldName='""SearchFields""']",FieldsDataType,Text,nText
,,,
,,,
LXML File: SATTransferStatus.lxml,,,
Element,Attribute,Old Value,New Value
entity,DxmlDatabaseTypeCode,NULL,Main
entity,DxmlDatabaseSchemaCode,NULL,dbo
"field[FieldName='""Code""']",MaxLength,10,2
"field[FieldName='""SearchFields""']",FieldsDataType,Text,nText
,,,
,,,
LXML File: BorderType.lxml,,,
Element,Attribute,Old Value,New Value
entity,DxmlDatabaseTypeCode,NULL,Main
entity,DxmlDatabaseSchemaCode,NULL,dbo
,,,
,,,
LXML File: MarkUpType.lxml,,,
Element,Attribute,Old Value,New Value
entity,DxmlDatabaseTypeCode,NULL,Main
entity,DxmlDatabaseSchemaCode,NULL,dbo
"field[FieldName='""SearchFields""']",FieldsDataType,Text,nText
,,,
,,,
LXML File: Quote.lxml,,,
Element,Attribute,Old Value,New Value
entity,DxmlDatabaseTypeCode,NULL,Main
entity,DxmlDatabaseSchemaCode,NULL,dbo
"field[FieldName='""Id""']",MaxLength,0,15
"field[FieldName='""QuoteNumber""']",IsRequired,FALSE,TRUE
"field[FieldName='""DirectionId""']",IsForeignKey,FALSE,TRUE
"field[FieldName='""DirectionId""']",ForeignEntity,NULL,Direction
"field[FieldName='""DirectionId""']",NavigationPropertyName,NULL,Direction
"field[FieldName='""TransportModeId""']",IsForeignKey,FALSE,TRUE
"field[FieldName='""TransportModeId""']",ForeignEntity,NULL,TransportMode
"field[FieldName='""TransportModeId""']",NavigationPropertyName,NULL,TransportMode
"field[FieldName='""ShipmentTypeId""']",IsForeignKey,FALSE,TRUE
"field[FieldName='""ShipmentTypeId""']",ForeignEntity,NULL,ShipmentType
"field[FieldName='""ShipmentTypeId""']",NavigationPropertyName,NULL,ShipmentType
"field[FieldName='""QuoteTemplateId""']",MaxLength,0,15
"field[FieldName='""QuoteTemplateId""']",IsForeignKey,FALSE,TRUE
"field[FieldName='""QuoteTemplateId""']",ForeignEntity,NULL,QuoteTemplate
"field[FieldName='""QuoteTemplateId""']",NavigationPropertyName,NULL,QuoteTemplate
"field[FieldName='""ConcurrencyGUID""']",MaxLength,0,40
"field[FieldName='""ConcurrencyGUID""']",IsRequired,FALSE,TRUE
"field[FieldName='""IsSubjectEdited""']",MaxLength,1,0
"field[FieldName='""TotalPerContainer""']",MaxLength,1,0
"field[FieldName='""QuoteCustomerTypeCode""']",IsForeignKey,FALSE,TRUE
"field[FieldName='""QuoteCustomerTypeCode""']",ForeignEntity,NULL,QuoteCustomerType
"field[FieldName='""QuoteCustomerTypeCode""']",NavigationPropertyName,NULL,QuoteCustomerType
"field[FieldName='""CustomerId""']",IsForeignKey,FALSE,TRUE
"field[FieldName='""CustomerId""']",ForeignEntity,NULL,Card
"field[FieldName='""CustomerId""']",NavigationPropertyName,NULL,CustomerCard
"field[FieldName='""CustomerName""']",FieldsDataType,Text,nText
"field[FieldName='""CustomerName""']",IsRequired,FALSE,TRUE
"field[FieldName='""CustomerContactId""']",IsForeignKey,FALSE,TRUE
"field[FieldName='""CustomerContactId""']",ForeignEntity,NULL,Contact
"field[FieldName='""CustomerContactId""']",NavigationPropertyName,NULL,CustomerContact
"field[FieldName='""ShipperId""']",IsForeignKey,FALSE,TRUE
"field[FieldName='""ShipperId""']",ForeignEntity,NULL,Card
"field[FieldName='""ShipperId""']",NavigationPropertyName,NULL,ShipperCard
"field[FieldName='""ShipperName""']",FieldsDataType,Text,nText
"field[FieldName='""ShipperContactId""']",IsForeignKey,FALSE,TRUE
"field[FieldName='""ShipperContactId""']",ForeignEntity,NULL,Contact
"field[FieldName='""ShipperContactId""']",NavigationPropertyName,NULL,ShipperContact
"field[FieldName='""ConsigneeId""']",IsForeignKey,FALSE,TRUE
"field[FieldName='""ConsigneeId""']",ForeignEntity,NULL,Card
"field[FieldName='""ConsigneeId""']",NavigationPropertyName,NULL,ConsigneeCard
"field[FieldName='""ConsigneeName""']",FieldsDataType,Text,nText
"field[FieldName='""ConsigneeContactId""']",IsForeignKey,FALSE,TRUE
"field[FieldName='""ConsigneeContactId""']",ForeignEntity,NULL,Contact
"field[FieldName='""ConsigneeContactId""']",NavigationPropertyName,NULL,ConsigneeContact
"field[FieldName='""FreelancerId""']",MaxLength,0,15
"field[FieldName='""FreelancerId""']",IsForeignKey,FALSE,TRUE
"field[FieldName='""FreelancerId""']",ForeignEntity,NULL,Card
"field[FieldName='""FreelancerId""']",NavigationPropertyName,NULL,FreelancerCard
"field[FieldName='""FreelancerAddressId""']",MaxLength,0,15
"field[FieldName='""FreelancerAddressId""']",IsForeignKey,FALSE,TRUE
"field[FieldName='""FreelancerAddressId""']",ForeignEntity,NULL,Address
"field[FieldName='""FreelancerAddressId""']",NavigationPropertyName,NULL,FreelancerAdress
"field[FieldName='""FreelancerContactId""']",MaxLength,0,15
"field[FieldName='""FreelancerContactId""']",IsForeignKey,FALSE,TRUE
"field[FieldName='""FreelancerContactId""']",ForeignEntity,NULL,Contact
"field[FieldName='""FreelancerContactId""']",NavigationPropertyName,NULL,FreelancerContact
"field[FieldName='""FromPortId""']",IsForeignKey,FALSE,TRUE
"field[FieldName='""FromPortId""']",ForeignEntity,NULL,Port
"field[FieldName='""FromPortId""']",NavigationPropertyName,NULL,FromPort
"field[FieldName='""ToPortId""']",IsForeignKey,FALSE,TRUE
"field[FieldName='""ToPortId""']",ForeignEntity,NULL,Port
"field[FieldName='""ToPortId""']",NavigationPropertyName,NULL,ToPort
"field[FieldName='""IncotermId""']",IsForeignKey,FALSE,TRUE
"field[FieldName='""IncotermId""']",ForeignEntity,NULL,Incoterm
"field[FieldName='""IncotermId""']",NavigationPropertyName,NULL,Incoterm
"field[FieldName='""SalesmanUserId""']",IsForeignKey,FALSE,TRUE
"field[FieldName='""SalesmanUserId""']",ForeignEntity,NULL,User
"field[FieldName='""SalesmanUserId""']",NavigationPropertyName,NULL,SalesmanUser
"field[FieldName='""CreatedByUserId""']",IsForeignKey,FALSE,TRUE
"field[FieldName='""CreatedByUserId""']",ForeignEntity,NULL,User
"field[FieldName='""CreatedByUserId""']",NavigationPropertyName,NULL,CreatedByUser
"field[FieldName='""OpenDate""']",MaxLength,15,0
"field[FieldName='""ChargeableWeight""']",MaxLength,40,0
"field[FieldName='""GrossWeight""']",MaxLength,40,0
"field[FieldName='""LastModified""']",FieldsDataType,Text,Raw
"field[FieldName='""LastModified""']",IsRequired,FALSE,TRUE
"field[FieldName='""IsClosed""']",MaxLength,15,0
"field[FieldName='""Field1""']",FieldsDataType,Text,nText
"field[FieldName='""Field1""']",MaxLength,0,250
"field[FieldName='""Field2""']",FieldsDataType,Text,nText
"field[FieldName='""Field2""']",MaxLength,0,250
"field[FieldName='""Field3""']",FieldsDataType,Text,nText
"field[FieldName='""Field3""']",MaxLength,0,250
"field[FieldName='""Field4""']",FieldsDataType,Text,nText
"field[FieldName='""Field4""']",MaxLength,0,250
"field[FieldName='""Field5""']",FieldsDataType,Text,nText
"field[FieldName='""Field5""']",MaxLength,0,250
"field[FieldName='""Field6""']",FieldsDataType,Text,nText
"field[FieldName='""Field6""']",MaxLength,0,250
"field[FieldName='""Field7""']",FieldsDataType,Text,nText
"field[FieldName='""Field7""']",MaxLength,0,250
"field[FieldName='""Field8""']",FieldsDataType,Text,nText
"field[FieldName='""Field8""']",MaxLength,0,250
"field[FieldName='""Field9""']",FieldsDataType,Text,nText
"field[FieldName='""Field9""']",MaxLength,0,250
"field[FieldName='""Field10""']",FieldsDataType,Text,nText
"field[FieldName='""Field10""']",MaxLength,0,250
"field[FieldName='""IsDangerous""']",MaxLength,15,0
"field[FieldName='""ExpirationDays""']",MaxLength,15,0
"field[FieldName='""ExpirationDate""']",MaxLength,15,0
"field[FieldName='""DepartmentId""']",IsRequired,TRUE,FALSE
"field[FieldName='""DepartmentId""']",IsForeignKey,FALSE,TRUE
"field[FieldName='""DepartmentId""']",ForeignEntity,NULL,Department
"field[FieldName='""DepartmentId""']",NavigationPropertyName,NULL,Department
"field[FieldName='""BranchId""']",IsRequired,TRUE,FALSE
"field[FieldName='""BranchId""']",IsForeignKey,FALSE,TRUE
"field[FieldName='""BranchId""']",ForeignEntity,NULL,Branch
"field[FieldName='""BranchId""']",NavigationPropertyName,NULL,Branch
"field[FieldName='""PackageType1Id""']",IsForeignKey,FALSE,TRUE
"field[FieldName='""PackageType1Id""']",ForeignEntity,NULL,PackageType
"field[FieldName='""PackageType1Id""']",NavigationPropertyName,NULL,PackageType1
"field[FieldName='""PackageType2Id""']",IsForeignKey,FALSE,TRUE
"field[FieldName='""PackageType2Id""']",ForeignEntity,NULL,PackageType
"field[FieldName='""PackageType2Id""']",NavigationPropertyName,NULL,PackageType2
"field[FieldName='""PackageType3Id""']",IsForeignKey,FALSE,TRUE
"field[FieldName='""PackageType3Id""']",ForeignEntity,NULL,PackageType
"field[FieldName='""PackageType3Id""']",NavigationPropertyName,NULL,PackageType3
"field[FieldName='""PackageType4Id""']",IsForeignKey,FALSE,TRUE
"field[FieldName='""PackageType4Id""']",ForeignEntity,NULL,PackageType
"field[FieldName='""PackageType4Id""']",NavigationPropertyName,NULL,PackageType4
"field[FieldName='""PackageType5Id""']",IsForeignKey,FALSE,TRUE
"field[FieldName='""PackageType5Id""']",ForeignEntity,NULL,PackageType
"field[FieldName='""PackageType5Id""']",NavigationPropertyName,NULL,PackageType5
"field[FieldName='""PackageType1Quantity""']",MaxLength,15,0
"field[FieldName='""PackageType2Quantity""']",MaxLength,15,0
"field[FieldName='""PackageType3Quantity""']",MaxLength,15,0
"field[FieldName='""PackageType4Quantity""']",MaxLength,15,0
"field[FieldName='""PackageType5Quantity""']",MaxLength,15,0
"field[FieldName='""QuoteTypeCode""']",IsForeignKey,FALSE,TRUE
"field[FieldName='""QuoteTypeCode""']",ForeignEntity,NULL,QuoteType
"field[FieldName='""QuoteTypeCode""']",NavigationPropertyName,NULL,QuoteType
"field[FieldName='""MainCarriageCarrierId""']",IsForeignKey,FALSE,TRUE
"field[FieldName='""MainCarriageCarrierId""']",ForeignEntity,NULL,Card
"field[FieldName='""MainCarriageCarrierId""']",NavigationPropertyName,NULL,MainCarriageCarrierCard
"field[FieldName='""IsCancelled""']",MaxLength,15,0
"field[FieldName='""SearchFields""']",FieldsDataType,Text,nText
"field[FieldName='""PickUpAddress""']",FieldsDataType,Text,nText
"field[FieldName='""DeliveryAddress""']",FieldsDataType,Text,nText
"field[FieldName='""IncludePickUp""']",MaxLength,1,0
"field[FieldName='""IncludeDelivery""']",MaxLength,1,0
"field[FieldName='""FromAddressId""']",MaxLength,0,15
"field[FieldName='""FromAddressId""']",IsForeignKey,FALSE,TRUE
"field[FieldName='""FromAddressId""']",ForeignEntity,NULL,Address
"field[FieldName='""FromAddressId""']",NavigationPropertyName,NULL,PickUpAddressEntity
"field[FieldName='""ToAddressId""']",MaxLength,0,15
"field[FieldName='""ToAddressId""']",IsForeignKey,FALSE,TRUE
"field[FieldName='""ToAddressId""']",ForeignEntity,NULL,Address
"field[FieldName='""ToAddressId""']",NavigationPropertyName,NULL,DeliveryAddressEntity
"field[FieldName='""FromAddressCountryId""']",IsForeignKey,FALSE,TRUE
"field[FieldName='""FromAddressCountryId""']",ForeignEntity,NULL,Country
"field[FieldName='""FromAddressCountryId""']",NavigationPropertyName,NULL,FromAddressCountry
"field[FieldName='""ToAddressCountryId""']",IsForeignKey,FALSE,TRUE
"field[FieldName='""ToAddressCountryId""']",ForeignEntity,NULL,Country
"field[FieldName='""ToAddressCountryId""']",NavigationPropertyName,NULL,ToAddressCountry
"field[FieldName='""FromPartnerId""']",IsForeignKey,FALSE,TRUE
"field[FieldName='""FromPartnerId""']",ForeignEntity,NULL,Card
"field[FieldName='""FromPartnerId""']",NavigationPropertyName,NULL,FromPartnerCard
"field[FieldName='""ToPartnerId""']",IsForeignKey,FALSE,TRUE
"field[FieldName='""ToPartnerId""']",ForeignEntity,NULL,Card
"field[FieldName='""ToPartnerId""']",NavigationPropertyName,NULL,ToPartnerCard
"field[FieldName='""FromPartnerAddressId""']",IsForeignKey,FALSE,TRUE
"field[FieldName='""FromPartnerAddressId""']",ForeignEntity,NULL,Address
"field[FieldName='""FromPartnerAddressId""']",NavigationPropertyName,NULL,FromPartnerAddress
"field[FieldName='""ToPartnerAddressId""']",IsForeignKey,FALSE,TRUE
"field[FieldName='""ToPartnerAddressId""']",ForeignEntity,NULL,Address
"field[FieldName='""ToPartnerAddressId""']",NavigationPropertyName,NULL,ToPartnerAddress
"field[FieldName='""StageDueDate""']",MaxLength,1,0
"field[FieldName='""LastActivityDate""']",MaxLength,1,0
"field[FieldName='""NextActivityDate""']",MaxLength,1,0
"field[FieldName='""OpportunityId""']",MaxLength,0,15
"field[FieldName='""IsAutomaticallyClosed""']",MaxLength,1,0
"field[FieldName='""AutomaticallyCloseDate""']",MaxLength,1,0
"field[FieldName='""AutomaticallyCloseDays""']",MaxLength,1,0
"field[FieldName='""UpdateDate""']",MaxLength,1,0
"field[FieldName='""ETD""']",MaxLength,15,0
"field[FieldName='""ETA""']",MaxLength,15,0
"field[FieldName='""AgentId""']",IsForeignKey,FALSE,TRUE
"field[FieldName='""AgentId""']",ForeignEntity,NULL,Card
"field[FieldName='""AgentId""']",NavigationPropertyName,NULL,AgentCard
"field[FieldName='""AgentAddressId""']",IsForeignKey,FALSE,TRUE
"field[FieldName='""AgentAddressId""']",ForeignEntity,NULL,Address
"field[FieldName='""AgentAddressId""']",NavigationPropertyName,NULL,AgentAddress
"field[FieldName='""AgentContactId""']",IsForeignKey,FALSE,TRUE
"field[FieldName='""AgentContactId""']",ForeignEntity,NULL,Contact
"field[FieldName='""AgentContactId""']",NavigationPropertyName,NULL,AgentContact
"field[FieldName='""AgentReference1""']",MaxLength,0,50
"field[FieldName='""AgentReference2""']",MaxLength,0,50
"field[FieldName='""TEU""']",MaxLength,15,0
"field[FieldName='""SaleCurrencyId""']",IsForeignKey,FALSE,TRUE
"field[FieldName='""SaleCurrencyId""']",ForeignEntity,NULL,Currency
"field[FieldName='""SaleCurrencyId""']",NavigationPropertyName,NULL,SaleCurrency
"field[FieldName='""ValueOfGoods""']",MaxLength,15,0
"field[FieldName='""ValueOfGoodsCurrencyId""']",IsForeignKey,FALSE,TRUE
"field[FieldName='""ValueOfGoodsCurrencyId""']",ForeignEntity,NULL,Currency
"field[FieldName='""ValueOfGoodsCurrencyId""']",NavigationPropertyName,NULL,ValueOfGoodsCurrency
"field[FieldName='""IsChargesByVAT""']",MaxLength,1,0
"field[FieldName='""GrossWeightInKG""']",MaxLength,40,0
"field[FieldName='""GrossWeightPerTon""']",MaxLength,40,0
"field[FieldName='""NotifyId""']",IsForeignKey,FALSE,TRUE
"field[FieldName='""NotifyId""']",ForeignEntity,NULL,Card
"field[FieldName='""NotifyId""']",NavigationPropertyName,NULL,NotifyCard
"field[FieldName='""NotifyAddressId""']",IsForeignKey,FALSE,TRUE
"field[FieldName='""NotifyAddressId""']",ForeignEntity,NULL,Address
"field[FieldName='""NotifyAddressId""']",NavigationPropertyName,NULL,NotifyAddress
"field[FieldName='""NotifyContactId""']",IsForeignKey,FALSE,TRUE
"field[FieldName='""NotifyContactId""']",ForeignEntity,NULL,Contact
"field[FieldName='""NotifyContactId""']",NavigationPropertyName,NULL,NotifyContact
"field[FieldName='""Field11""']",FieldsDataType,Text,nText
"field[FieldName='""Field11""']",MaxLength,0,250
"field[FieldName='""Field12""']",FieldsDataType,Text,nText
"field[FieldName='""Field12""']",MaxLength,0,250
"field[FieldName='""Field13""']",FieldsDataType,Text,nText
"field[FieldName='""Field13""']",MaxLength,0,250
"field[FieldName='""Field14""']",FieldsDataType,Text,nText
"field[FieldName='""Field14""']",MaxLength,0,250
"field[FieldName='""Field15""']",FieldsDataType,Text,nText
"field[FieldName='""Field15""']",MaxLength,0,250
"field[FieldName='""Field16""']",FieldsDataType,Text,nText
"field[FieldName='""Field16""']",MaxLength,0,250
"field[FieldName='""Field17""']",FieldsDataType,Text,nText
"field[FieldName='""Field17""']",MaxLength,0,250
"field[FieldName='""Field18""']",FieldsDataType,Text,nText
"field[FieldName='""Field18""']",MaxLength,0,250
"field[FieldName='""Field19""']",FieldsDataType,Text,nText
"field[FieldName='""Field19""']",MaxLength,0,250
"field[FieldName='""Field20""']",FieldsDataType,Text,nText
"field[FieldName='""Field20""']",MaxLength,0,250
"field[FieldName='""UpdatedByUserId""']",IsForeignKey,FALSE,TRUE
"field[FieldName='""UpdatedByUserId""']",ForeignEntity,NULL,User
"field[FieldName='""UpdatedByUserId""']",NavigationPropertyName,NULL,UpdatedByUser
"field[FieldName='""BusinessUnitId""']",IsRequired,FALSE,TRUE
"field[FieldName='""BusinessUnitId""']",IsForeignKey,FALSE,TRUE
"field[FieldName='""BusinessUnitId""']",ForeignEntity,NULL,BusinessUnit
"field[FieldName='""BusinessUnitId""']",NavigationPropertyName,NULL,BusinessUnit
"field[FieldName='""RatingCode""']",IsRequired,FALSE,TRUE
"field[FieldName='""RatingCode""']",IsForeignKey,FALSE,TRUE
"field[FieldName='""RatingCode""']",ForeignEntity,NULL,QuoteRating
"field[FieldName='""RatingCode""']",NavigationPropertyName,NULL,Rating
"field[FieldName='""StageId""']",IsRequired,FALSE,TRUE
"field[FieldName='""StageId""']",IsForeignKey,FALSE,TRUE
"field[FieldName='""StageId""']",ForeignEntity,NULL,QuoteStage
"field[FieldName='""StageId""']",NavigationPropertyName,NULL,Stage
"field[FieldName='""QuoteClosingReasonCode""']",IsForeignKey,FALSE,TRUE
"field[FieldName='""QuoteClosingReasonCode""']",ForeignEntity,NULL,QuoteClosingReason
"field[FieldName='""QuoteClosingReasonCode""']",NavigationPropertyName,NULL,QuoteClosingReason
"field[FieldName='""MoveTypeId""']",IsForeignKey,FALSE,TRUE
"field[FieldName='""MoveTypeId""']",ForeignEntity,NULL,MoveType
"field[FieldName='""MoveTypeId""']",NavigationPropertyName,NULL,MoveType
"field[FieldName='""ProfitCurrencyId""']",IsForeignKey,FALSE,TRUE
"field[FieldName='""ProfitCurrencyId""']",ForeignEntity,NULL,Currency
"field[FieldName='""ProfitCurrencyId""']",NavigationPropertyName,NULL,ProfitCurrency
,,,
,,,
LXML File: QuoteCharge.lxml,,,
Element,Attribute,Old Value,New Value
entity,DxmlDatabaseTypeCode,NULL,Main
entity,DxmlDatabaseSchemaCode,NULL,dbo
"field[FieldName='""Id""']",MaxLength,0,15
"field[FieldName='""QuoteId""']",MaxLength,0,15
"field[FieldName='""QuoteId""']",IsRequired,FALSE,TRUE
"field[FieldName='""QuoteId""']",IsForeignKey,FALSE,TRUE
"field[FieldName='""QuoteId""']",ForeignEntity,NULL,Quote
"field[FieldName='""QuoteId""']",NavigationPropertyName,NULL,Quote
"field[FieldName='""ChargesTypeId""']",IsForeignKey,FALSE,TRUE
"field[FieldName='""ChargesTypeId""']",ForeignEntity,NULL,ChargesType
"field[FieldName='""ChargesTypeId""']",NavigationPropertyName,NULL,ChargesType
"field[FieldName='""VendorId""']",IsForeignKey,FALSE,TRUE
"field[FieldName='""VendorId""']",ForeignEntity,NULL,Card
"field[FieldName='""VendorId""']",NavigationPropertyName,NULL,VendorCard
"field[FieldName='""UpdatedByUserId""']",MaxLength,0,15
"field[FieldName='""UpdatedByUserId""']",IsRequired,FALSE,TRUE
"field[FieldName='""UpdatedByUserId""']",IsForeignKey,FALSE,TRUE
"field[FieldName='""UpdatedByUserId""']",ForeignEntity,NULL,User
"field[FieldName='""UpdatedByUserId""']",NavigationPropertyName,NULL,UpdatedByUser
"field[FieldName='""IsAllIN""']",MaxLength,15,0
"field[FieldName='""IsChargeBySteps""']",MaxLength,1,0
"field[FieldName='""CostMinAmount""']",MaxLength,1,0
"field[FieldName='""CostMaxAmount""']",MaxLength,1,0
"field[FieldName='""SaleMinAmount""']",MaxLength,1,0
"field[FieldName='""SaleMaxAmount""']",MaxLength,1,0
"field[FieldName='""CostCurrencyId""']",IsForeignKey,FALSE,TRUE
"field[FieldName='""CostCurrencyId""']",ForeignEntity,NULL,Currency
"field[FieldName='""CostCurrencyId""']",NavigationPropertyName,NULL,CostCurrency
"field[FieldName='""CostExchangeRate""']",MaxLength,15,0
"field[FieldName='""CostIsFixedRate""']",MaxLength,1,0
"field[FieldName='""CostMeasurementId""']",IsRequired,TRUE,FALSE
"field[FieldName='""CostMeasurementId""']",IsForeignKey,FALSE,TRUE
"field[FieldName='""CostMeasurementId""']",ForeignEntity,NULL,Measurement
"field[FieldName='""CostMeasurementId""']",NavigationPropertyName,NULL,CostMeasurement
"field[FieldName='""CostQuantity""']",MaxLength,15,0
"field[FieldName='""CostUnitPrice""']",MaxLength,15,0
"field[FieldName='""CostContainerType1UnitPrice""']",MaxLength,15,0
"field[FieldName='""CostContainerType2UnitPrice""']",MaxLength,15,0
"field[FieldName='""CostContainerType3UnitPrice""']",MaxLength,15,0
"field[FieldName='""CostContainerType4UnitPrice""']",MaxLength,15,0
"field[FieldName='""CostContainerType5UnitPrice""']",MaxLength,15,0
"field[FieldName='""CostTotalAmount""']",MaxLength,15,0
"field[FieldName='""CostTotalAmountLocal""']",MaxLength,15,0
"field[FieldName='""SaleCurrencyId""']",IsForeignKey,FALSE,TRUE
"field[FieldName='""SaleCurrencyId""']",ForeignEntity,NULL,Currency
"field[FieldName='""SaleCurrencyId""']",NavigationPropertyName,NULL,Currency
"field[FieldName='""SaleExchangeRate""']",MaxLength,15,0
"field[FieldName='""SaleIsFixedRate""']",MaxLength,1,0
"field[FieldName='""SaleMeasurementId""']",IsForeignKey,FALSE,TRUE
"field[FieldName='""SaleMeasurementId""']",ForeignEntity,NULL,Measurement
"field[FieldName='""SaleMeasurementId""']",NavigationPropertyName,NULL,SaleMeasurement
"field[FieldName='""SaleQuantity""']",MaxLength,15,0
"field[FieldName='""SaleUnitPrice""']",MaxLength,15,0
"field[FieldName='""SaleContainerType1UnitPrice""']",MaxLength,15,0
"field[FieldName='""SaleContainerType2UnitPrice""']",MaxLength,15,0
"field[FieldName='""SaleContainerType3UnitPrice""']",MaxLength,15,0
"field[FieldName='""SaleContainerType4UnitPrice""']",MaxLength,15,0
"field[FieldName='""SaleContainerType5UnitPrice""']",MaxLength,15,0
"field[FieldName='""SaleTotalAmount""']",MaxLength,15,0
"field[FieldName='""SaleTotalAmountLocal""']",MaxLength,15,0
"field[FieldName='""SaleUnitPriceInSaleCurrency""']",MaxLength,1,0
"field[FieldName='""SaleUnitPrice1InSaleCurrency""']",MaxLength,1,0
"field[FieldName='""SaleUnitPrice2InSaleCurrency""']",MaxLength,1,0
"field[FieldName='""SaleUnitPrice3InSaleCurrency""']",MaxLength,1,0
"field[FieldName='""SaleUnitPrice4InSaleCurrency""']",MaxLength,1,0
"field[FieldName='""SaleUnitPrice5InSaleCurrency""']",MaxLength,1,0
"field[FieldName='""SaleAmountInSaleCurrency""']",MaxLength,1,0
"field[FieldName='""MarkUpValue""']",MaxLength,15,0
"field[FieldName='""MarkUpTypeCode""']",IsForeignKey,FALSE,TRUE
"field[FieldName='""MarkUpTypeCode""']",ForeignEntity,NULL,MarkUpType
"field[FieldName='""MarkUpTypeCode""']",NavigationPropertyName,NULL,MarkUpType
"field[FieldName='""ContainerType1MarkUpTypeCode""']",MaxLength,0,4
"field[FieldName='""ContainerType1MarkUpTypeCode""']",IsForeignKey,FALSE,TRUE
"field[FieldName='""ContainerType1MarkUpTypeCode""']",ForeignEntity,NULL,MarkUpType
"field[FieldName='""ContainerType1MarkUpTypeCode""']",NavigationPropertyName,NULL,ContainerType1MarkUpType
"field[FieldName='""ContainerType2MarkUpTypeCode""']",MaxLength,0,4
"field[FieldName='""ContainerType2MarkUpTypeCode""']",IsForeignKey,FALSE,TRUE
"field[FieldName='""ContainerType2MarkUpTypeCode""']",ForeignEntity,NULL,MarkUpType
"field[FieldName='""ContainerType2MarkUpTypeCode""']",NavigationPropertyName,NULL,ContainerType2MarkUpType
"field[FieldName='""ContainerType3MarkUpTypeCode""']",MaxLength,0,4
"field[FieldName='""ContainerType3MarkUpTypeCode""']",IsForeignKey,FALSE,TRUE
"field[FieldName='""ContainerType3MarkUpTypeCode""']",ForeignEntity,NULL,MarkUpType
"field[FieldName='""ContainerType3MarkUpTypeCode""']",NavigationPropertyName,NULL,ContainerType3MarkUpType
"field[FieldName='""ContainerType4MarkUpTypeCode""']",MaxLength,0,4
"field[FieldName='""ContainerType4MarkUpTypeCode""']",IsForeignKey,FALSE,TRUE
"field[FieldName='""ContainerType4MarkUpTypeCode""']",ForeignEntity,NULL,MarkUpType
"field[FieldName='""ContainerType4MarkUpTypeCode""']",NavigationPropertyName,NULL,ContainerType4MarkUpType
"field[FieldName='""ContainerType5MarkUpTypeCode""']",MaxLength,0,4
"field[FieldName='""ContainerType5MarkUpTypeCode""']",IsForeignKey,FALSE,TRUE
"field[FieldName='""ContainerType5MarkUpTypeCode""']",ForeignEntity,NULL,MarkUpType
"field[FieldName='""ContainerType5MarkUpTypeCode""']",NavigationPropertyName,NULL,ContainerType5MarkUpType
"field[FieldName='""VatTypeId""']",IsForeignKey,FALSE,TRUE
"field[FieldName='""VatTypeId""']",ForeignEntity,NULL,VatType
"field[FieldName='""VatTypeId""']",NavigationPropertyName,NULL,VatType
"field[FieldName='""VatPercentage""']",MaxLength,1,0
,,,
,,,
LXML File: QuoteClosingReason.lxml,,,
Element,Attribute,Old Value,New Value
entity,DxmlDatabaseTypeCode,NULL,Main
entity,DxmlDatabaseSchemaCode,NULL,dbo
"field[FieldName='""SearchFields""']",FieldsDataType,Text,nText
,,,
,,,
LXML File: QuoteCustomerType.lxml,,,
Element,Attribute,Old Value,New Value
entity,DxmlDatabaseTypeCode,NULL,Main
entity,DxmlDatabaseSchemaCode,NULL,dbo
"field[FieldName='""SearchFields""']",FieldsDataType,Text,nText
"field[FieldName='""ShowInLOV""']",MaxLength,40,0
,,,
,,,
LXML File: QuotePackage.lxml,,,
Element,Attribute,Old Value,New Value
entity,DxmlDatabaseTypeCode,NULL,Main
entity,DxmlDatabaseSchemaCode,NULL,dbo
"field[FieldName='""Id""']",MaxLength,0,15
"field[FieldName='""PackageTypeId""']",IsForeignKey,FALSE,TRUE
"field[FieldName='""PackageTypeId""']",ForeignEntity,NULL,PackageType
"field[FieldName='""PackageTypeId""']",NavigationPropertyName,NULL,PackageType
"field[FieldName='""QuoteId""']",MaxLength,0,15
"field[FieldName='""QuoteId""']",IsForeignKey,FALSE,TRUE
"field[FieldName='""QuoteId""']",ForeignEntity,NULL,Quote
"field[FieldName='""QuoteId""']",NavigationPropertyName,NULL,Quote
"field[FieldName='""Quantity""']",MaxLength,15,0
"field[FieldName='""Quantity""']",IsRequired,TRUE,FALSE
"field[FieldName='""Quantity""']",IsNullable,FALSE,TRUE
"field[FieldName='""GrossWeight""']",MaxLength,15,0
"field[FieldName='""Volume""']",MaxLength,15,0
"field[FieldName='""Height""']",MaxLength,15,0
"field[FieldName='""Width""']",MaxLength,15,0
"field[FieldName='""Length""']",MaxLength,15,0
"field[FieldName='""VolumetricWeight""']",MaxLength,15,0
,,,
,,,
LXML File: QuotePriceSteps.lxml,,,
Element,Attribute,Old Value,New Value
entity,DxmlDatabaseTypeCode,NULL,Main
entity,DxmlDatabaseSchemaCode,NULL,dbo
"field[FieldName='""Id""']",MaxLength,0,15
"field[FieldName='""CostUnitPrice""']",MaxLength,15,0
"field[FieldName='""SaleUnitPrice""']",MaxLength,15,0
"field[FieldName='""SaleUnitPrice""']",IsRequired,TRUE,FALSE
"field[FieldName='""SaleUnitPrice""']",IsNullable,FALSE,TRUE
"field[FieldName='""Step""']",MaxLength,1,0
"field[FieldName='""MarkupValue""']",MaxLength,15,0
"field[FieldName='""QuoteId""']",MaxLength,0,15
"field[FieldName='""QuoteId""']",IsRequired,FALSE,TRUE
"field[FieldName='""QuoteId""']",IsForeignKey,FALSE,TRUE
"field[FieldName='""QuoteId""']",ForeignEntity,NULL,Quote
"field[FieldName='""QuoteId""']",NavigationPropertyName,NULL,Quote
"field[FieldName='""QuoteChargeId""']",MaxLength,0,15
"field[FieldName='""QuoteChargeId""']",IsForeignKey,FALSE,TRUE
"field[FieldName='""QuoteChargeId""']",ForeignEntity,NULL,QuoteCharge
"field[FieldName='""QuoteChargeId""']",NavigationPropertyName,NULL,QuoteCharge
,,,
,,,
LXML File: QuoteRating.lxml,,,
Element,Attribute,Old Value,New Value
entity,DxmlDatabaseTypeCode,NULL,Main
entity,DxmlDatabaseSchemaCode,NULL,dbo
"field[FieldName='""IndexOrder""']",MaxLength,1,0
,,,
,,,
LXML File: QuoteSetting.lxml,,,
Element,Attribute,Old Value,New Value
entity,DxmlDatabaseTypeCode,NULL,Main
entity,DxmlDatabaseSchemaCode,NULL,dbo
"field[FieldName='""Id""']",MaxLength,0,15
"field[FieldName='""CopyShipper""']",MaxLength,1,0
"field[FieldName='""CopyConsignee""']",MaxLength,1,0
"field[FieldName='""CopyMainCarriage""']",MaxLength,1,0
"field[FieldName='""CopyPickup""']",MaxLength,1,0
"field[FieldName='""CopyDelivery""']",MaxLength,1,0
"field[FieldName='""CopyChargesTypes""']",MaxLength,1,0
"field[FieldName='""CopyChargesCost""']",MaxLength,1,0
"field[FieldName='""CopyChargesSale""']",MaxLength,1,0
"field[FieldName='""EditMainCarriage""']",MaxLength,1,0
"field[FieldName='""CopyAgent""']",MaxLength,1,0
"field[FieldName='""CopyNotify""']",MaxLength,1,0
"field[FieldName='""IsSaleAsCostCurrency""']",MaxLength,1,0
,,,
,,,
LXML File: QuoteStage.lxml,,,
Element,Attribute,Old Value,New Value
entity,DxmlDatabaseTypeCode,NULL,Main
entity,DxmlDatabaseSchemaCode,NULL,dbo
"field[FieldName='""Id""']",MaxLength,0,15
"field[FieldName='""MaxDays""']",MaxLength,1,0
"field[FieldName='""UpdateDate""']",MaxLength,1,0
"field[FieldName='""UpdatedByUserId""']",IsForeignKey,FALSE,TRUE
"field[FieldName='""UpdatedByUserId""']",ForeignEntity,NULL,User
"field[FieldName='""UpdatedByUserId""']",NavigationPropertyName,NULL,UpdatedByUser
"field[FieldName='""Rank""']",MaxLength,1,0
,,,
,,,
LXML File: QuoteTemplate.lxml,,,
Element,Attribute,Old Value,New Value
entity,DxmlDatabaseTypeCode,NULL,Main
entity,DxmlDatabaseSchemaCode,NULL,dbo
"field[FieldName='""Id""']",MaxLength,0,15
"field[FieldName='""HeaderDocId""']",IsForeignKey,FALSE,TRUE
"field[FieldName='""HeaderDocId""']",ForeignEntity,NULL,Document
"field[FieldName='""HeaderDocId""']",NavigationPropertyName,NULL,HeaderDoc
"field[FieldName='""FooterDocId""']",IsForeignKey,FALSE,TRUE
"field[FieldName='""FooterDocId""']",ForeignEntity,NULL,Document
"field[FieldName='""FooterDocId""']",NavigationPropertyName,NULL,FooterDoc
"field[FieldName='""QuoteTemplateSettingId""']",IsForeignKey,FALSE,TRUE
"field[FieldName='""QuoteTemplateSettingId""']",ForeignEntity,NULL,QuoteTemplateSetting
"field[FieldName='""QuoteTemplateSettingId""']",NavigationPropertyName,NULL,QuoteTemplateSetting
"field[FieldName='""Name""']",FieldsDataType,Text,nText
"field[FieldName='""OriginalQuoteTemplateId""']",IsForeignKey,FALSE,TRUE
"field[FieldName='""OriginalQuoteTemplateId""']",ForeignEntity,NULL,QuoteTemplate
"field[FieldName='""OriginalQuoteTemplateId""']",NavigationPropertyName,NULL,OriginalQuoteTemplate
"field[FieldName='""CreatedByUserId""']",IsForeignKey,FALSE,TRUE
"field[FieldName='""CreatedByUserId""']",ForeignEntity,NULL,User
"field[FieldName='""CreatedByUserId""']",NavigationPropertyName,NULL,CreatedByUser
"field[FieldName='""UpdatedByUserId""']",IsForeignKey,FALSE,TRUE
"field[FieldName='""UpdatedByUserId""']",ForeignEntity,NULL,User
"field[FieldName='""UpdatedByUserId""']",NavigationPropertyName,NULL,UpdatedByUser
"field[FieldName='""IsDefault""']",MaxLength,100,0
"field[FieldName='""TemplateTypeCode""']",IsForeignKey,FALSE,TRUE
"field[FieldName='""TemplateTypeCode""']",ForeignEntity,NULL,QuoteType
"field[FieldName='""TemplateTypeCode""']",NavigationPropertyName,NULL,QuoteType
"field[FieldName='""InActive""']",MaxLength,1,0
,,,
,,,
LXML File: QuoteTemplateSection.lxml,,,
Element,Attribute,Old Value,New Value
entity,DxmlDatabaseTypeCode,NULL,Main
entity,DxmlDatabaseSchemaCode,NULL,dbo
"field[FieldName='""Id""']",MaxLength,0,15
"field[FieldName='""QuoteTemplateId""']",IsForeignKey,FALSE,TRUE
"field[FieldName='""QuoteTemplateId""']",ForeignEntity,NULL,QuoteTemplate
"field[FieldName='""QuoteTemplateId""']",NavigationPropertyName,NULL,QuoteTemplate
"field[FieldName='""SectionDocId""']",IsRequired,TRUE,FALSE
"field[FieldName='""SectionDocId""']",IsForeignKey,FALSE,TRUE
"field[FieldName='""SectionDocId""']",ForeignEntity,NULL,Document
"field[FieldName='""SectionDocId""']",NavigationPropertyName,NULL,SectionDoc
"field[FieldName='""Name""']",FieldsDataType,Text,nText
"field[FieldName='""Name""']",MaxLength,0,60
"field[FieldName='""Name""']",IsRequired,FALSE,TRUE
"field[FieldName='""Description""']",FieldsDataType,Text,nText
"field[FieldName='""Description""']",MaxLength,0,500
"field[FieldName='""QuoteTemplateSectionTypeCode""']",IsForeignKey,FALSE,TRUE
"field[FieldName='""QuoteTemplateSectionTypeCode""']",ForeignEntity,NULL,QuoteTemplateSectionType
"field[FieldName='""QuoteTemplateSectionTypeCode""']",NavigationPropertyName,NULL,QuoteTemplateSectionType
,,,
,,,
LXML File: QuoteTemplateSectionType.lxml,,,
Element,Attribute,Old Value,New Value
entity,DxmlDatabaseTypeCode,NULL,Main
entity,DxmlDatabaseSchemaCode,NULL,dbo
"field[FieldName='""Code""']",MaxLength,60,2
,,,
,,,
LXML File: QuoteTemplateSetting.lxml,,,
Element,Attribute,Old Value,New Value
entity,DxmlDatabaseTypeCode,NULL,Main
entity,DxmlDatabaseSchemaCode,NULL,dbo
"field[FieldName='""Id""']",MaxLength,0,15
"field[FieldName='""PageHeaderArea1Type""']",MaxLength,0,50
"field[FieldName='""PageHeaderArea2Type""']",MaxLength,0,50
"field[FieldName='""PageHeaderArea3Type""']",MaxLength,0,50
"field[FieldName='""PageHeaderArea1ImageDetailId""']",MaxLength,0,15
"field[FieldName='""PageHeaderArea1ImageDetailId""']",IsForeignKey,FALSE,TRUE
"field[FieldName='""PageHeaderArea1ImageDetailId""']",ForeignEntity,NULL,ImageDetail
"field[FieldName='""PageHeaderArea1ImageDetailId""']",NavigationPropertyName,NULL,PageHeaderArea1ImageDetail
"field[FieldName='""PageHeaderArea2ImageDetailId""']",MaxLength,0,15
"field[FieldName='""PageHeaderArea2ImageDetailId""']",IsForeignKey,FALSE,TRUE
"field[FieldName='""PageHeaderArea2ImageDetailId""']",ForeignEntity,NULL,ImageDetail
"field[FieldName='""PageHeaderArea2ImageDetailId""']",NavigationPropertyName,NULL,PageHeaderArea2ImageDetail
"field[FieldName='""PageHeaderArea3ImageDetailId""']",MaxLength,0,15
"field[FieldName='""PageHeaderArea3ImageDetailId""']",IsForeignKey,FALSE,TRUE
"field[FieldName='""PageHeaderArea3ImageDetailId""']",ForeignEntity,NULL,ImageDetail
"field[FieldName='""PageHeaderArea3ImageDetailId""']",NavigationPropertyName,NULL,PageHeaderArea3ImageDetail
"field[FieldName='""PageHeaderArea1FreeText""']",FieldsDataType,Text,nText
"field[FieldName='""PageHeaderArea1FreeText""']",MaxLength,0,1000
"field[FieldName='""PageHeaderArea2FreeText""']",FieldsDataType,Text,nText
"field[FieldName='""PageHeaderArea2FreeText""']",MaxLength,0,1000
"field[FieldName='""PageHeaderArea3FreeText""']",FieldsDataType,Text,nText
"field[FieldName='""PageHeaderArea3FreeText""']",MaxLength,0,1000
"field[FieldName='""PageHeaderArea1FreeTextDesignId""']",MaxLength,0,15
"field[FieldName='""PageHeaderArea1FreeTextDesignId""']",IsForeignKey,FALSE,TRUE
"field[FieldName='""PageHeaderArea1FreeTextDesignId""']",ForeignEntity,NULL,QuoteTemplateTextDesign
"field[FieldName='""PageHeaderArea1FreeTextDesignId""']",NavigationPropertyName,NULL,PageHeaderArea1FreeTextDesign
"field[FieldName='""PageHeaderArea2FreeTextDesignId""']",MaxLength,0,15
"field[FieldName='""PageHeaderArea2FreeTextDesignId""']",IsForeignKey,FALSE,TRUE
"field[FieldName='""PageHeaderArea2FreeTextDesignId""']",ForeignEntity,NULL,QuoteTemplateTextDesign
"field[FieldName='""PageHeaderArea2FreeTextDesignId""']",NavigationPropertyName,NULL,PageHeaderArea2FreeTextDesign
"field[FieldName='""PageHeaderArea3FreeTextDesignId""']",MaxLength,0,15
"field[FieldName='""PageHeaderArea3FreeTextDesignId""']",IsForeignKey,FALSE,TRUE
"field[FieldName='""PageHeaderArea3FreeTextDesignId""']",ForeignEntity,NULL,QuoteTemplateTextDesign
"field[FieldName='""PageHeaderArea3FreeTextDesignId""']",NavigationPropertyName,NULL,PageHeaderArea3FreeTextDesign
"field[FieldName='""PageHeaderArea1Width""']",IsRequired,FALSE,TRUE
"field[FieldName='""PageHeaderArea1Width""']",IsNullable,TRUE,FALSE
"field[FieldName='""PageHeaderArea2Width""']",IsRequired,FALSE,TRUE
"field[FieldName='""PageHeaderArea2Width""']",IsNullable,TRUE,FALSE
"field[FieldName='""PageHeaderArea3Width""']",IsRequired,FALSE,TRUE
"field[FieldName='""PageHeaderArea3Width""']",IsNullable,TRUE,FALSE
"field[FieldName='""PageHeaderArea1ImageAlignment""']",MaxLength,0,50
"field[FieldName='""PageHeaderArea2ImageAlignment""']",MaxLength,0,50
"field[FieldName='""PageHeaderArea3ImageAlignment""']",MaxLength,0,50
"field[FieldName='""PageFooterArea1Type""']",MaxLength,0,50
"field[FieldName='""PageFooterArea2Type""']",MaxLength,0,50
"field[FieldName='""PageFooterArea3Type""']",MaxLength,0,50
"field[FieldName='""PageFooterArea1ImageDetailId""']",MaxLength,0,15
"field[FieldName='""PageFooterArea1ImageDetailId""']",IsForeignKey,FALSE,TRUE
"field[FieldName='""PageFooterArea1ImageDetailId""']",ForeignEntity,NULL,ImageDetail
"field[FieldName='""PageFooterArea1ImageDetailId""']",NavigationPropertyName,NULL,PageFooterArea1ImageDetail
"field[FieldName='""PageFooterArea2ImageDetailId""']",MaxLength,0,15
"field[FieldName='""PageFooterArea2ImageDetailId""']",IsForeignKey,FALSE,TRUE
"field[FieldName='""PageFooterArea2ImageDetailId""']",ForeignEntity,NULL,ImageDetail
"field[FieldName='""PageFooterArea2ImageDetailId""']",NavigationPropertyName,NULL,PageFooterArea2ImageDetail
"field[FieldName='""PageFooterArea3ImageDetailId""']",MaxLength,0,15
"field[FieldName='""PageFooterArea3ImageDetailId""']",IsForeignKey,FALSE,TRUE
"field[FieldName='""PageFooterArea3ImageDetailId""']",ForeignEntity,NULL,ImageDetail
"field[FieldName='""PageFooterArea3ImageDetailId""']",NavigationPropertyName,NULL,PageFooterArea3ImageDetail
"field[FieldName='""PageFooterArea1FreeText""']",FieldsDataType,Text,nText
"field[FieldName='""PageFooterArea1FreeText""']",MaxLength,0,1000
"field[FieldName='""PageFooterArea2FreeText""']",FieldsDataType,Text,nText
"field[FieldName='""PageFooterArea2FreeText""']",MaxLength,0,1000
"field[FieldName='""PageFooterArea3FreeText""']",FieldsDataType,Text,nText
"field[FieldName='""PageFooterArea3FreeText""']",MaxLength,0,1000
"field[FieldName='""PageFooterArea1FreeTextDesignId""']",MaxLength,0,15
"field[FieldName='""PageFooterArea1FreeTextDesignId""']",IsForeignKey,FALSE,TRUE
"field[FieldName='""PageFooterArea1FreeTextDesignId""']",ForeignEntity,NULL,QuoteTemplateTextDesign
"field[FieldName='""PageFooterArea1FreeTextDesignId""']",NavigationPropertyName,NULL,PageFooterArea1FreeTextDesign
"field[FieldName='""PageFooterArea2FreeTextDesignId""']",MaxLength,0,15
"field[FieldName='""PageFooterArea2FreeTextDesignId""']",IsForeignKey,FALSE,TRUE
"field[FieldName='""PageFooterArea2FreeTextDesignId""']",ForeignEntity,NULL,QuoteTemplateTextDesign
"field[FieldName='""PageFooterArea2FreeTextDesignId""']",NavigationPropertyName,NULL,PageFooterArea2FreeTextDesign
"field[FieldName='""PageFooterArea3FreeTextDesignId""']",MaxLength,0,15
"field[FieldName='""PageFooterArea3FreeTextDesignId""']",IsForeignKey,FALSE,TRUE
"field[FieldName='""PageFooterArea3FreeTextDesignId""']",ForeignEntity,NULL,QuoteTemplateTextDesign
"field[FieldName='""PageFooterArea3FreeTextDesignId""']",NavigationPropertyName,NULL,PageFooterArea3FreeTextDesign
"field[FieldName='""PageFooterArea1Width""']",IsRequired,FALSE,TRUE
"field[FieldName='""PageFooterArea1Width""']",IsNullable,TRUE,FALSE
"field[FieldName='""PageFooterArea2Width""']",IsRequired,FALSE,TRUE
"field[FieldName='""PageFooterArea2Width""']",IsNullable,TRUE,FALSE
"field[FieldName='""PageFooterArea3Width""']",IsRequired,FALSE,TRUE
"field[FieldName='""PageFooterArea3Width""']",IsNullable,TRUE,FALSE
"field[FieldName='""PageFooterArea1ImageAlignment""']",MaxLength,0,50
"field[FieldName='""PageFooterArea2ImageAlignment""']",MaxLength,0,50
"field[FieldName='""PageFooterArea3ImageAlignment""']",MaxLength,0,50
"field[FieldName='""PackagesTableDesignId""']",MaxLength,0,15
"field[FieldName='""PackagesTableDesignId""']",IsRequired,FALSE,TRUE
"field[FieldName='""PackagesTableDesignId""']",IsForeignKey,FALSE,TRUE
"field[FieldName='""PackagesTableDesignId""']",ForeignEntity,NULL,QuoteTemplateTableDesign
"field[FieldName='""PackagesTableDesignId""']",NavigationPropertyName,NULL,PackagesTableDesign
"field[FieldName='""ContainserTableDesignId""']",MaxLength,0,15
"field[FieldName='""ContainserTableDesignId""']",IsRequired,FALSE,TRUE
"field[FieldName='""ContainserTableDesignId""']",IsForeignKey,FALSE,TRUE
"field[FieldName='""ContainserTableDesignId""']",ForeignEntity,NULL,QuoteTemplateTableDesign
"field[FieldName='""ContainserTableDesignId""']",NavigationPropertyName,NULL,ContainserTableDesign
"field[FieldName='""TotalsPackagesLabelDesignId""']",MaxLength,0,15
"field[FieldName='""TotalsPackagesLabelDesignId""']",IsRequired,FALSE,TRUE
"field[FieldName='""TotalsPackagesLabelDesignId""']",IsForeignKey,FALSE,TRUE
"field[FieldName='""TotalsPackagesLabelDesignId""']",ForeignEntity,NULL,QuoteTemplateTextDesign
"field[FieldName='""TotalsPackagesLabelDesignId""']",NavigationPropertyName,NULL,QuoteTemplateTextDesignPackagesLabel
"field[FieldName='""TotalsContainsersLabelDesignId""']",MaxLength,0,15
"field[FieldName='""TotalsContainsersLabelDesignId""']",IsRequired,FALSE,TRUE
"field[FieldName='""TotalsContainsersLabelDesignId""']",IsForeignKey,FALSE,TRUE
"field[FieldName='""TotalsContainsersLabelDesignId""']",ForeignEntity,NULL,QuoteTemplateTextDesign
"field[FieldName='""TotalsContainsersLabelDesignId""']",NavigationPropertyName,NULL,QuoteTemplateTextDesignContainsersLabel
"field[FieldName='""TotalsPackagesValueDesignId""']",MaxLength,0,15
"field[FieldName='""TotalsPackagesValueDesignId""']",IsRequired,FALSE,TRUE
"field[FieldName='""TotalsPackagesValueDesignId""']",IsForeignKey,FALSE,TRUE
"field[FieldName='""TotalsPackagesValueDesignId""']",ForeignEntity,NULL,QuoteTemplateTextDesign
"field[FieldName='""TotalsPackagesValueDesignId""']",NavigationPropertyName,NULL,QuoteTemplateTextDesignPackagesValue
"field[FieldName='""TotalsContainsersValueDesignId""']",MaxLength,0,15
"field[FieldName='""TotalsContainsersValueDesignId""']",IsRequired,FALSE,TRUE
"field[FieldName='""TotalsContainsersValueDesignId""']",IsForeignKey,FALSE,TRUE
"field[FieldName='""TotalsContainsersValueDesignId""']",ForeignEntity,NULL,QuoteTemplateTextDesign
"field[FieldName='""TotalsContainsersValueDesignId""']",NavigationPropertyName,NULL,QuoteTemplateTextDesignContainsersValue
"field[FieldName='""GroupByPackagesLabelDesignId""']",MaxLength,0,15
"field[FieldName='""GroupByPackagesLabelDesignId""']",IsForeignKey,FALSE,TRUE
"field[FieldName='""GroupByPackagesLabelDesignId""']",ForeignEntity,NULL,QuoteTemplateTextDesign
"field[FieldName='""GroupByPackagesLabelDesignId""']",NavigationPropertyName,NULL,QuoteTemplateTextDesignPackagesGroupByLabel
"field[FieldName='""GroupByPackagesValueDesignId""']",MaxLength,0,15
"field[FieldName='""GroupByPackagesValueDesignId""']",IsForeignKey,FALSE,TRUE
"field[FieldName='""GroupByPackagesValueDesignId""']",ForeignEntity,NULL,QuoteTemplateTextDesign
"field[FieldName='""GroupByPackagesValueDesignId""']",NavigationPropertyName,NULL,QuoteTemplateTextDesignPackagesGroupByValue
"field[FieldName='""GroupByContainsersLabelDesignId""']",MaxLength,0,15
"field[FieldName='""GroupByContainsersLabelDesignId""']",IsForeignKey,FALSE,TRUE
"field[FieldName='""GroupByContainsersLabelDesignId""']",ForeignEntity,NULL,QuoteTemplateTextDesign
"field[FieldName='""GroupByContainsersLabelDesignId""']",NavigationPropertyName,NULL,QuoteTemplateTextDesignContainsersGroupByLabel
"field[FieldName='""GroupByContainsersValueDesignId""']",MaxLength,0,15
"field[FieldName='""GroupByContainsersValueDesignId""']",IsForeignKey,FALSE,TRUE
"field[FieldName='""GroupByContainsersValueDesignId""']",ForeignEntity,NULL,QuoteTemplateTextDesign
"field[FieldName='""GroupByContainsersValueDesignId""']",NavigationPropertyName,NULL,QuoteTemplateTextDesignContainsersGroupByValue
"field[FieldName='""DetailsTableDesignId""']",MaxLength,0,15
"field[FieldName='""DetailsTableDesignId""']",IsForeignKey,FALSE,TRUE
"field[FieldName='""DetailsTableDesignId""']",ForeignEntity,NULL,QuoteTemplateTableDesign
"field[FieldName='""DetailsTableDesignId""']",NavigationPropertyName,NULL,DetailsTableDesign
"field[FieldName='""HeaderTableDesignId""']",MaxLength,0,15
"field[FieldName='""HeaderTableDesignId""']",IsForeignKey,FALSE,TRUE
"field[FieldName='""HeaderTableDesignId""']",ForeignEntity,NULL,QuoteTemplateTableDesign
"field[FieldName='""HeaderTableDesignId""']",NavigationPropertyName,NULL,HeaderTableDesign
"field[FieldName='""DetailsTitleDesignId""']",MaxLength,0,15
"field[FieldName='""DetailsTitleDesignId""']",IsForeignKey,FALSE,TRUE
"field[FieldName='""DetailsTitleDesignId""']",ForeignEntity,NULL,QuoteTemplateTextDesign
"field[FieldName='""DetailsTitleDesignId""']",NavigationPropertyName,NULL,DetailsTitleDesign
"field[FieldName='""PricingPackagesTitleDesignId""']",MaxLength,0,15
"field[FieldName='""PricingPackagesTitleDesignId""']",IsForeignKey,FALSE,TRUE
"field[FieldName='""PricingPackagesTitleDesignId""']",ForeignEntity,NULL,QuoteTemplateTextDesign
"field[FieldName='""PricingPackagesTitleDesignId""']",NavigationPropertyName,NULL,PricingPackagesTitleDesign
"field[FieldName='""PricingContainsersTitleDesignId""']",MaxLength,0,15
"field[FieldName='""PricingContainsersTitleDesignId""']",IsForeignKey,FALSE,TRUE
"field[FieldName='""PricingContainsersTitleDesignId""']",ForeignEntity,NULL,QuoteTemplateTextDesign
"field[FieldName='""PricingContainsersTitleDesignId""']",NavigationPropertyName,NULL,PricingContainsersTitleDesign
"field[FieldName='""PageHeaderBorderTypeCode""']",MaxLength,0,40
"field[FieldName='""PageHeaderBorderTypeCode""']",IsRequired,FALSE,TRUE
"field[FieldName='""PageHeaderBorderColor""']",MaxLength,0,10
"field[FieldName='""PageHeaderBorderColor""']",IsRequired,FALSE,TRUE
"field[FieldName='""PageFooterBorderTypeCode""']",MaxLength,0,40
"field[FieldName='""PageFooterBorderTypeCode""']",IsRequired,FALSE,TRUE
"field[FieldName='""PageFooterBorderColor""']",MaxLength,0,10
"field[FieldName='""PageFooterBorderColor""']",IsRequired,FALSE,TRUE
"field[FieldName='""HeaderTableColumWidthType""']",MaxLength,0,10
"field[FieldName='""HeaderTableColumWidthType""']",IsRequired,FALSE,TRUE
"field[FieldName='""DetailsTableColumWidthType""']",MaxLength,0,10
"field[FieldName='""DetailsTableColumWidthType""']",IsRequired,FALSE,TRUE
"field[FieldName='""DetailsTableColumn1LabelWidth""']",IsRequired,FALSE,TRUE
"field[FieldName='""DetailsTableColumn1LabelWidth""']",IsNullable,TRUE,FALSE
"field[FieldName='""DetailsTableColumn1ValueWidth""']",IsRequired,FALSE,TRUE
"field[FieldName='""DetailsTableColumn1ValueWidth""']",IsNullable,TRUE,FALSE
"field[FieldName='""DetailsTableColumn2LabelWidth""']",IsRequired,FALSE,TRUE
"field[FieldName='""DetailsTableColumn2LabelWidth""']",IsNullable,TRUE,FALSE
"field[FieldName='""DetailsTableColumn2ValueWidth""']",IsRequired,FALSE,TRUE
"field[FieldName='""DetailsTableColumn2ValueWidth""']",IsNullable,TRUE,FALSE
"field[FieldName='""HeaderTableColumn1LabelWidth""']",IsRequired,FALSE,TRUE
"field[FieldName='""HeaderTableColumn1LabelWidth""']",IsNullable,TRUE,FALSE
"field[FieldName='""HeaderTableColumn1ValueWidth""']",IsRequired,FALSE,TRUE
"field[FieldName='""HeaderTableColumn1ValueWidth""']",IsNullable,TRUE,FALSE
"field[FieldName='""HeaderTableColumn2LabelWidth""']",IsRequired,FALSE,TRUE
"field[FieldName='""HeaderTableColumn2LabelWidth""']",IsNullable,TRUE,FALSE
"field[FieldName='""HeaderTableColumn2ValueWidth""']",IsRequired,FALSE,TRUE
"field[FieldName='""HeaderTableColumn2ValueWidth""']",IsNullable,TRUE,FALSE
"field[FieldName='""TotalPerContainersAdditionalTextDesignId""']",MaxLength,0,15
"field[FieldName='""TotalPerContainersAdditionalTextDesignId""']",IsForeignKey,FALSE,TRUE
"field[FieldName='""TotalPerContainersAdditionalTextDesignId""']",ForeignEntity,NULL,QuoteTemplateTextDesign
"field[FieldName='""TotalPerContainersAdditionalTextDesignId""']",NavigationPropertyName,NULL,TotalPerContainersAdditionalTextDesign
"field[FieldName='""TotalPerContainersTableDesignId""']",MaxLength,0,15
"field[FieldName='""TotalPerContainersTableDesignId""']",IsForeignKey,FALSE,TRUE
"field[FieldName='""TotalPerContainersTableDesignId""']",ForeignEntity,NULL,QuoteTemplateTableDesign
"field[FieldName='""TotalPerContainersTableDesignId""']",NavigationPropertyName,NULL,TotalPerContainersTableDesign
"field[FieldName='""TotalPerContainersCurrencyType""']",MaxLength,0,10
,,,
,,,
LXML File: QuoteTemplateTableDesign.lxml,,,
Element,Attribute,Old Value,New Value
entity,DxmlDatabaseTypeCode,NULL,Main
entity,DxmlDatabaseSchemaCode,NULL,dbo
"field[FieldName='""Id""']",MaxLength,0,15
"field[FieldName='""BorderTypeCode""']",MaxLength,0,40
"field[FieldName='""BorderTypeCode""']",IsRequired,FALSE,TRUE
"field[FieldName='""BorderTypeCode""']",IsForeignKey,FALSE,TRUE
"field[FieldName='""BorderTypeCode""']",ForeignEntity,NULL,BorderType
"field[FieldName='""BorderTypeCode""']",NavigationPropertyName,NULL,BorderType
"field[FieldName='""BorderColor""']",MaxLength,0,10
"field[FieldName='""BorderColor""']",IsRequired,FALSE,TRUE
"field[FieldName='""HeaderDesignId""']",MaxLength,0,15
"field[FieldName='""HeaderDesignId""']",IsRequired,FALSE,TRUE
"field[FieldName='""HeaderDesignId""']",IsForeignKey,FALSE,TRUE
"field[FieldName='""HeaderDesignId""']",ForeignEntity,NULL,QuoteTemplateTextDesign
"field[FieldName='""HeaderDesignId""']",NavigationPropertyName,NULL,HeaderDesign
"field[FieldName='""LinesDesignId""']",MaxLength,0,15
"field[FieldName='""LinesDesignId""']",IsRequired,FALSE,TRUE
"field[FieldName='""LinesDesignId""']",IsForeignKey,FALSE,TRUE
"field[FieldName='""LinesDesignId""']",ForeignEntity,NULL,QuoteTemplateTextDesign
"field[FieldName='""LinesDesignId""']",NavigationPropertyName,NULL,LinesDesign
"field[FieldName='""GroupByDesignId""']",MaxLength,0,15
"field[FieldName='""GroupByDesignId""']",IsRequired,FALSE,TRUE
"field[FieldName='""GroupByDesignId""']",IsForeignKey,FALSE,TRUE
"field[FieldName='""GroupByDesignId""']",ForeignEntity,NULL,QuoteTemplateTextDesign
"field[FieldName='""GroupByDesignId""']",NavigationPropertyName,NULL,GroupDesign
,,,
,,,
LXML File: QuoteTemplateTextCode.lxml,,,
Element,Attribute,Old Value,New Value
entity,DxmlDatabaseTypeCode,NULL,Main
entity,DxmlDatabaseSchemaCode,NULL,dbo
"field[FieldName='""Id""']",MaxLength,0,15
"field[FieldName='""TextCode""']",MaxLength,0,100
"field[FieldName='""TextCode""']",IsRequired,FALSE,TRUE
"field[FieldName='""EnglishName""']",MaxLength,0,100
"field[FieldName='""EnglishName""']",IsRequired,FALSE,TRUE
"field[FieldName='""LocalName""']",FieldsDataType,Text,nText
"field[FieldName='""LocalName""']",MaxLength,0,100
"field[FieldName='""LocalName""']",IsRequired,FALSE,TRUE
"field[FieldName='""QuoteTemplateId""']",MaxLength,0,15
"field[FieldName='""QuoteTemplateId""']",IsRequired,FALSE,TRUE
"field[FieldName='""QuoteTemplateId""']",IsForeignKey,FALSE,TRUE
"field[FieldName='""QuoteTemplateId""']",ForeignEntity,NULL,QuoteTemplate
"field[FieldName='""QuoteTemplateId""']",NavigationPropertyName,NULL,QuoteTemplate
"field[FieldName='""Area""']",MaxLength,0,20
"field[FieldName='""Area""']",IsRequired,FALSE,TRUE
"field[FieldName='""OriginalEnglishName""']",MaxLength,0,100
"field[FieldName='""OriginalEnglishName""']",IsRequired,FALSE,TRUE
"field[FieldName='""OriginalLocalName""']",FieldsDataType,Text,nText
"field[FieldName='""OriginalLocalName""']",MaxLength,0,100
"field[FieldName='""OriginalLocalName""']",IsRequired,FALSE,TRUE
,,,
,,,
LXML File: QuoteTemplateTextDesign.lxml,,,
Element,Attribute,Old Value,New Value
entity,DxmlDatabaseTypeCode,NULL,Main
entity,DxmlDatabaseSchemaCode,NULL,dbo
"field[FieldName='""Id""']",MaxLength,0,15
"field[FieldName='""TextColor""']",MaxLength,0,10
"field[FieldName='""FontFamily""']",MaxLength,0,100
"field[FieldName='""BackgroundColor""']",MaxLength,0,10
"field[FieldName='""FontWeight""']",MaxLength,0,40
"field[FieldName='""Alignment""']",MaxLength,0,10
,,,
,,,
LXML File: QuoteTotalVat.lxml,,,
Element,Attribute,Old Value,New Value
entity,DxmlDatabaseTypeCode,NULL,Main
entity,DxmlDatabaseSchemaCode,NULL,dbo
"field[FieldName='""Id""']",MaxLength,0,15
"field[FieldName='""QuoteId""']",MaxLength,0,15
"field[FieldName='""QuoteId""']",IsRequired,FALSE,TRUE
"field[FieldName='""QuoteId""']",IsForeignKey,FALSE,TRUE
"field[FieldName='""QuoteId""']",ForeignEntity,NULL,Quote
"field[FieldName='""QuoteId""']",NavigationPropertyName,NULL,Quote
"field[FieldName='""VatTypeId""']",IsForeignKey,FALSE,TRUE
"field[FieldName='""VatTypeId""']",ForeignEntity,NULL,VatType
"field[FieldName='""VatTypeId""']",NavigationPropertyName,NULL,VatType
"field[FieldName='""VatPercent""']",MaxLength,1,0
"field[FieldName='""QuoteCurrencyVATAmount""']",MaxLength,1,0
"field[FieldName='""QuoteCurrencyVatableAmount""']",MaxLength,1,0
"field[FieldName='""LocalCurrencyVATAmount""']",MaxLength,1,0
"field[FieldName='""LocalCurrencyVatableAmount""']",MaxLength,1,0
"field[FieldName='""ProfitCurrencyVATAmount""']",MaxLength,1,0
"field[FieldName='""ProfitCurrencyVatableAmount""']",MaxLength,1,0
,,,
,,,
LXML File: QuoteType.lxml,,,
Element,Attribute,Old Value,New Value
entity,DxmlDatabaseTypeCode,NULL,Main
entity,DxmlDatabaseSchemaCode,NULL,dbo
"field[FieldName='""SearchFields""']",FieldsDataType,Text,nText
,,,
,,,
LXML File: AccountingInformationIdentifier.lxml,,,
Element,Attribute,Old Value,New Value
entity,DxmlDatabaseTypeCode,NULL,Main
entity,DxmlDatabaseSchemaCode,NULL,dbo
,,,
,,,
LXML File: AWBAdditionalHandlingInfo.lxml,,,
Element,Attribute,Old Value,New Value
entity,DxmlDatabaseTypeCode,NULL,Main
entity,DxmlDatabaseSchemaCode,NULL,dbo
"field[FieldName='""Id""']",MaxLength,0,15
"field[FieldName='""SearchFields""']",FieldsDataType,Text,nText
,,,
,,,
LXML File: AWBChargesCode.lxml,,,
Element,Attribute,Old Value,New Value
entity,DxmlDatabaseTypeCode,NULL,Main
entity,DxmlDatabaseSchemaCode,NULL,dbo
"field[FieldName='""SearchFields""']",FieldsDataType,Text,nText
,,,
,,,
LXML File: AWBCustomsInformation.lxml,,,
Element,Attribute,Old Value,New Value
entity,DxmlDatabaseTypeCode,NULL,Main
entity,DxmlDatabaseSchemaCode,NULL,dbo
"field[FieldName='""SearchFields""']",FieldsDataType,Text,nText
,,,
,,,
LXML File: AWBInformation.lxml,,,
Element,Attribute,Old Value,New Value
entity,DxmlDatabaseTypeCode,NULL,Main
entity,DxmlDatabaseSchemaCode,NULL,dbo
"field[FieldName='""SearchFields""']",FieldsDataType,Text,nText
,,,
,,,
LXML File: AWBOCI.lxml,,,
Element,Attribute,Old Value,New Value
entity,DxmlDatabaseTypeCode,NULL,Main
entity,DxmlDatabaseSchemaCode,NULL,dbo
"field[FieldName='""Id""']",MaxLength,0,15
"field[FieldName='""ShipmentId""']",MaxLength,0,15
"field[FieldName='""ShipmentId""']",IsForeignKey,FALSE,TRUE
"field[FieldName='""ShipmentId""']",ForeignEntity,NULL,Shipment
"field[FieldName='""ShipmentId""']",NavigationPropertyName,NULL,Shipment
"field[FieldName='""CountryId""']",IsForeignKey,FALSE,TRUE
"field[FieldName='""CountryId""']",ForeignEntity,NULL,Country
"field[FieldName='""CountryId""']",NavigationPropertyName,NULL,Country
"field[FieldName='""AWBCustomsInformationCode""']",IsForeignKey,FALSE,TRUE
"field[FieldName='""AWBCustomsInformationCode""']",ForeignEntity,NULL,AWBCustomsInformation
"field[FieldName='""AWBCustomsInformationCode""']",NavigationPropertyName,NULL,AWBCustomsInformation
"field[FieldName='""AWBInformationCode""']",IsForeignKey,FALSE,TRUE
"field[FieldName='""AWBInformationCode""']",ForeignEntity,NULL,AWBInformation
"field[FieldName='""AWBInformationCode""']",NavigationPropertyName,NULL,AWBInformation
,,,
,,,
LXML File: AWBSpecialHandlingCode.lxml,,,
Element,Attribute,Old Value,New Value
entity,DxmlDatabaseTypeCode,NULL,Main
entity,DxmlDatabaseSchemaCode,NULL,dbo
"field[FieldName='""Id""']",MaxLength,0,15
"field[FieldName='""IsIATA""']",MaxLength,1,0
"field[FieldName='""AirlineId""']",IsForeignKey,FALSE,TRUE
"field[FieldName='""AirlineId""']",ForeignEntity,NULL,Card
"field[FieldName='""AirlineId""']",NavigationPropertyName,NULL,Airline
"field[FieldName='""SearchFields""']",FieldsDataType,Text,nText
,,,
,,,
LXML File: CustomsTransferHeader.lxml,,,
Element,Attribute,Old Value,New Value
entity,DxmlDatabaseTypeCode,NULL,Main
entity,DxmlDatabaseSchemaCode,NULL,dbo
"field[FieldName='""TransferNumber""']",IsRequired,FALSE,TRUE
"field[FieldName='""TransferDate""']",IsRequired,TRUE,FALSE
"field[FieldName='""TransferDate""']",IsNullable,FALSE,TRUE
"field[FieldName='""FileName""']",IsRequired,FALSE,TRUE
"field[FieldName='""SearchFields""']",IsMaxLength,TRUE,FALSE
"field[FieldName='""ShipmentNumber""']",FieldsDataType,Text,nText
"field[FieldName='""ShipmentNumber""']",IsMaxLength,FALSE,TRUE
,,,
,,,
LXML File: CustomsTransferLine.lxml,,,
Element,Attribute,Old Value,New Value
entity,DxmlDatabaseTypeCode,NULL,Main
entity,DxmlDatabaseSchemaCode,NULL,dbo
"field[FieldName='""CustomsTransferHeaderId""']",IsRequired,FALSE,TRUE
"field[FieldName='""ShipmentId""']",IsRequired,FALSE,TRUE
,,,
,,,
LXML File: CustomsTransferType.lxml,,,
Element,Attribute,Old Value,New Value
entity,DxmlDatabaseTypeCode,NULL,Main
entity,DxmlDatabaseSchemaCode,NULL,dbo
"field[FieldName='""Name""']",IsRequired,FALSE,TRUE
"field[FieldName='""SearchFields""']",IsMaxLength,TRUE,FALSE
,,,
,,,
LXML File: CustomsTransmissionsStatus.lxml,,,
Element,Attribute,Old Value,New Value
entity,DxmlDatabaseTypeCode,NULL,Main
entity,DxmlDatabaseSchemaCode,NULL,dbo
"field[FieldName='""SearchFields""']",FieldsDataType,Text,nText
,,,
,,,
LXML File: FBLStock.lxml,,,
Element,Attribute,Old Value,New Value
entity,DxmlDatabaseTypeCode,NULL,Main
entity,DxmlDatabaseSchemaCode,NULL,dbo
"field[FieldName='""Notes""']",FieldsDataType,Text,nText
,,,
,,,
LXML File: HarmonizeCode.lxml,,,
Element,Attribute,Old Value,New Value
entity,DxmlDatabaseTypeCode,NULL,Main
entity,DxmlDatabaseSchemaCode,NULL,dbo
"field[FieldName='""SearchFields""']",IsMaxLength,TRUE,FALSE
"field[FieldName='""SearchFields""']",IsRequired,FALSE,TRUE
,,,
,,,
LXML File: InsideShipmentPackage.lxml,,,
Element,Attribute,Old Value,New Value
entity,DxmlDatabaseTypeCode,NULL,Main
entity,DxmlDatabaseSchemaCode,NULL,dbo
"field[FieldName='""Id""']",MaxLength,0,15
"field[FieldName='""ShipmentPackageId""']",IsRequired,FALSE,TRUE
"field[FieldName='""ShipmentPackageId""']",IsForeignKey,FALSE,TRUE
"field[FieldName='""ShipmentPackageId""']",ForeignEntity,NULL,ShipmentPackage
"field[FieldName='""ShipmentPackageId""']",NavigationPropertyName,NULL,ShipmentPackage
"field[FieldName='""PackageTypeId""']",IsForeignKey,FALSE,TRUE
"field[FieldName='""PackageTypeId""']",ForeignEntity,NULL,PackageType
"field[FieldName='""PackageTypeId""']",NavigationPropertyName,NULL,PackageType
"field[FieldName='""Width""']",MaxLength,15,0
"field[FieldName='""Height""']",MaxLength,15,0
"field[FieldName='""Length""']",MaxLength,15,0
"field[FieldName='""Weight""']",MaxLength,15,0
"field[FieldName='""Volume""']",MaxLength,15,0
"field[FieldName='""OriginalShipmentPackageId""']",MaxLength,0,15
"field[FieldName='""OriginalInsideShipmentPackageId""']",MaxLength,0,15
,,,
,,,
LXML File: INTTRABookingStatus.lxml,,,
Element,Attribute,Old Value,New Value
entity,DxmlDatabaseTypeCode,NULL,Main
entity,DxmlDatabaseSchemaCode,NULL,dbo
"field[FieldName='""Name""']",MaxLength,100,40
"field[FieldName='""Name""']",IsRequired,FALSE,TRUE
"field[FieldName='""SearchFields""']",IsMaxLength,TRUE,FALSE
,,,
,,,
LXML File: INTTRABookingTransStatus.lxml,,,
Element,Attribute,Old Value,New Value
entity,DxmlDatabaseTypeCode,NULL,Main
entity,DxmlDatabaseSchemaCode,NULL,dbo
"field[FieldName='""Name""']",MaxLength,100,40
"field[FieldName='""Name""']",IsRequired,FALSE,TRUE
"field[FieldName='""SearchFields""']",IsMaxLength,TRUE,FALSE
,,,
,,,
LXML File: INTTRADocumentType.lxml,,,
Element,Attribute,Old Value,New Value
entity,DxmlDatabaseTypeCode,NULL,Main
entity,DxmlDatabaseSchemaCode,NULL,dbo
"field[FieldName='""SearchFields""']",FieldsDataType,Text,nText
,,,
,,,
LXML File: ManifestStatus.lxml,,,
Element,Attribute,Old Value,New Value
entity,DxmlDatabaseTypeCode,NULL,Main
entity,DxmlDatabaseSchemaCode,NULL,dbo
"field[FieldName='""SearchFields""']",FieldsDataType,Text,nText
,,,
,,,
LXML File: MessagingStock.lxml,,,
Element,Attribute,Old Value,New Value
entity,DxmlDatabaseTypeCode,NULL,Main
entity,DxmlDatabaseSchemaCode,NULL,dbo
"field[FieldName='""Id""']",MaxLength,0,15
"field[FieldName='""TenantNumber""']",MaxLength,1,0
"field[FieldName='""StartDate""']",MaxLength,1,0
"field[FieldName='""StartDate""']",IsRequired,TRUE,FALSE
"field[FieldName='""StartDate""']",IsNullable,FALSE,TRUE
"field[FieldName='""EndDate""']",MaxLength,1,0
"field[FieldName='""EndDate""']",IsRequired,TRUE,FALSE
"field[FieldName='""EndDate""']",IsNullable,FALSE,TRUE
"field[FieldName='""Amount""']",MaxLength,1,0
"field[FieldName='""Amount""']",IsRequired,TRUE,FALSE
"field[FieldName='""Amount""']",IsNullable,FALSE,TRUE
"field[FieldName='""Remaining""']",MaxLength,1,0
"field[FieldName='""IsCancelled""']",MaxLength,1,0
"field[FieldName='""SearchFields""']",FieldsDataType,Text,nText
"field[FieldName='""TotalPrice""']",MaxLength,1,0
"field[FieldName='""CreateDate""']",MaxLength,1,0
"field[FieldName='""UpdateDate""']",MaxLength,1,0
"field[FieldName='""CreatedByUserId""']",IsRequired,FALSE,TRUE
"field[FieldName='""CreatedByUserId""']",IsForeignKey,FALSE,TRUE
"field[FieldName='""CreatedByUserId""']",ForeignEntity,NULL,User
"field[FieldName='""CreatedByUserId""']",NavigationPropertyName,NULL,CreatedByUser
"field[FieldName='""UpdatedByUserId""']",IsRequired,FALSE,TRUE
"field[FieldName='""UpdatedByUserId""']",IsForeignKey,FALSE,TRUE
"field[FieldName='""UpdatedByUserId""']",ForeignEntity,NULL,User
"field[FieldName='""UpdatedByUserId""']",NavigationPropertyName,NULL,UpdatedByUser
,,,
,,,
LXML File: MessagingStockUsageHistory.lxml,,,
Element,Attribute,Old Value,New Value
entity,DxmlDatabaseTypeCode,NULL,Main
entity,DxmlDatabaseSchemaCode,NULL,dbo
"field[FieldName='""Id""']",MaxLength,0,15
"field[FieldName='""StockId""']",IsRequired,FALSE,TRUE
"field[FieldName='""StockId""']",IsForeignKey,FALSE,TRUE
"field[FieldName='""StockId""']",ForeignEntity,NULL,MessagingStock
"field[FieldName='""StockId""']",NavigationPropertyName,NULL,Stock
"field[FieldName='""EntityId""']",MaxLength,0,15
"field[FieldName='""EntityId""']",IsRequired,FALSE,TRUE
"field[FieldName='""EntityNumber""']",MaxLength,0,15
"field[FieldName='""EntityNumber""']",IsRequired,FALSE,TRUE
"field[FieldName='""MessageType""']",IsRequired,FALSE,TRUE
"field[FieldName='""ActionType""']",IsRequired,FALSE,TRUE
"field[FieldName='""FirstActionDate""']",MaxLength,1,0
"field[FieldName='""LastActionDate""']",MaxLength,1,0
"field[FieldName='""FirstActionByUserId""']",IsRequired,FALSE,TRUE
"field[FieldName='""FirstActionByUserId""']",IsForeignKey,FALSE,TRUE
"field[FieldName='""FirstActionByUserId""']",ForeignEntity,NULL,User
"field[FieldName='""FirstActionByUserId""']",NavigationPropertyName,NULL,FirstActionByUser
"field[FieldName='""LastActionByUserId""']",IsRequired,FALSE,TRUE
"field[FieldName='""LastActionByUserId""']",IsForeignKey,FALSE,TRUE
"field[FieldName='""LastActionByUserId""']",ForeignEntity,NULL,User
"field[FieldName='""LastActionByUserId""']",NavigationPropertyName,NULL,LastActionByUser
,,,
,,,
LXML File: OBLType.lxml,,,
Element,Attribute,Old Value,New Value
entity,DxmlDatabaseTypeCode,NULL,Main
entity,DxmlDatabaseSchemaCode,NULL,dbo
"field[FieldName='""SearchFields""']",FieldsDataType,Text,nText
,,,
,,,
LXML File: OtherParticipantId.lxml,,,
Element,Attribute,Old Value,New Value
entity,DxmlDatabaseTypeCode,NULL,Main
entity,DxmlDatabaseSchemaCode,NULL,dbo
"field[FieldName='""SearchFields""']",FieldsDataType,Text,nText
,,,
,,,
LXML File: PickUpDeliveryPackageHarmonize.lxml,,,
Element,Attribute,Old Value,New Value
entity,DxmlDatabaseTypeCode,NULL,Main
entity,DxmlDatabaseSchemaCode,NULL,dbo
"field[FieldName='""Id""']",MaxLength,0,15
"field[FieldName='""PackageId""']",MaxLength,0,15
"field[FieldName='""PackageId""']",IsRequired,FALSE,TRUE
"field[FieldName='""PackageId""']",IsForeignKey,FALSE,TRUE
"field[FieldName='""PackageId""']",ForeignEntity,NULL,ShipmentPickUpDeliveryPackage
"field[FieldName='""PackageId""']",NavigationPropertyName,NULL,Package
,,,
,,,
LXML File: PickUpDeliveryTransportMode.lxml,,,
Element,Attribute,Old Value,New Value
entity,DxmlDatabaseTypeCode,NULL,Main
entity,DxmlDatabaseSchemaCode,NULL,dbo
,,,
,,,
LXML File: Shipment.lxml,,,
Element,Attribute,Old Value,New Value
entity,DxmlDatabaseTypeCode,NULL,Main
entity,DxmlDatabaseSchemaCode,NULL,dbo
"field[FieldName='""Id""']",MaxLength,0,15
"field[FieldName='""LocalCustomsTransmissionsStatusCode""']",IsForeignKey,FALSE,TRUE
"field[FieldName='""LocalCustomsTransmissionsStatusCode""']",ForeignEntity,NULL,CustomsTransmissionsStatus
"field[FieldName='""LocalCustomsTransmissionsStatusCode""']",NavigationPropertyName,NULL,CustomsTransmissionsStatus
"field[FieldName='""LocalCustomsTransmissionsStatusDate""']",MaxLength,15,0
"field[FieldName='""DeclarationDate""']",MaxLength,40,0
"field[FieldName='""CustomsClearanceDate""']",MaxLength,40,0
"field[FieldName='""LocalCustomsSentByUserId""']",MaxLength,0,15
"field[FieldName='""LocalCustomsSentByUserId""']",IsForeignKey,FALSE,TRUE
"field[FieldName='""LocalCustomsSentByUserId""']",ForeignEntity,NULL,User
"field[FieldName='""LocalCustomsSentByUserId""']",NavigationPropertyName,NULL,LocalCustomsSentByUser
"field[FieldName='""ConcurrencyGUID""']",MaxLength,0,40
"field[FieldName='""ConcurrencyGUID""']",IsRequired,FALSE,TRUE
"field[FieldName='""CountryForStatisticsId""']",MaxLength,0,15
"field[FieldName='""CountryForStatisticsId""']",IsForeignKey,FALSE,TRUE
"field[FieldName='""CountryForStatisticsId""']",ForeignEntity,NULL,Country
"field[FieldName='""ProfitExchangeRate""']",MaxLength,15,0
"field[FieldName='""FinalArrivalDate""']",MaxLength,15,0
"field[FieldName='""EstimatedFinalArrivalDate""']",MaxLength,15,0
"field[FieldName='""ActualFinalArrivalDate""']",MaxLength,15,0
"field[FieldName='""CarrierLastStatusCode""']",MaxLength,40,4
"field[FieldName='""CarrierLastStatusCode""']",IsForeignKey,FALSE,TRUE
"field[FieldName='""CarrierLastStatusCode""']",ForeignEntity,NULL,AWBStatus
"field[FieldName='""CarrierLastStatusCode""']",NavigationPropertyName,NULL,CarrierLastStatus
"field[FieldName='""CarrierLastStatusDate""']",MaxLength,15,0
"field[FieldName='""ChargeableWeightInKG""']",MaxLength,40,0
"field[FieldName='""GrossWeightInKG""']",MaxLength,15,0
"field[FieldName='""ChargeableWeight""']",MaxLength,40,0
"field[FieldName='""GrossWeight""']",MaxLength,15,0
"field[FieldName='""CustomFileId""']",MaxLength,0,15
"field[FieldName='""ShipmentNumber""']",IsRequired,FALSE,TRUE
"field[FieldName='""DirectionId""']",MaxLength,15,1
"field[FieldName='""DirectionId""']",IsForeignKey,FALSE,TRUE
"field[FieldName='""DirectionId""']",ForeignEntity,NULL,Direction
"field[FieldName='""DirectionId""']",NavigationPropertyName,NULL,Direction
"field[FieldName='""TransportModeId""']",MaxLength,15,1
"field[FieldName='""TransportModeId""']",IsForeignKey,FALSE,TRUE
"field[FieldName='""TransportModeId""']",ForeignEntity,NULL,TransportMode
"field[FieldName='""TransportModeId""']",NavigationPropertyName,NULL,TransportMode
"field[FieldName='""ShipmentTypeId""']",IsForeignKey,FALSE,TRUE
"field[FieldName='""ShipmentTypeId""']",ForeignEntity,NULL,ShipmentType
"field[FieldName='""ShipmentTypeId""']",NavigationPropertyName,NULL,ShipmentType
"field[FieldName='""CreateDateTime""']",MaxLength,15,0
"field[FieldName='""BranchId""']",IsForeignKey,FALSE,TRUE
"field[FieldName='""BranchId""']",ForeignEntity,NULL,Branch
"field[FieldName='""BranchId""']",NavigationPropertyName,NULL,Branch
"field[FieldName='""IncotermId""']",IsForeignKey,FALSE,TRUE
"field[FieldName='""IncotermId""']",ForeignEntity,NULL,Incoterm
"field[FieldName='""IncotermId""']",NavigationPropertyName,NULL,Incoterm
"field[FieldName='""SalesmanUserId""']",IsForeignKey,FALSE,TRUE
"field[FieldName='""SalesmanUserId""']",ForeignEntity,NULL,User
"field[FieldName='""SalesmanUserId""']",NavigationPropertyName,NULL,SalesmanUser
"field[FieldName='""CreatedByUserId""']",IsRequired,FALSE,TRUE
"field[FieldName='""CreatedByUserId""']",IsForeignKey,FALSE,TRUE
"field[FieldName='""CreatedByUserId""']",ForeignEntity,NULL,User
"field[FieldName='""CreatedByUserId""']",NavigationPropertyName,NULL,CreatedByUser
"field[FieldName='""DepartmentId""']",IsForeignKey,FALSE,TRUE
"field[FieldName='""DepartmentId""']",ForeignEntity,NULL,Department
"field[FieldName='""DepartmentId""']",NavigationPropertyName,NULL,Department
"field[FieldName='""Notes""']",FieldsDataType,Text,nText
"field[FieldName='""HAWBDate""']",MaxLength,15,0
"field[FieldName='""FreightPrepaidCollectId""']",IsForeignKey,FALSE,TRUE
"field[FieldName='""FreightPrepaidCollectId""']",ForeignEntity,NULL,PrepaidCollect
"field[FieldName='""OtherPrepaidCollectId""']",IsForeignKey,FALSE,TRUE
"field[FieldName='""OtherPrepaidCollectId""']",ForeignEntity,NULL,PrepaidCollect
"field[FieldName='""GrossWeightUnitCode""']",IsRequired,TRUE,FALSE
"field[FieldName='""GrossWeightUnitCode""']",IsForeignKey,FALSE,TRUE
"field[FieldName='""GrossWeightUnitCode""']",ForeignEntity,NULL,WeightUnit
"field[FieldName='""GrossWeightUnitCode""']",NavigationPropertyName,NULL,GrossWeightUnit
"field[FieldName='""ChargeableWeightUnitCode""']",IsRequired,TRUE,FALSE
"field[FieldName='""ChargeableWeightUnitCode""']",IsForeignKey,FALSE,TRUE
"field[FieldName='""ChargeableWeightUnitCode""']",ForeignEntity,NULL,WeightUnit
"field[FieldName='""ChargeableWeightUnitCode""']",NavigationPropertyName,NULL,ChargeableWeightUnit
"field[FieldName='""DimensionsUnitCode""']",IsRequired,TRUE,FALSE
"field[FieldName='""DimensionsUnitCode""']",IsForeignKey,FALSE,TRUE
"field[FieldName='""DimensionsUnitCode""']",ForeignEntity,NULL,DimensionsUnit
"field[FieldName='""DimensionsUnitCode""']",NavigationPropertyName,NULL,DimensionsUnit
"field[FieldName='""PackagesQuantity""']",MaxLength,1,0
"field[FieldName='""IsOperationalClosed""']",MaxLength,15,0
"field[FieldName='""GrossWeightEdited""']",MaxLength,3,0
"field[FieldName='""ChargeableWeightEdited""']",MaxLength,3,0
"field[FieldName='""VolumeUnitCode""']",IsRequired,TRUE,FALSE
"field[FieldName='""VolumeUnitCode""']",IsForeignKey,FALSE,TRUE
"field[FieldName='""VolumeUnitCode""']",ForeignEntity,NULL,VolumeUnit
"field[FieldName='""StatusId""']",IsRequired,FALSE,TRUE
"field[FieldName='""StatusId""']",IsForeignKey,FALSE,TRUE
"field[FieldName='""StatusId""']",ForeignEntity,NULL,EntityStatus
"field[FieldName='""StatusId""']",NavigationPropertyName,NULL,EntityStatus
"field[FieldName='""StatusDate""']",MaxLength,15,0
"field[FieldName='""IsDangerous""']",MaxLength,15,0
"field[FieldName='""QuoteId""']",MaxLength,0,15
"field[FieldName='""BookingId""']",MaxLength,0,15
"field[FieldName='""IsAccountingClosed""']",MaxLength,15,0
"field[FieldName='""ShipmentReceivableStatusCode""']",IsForeignKey,FALSE,TRUE
"field[FieldName='""ShipmentReceivableStatusCode""']",ForeignEntity,NULL,ShipmentReceivableStatus
"field[FieldName='""ShipmentReceivableStatusCode""']",NavigationPropertyName,NULL,ShipmentReceivableStatus
"field[FieldName='""ShipmentPayableStatusCode""']",IsForeignKey,FALSE,TRUE
"field[FieldName='""ShipmentPayableStatusCode""']",ForeignEntity,NULL,ShipmentPayableStatus
"field[FieldName='""ShipmentPayableStatusCode""']",NavigationPropertyName,NULL,ShipmentPayableStatus
"field[FieldName='""UpdatedByUserId""']",IsRequired,FALSE,TRUE
"field[FieldName='""UpdatedByUserId""']",IsForeignKey,FALSE,TRUE
"field[FieldName='""UpdatedByUserId""']",ForeignEntity,NULL,User
"field[FieldName='""UpdatedByUserId""']",NavigationPropertyName,NULL,UpdatedByUser
"field[FieldName='""LastUpdateDate""']",MaxLength,15,0
"field[FieldName='""CancelledDate""']",MaxLength,15,0
"field[FieldName='""OpenReceivablesInLocalCurrency""']",MaxLength,40,0
"field[FieldName='""AccountedReceivablesInLocalCurrency""']",MaxLength,40,0
"field[FieldName='""ProfitInLocalCurrency""']",MaxLength,40,0
"field[FieldName='""OpenReceivablesInProfitCurrency""']",MaxLength,40,0
"field[FieldName='""AccountedReceivablesInProfitCurrency""']",MaxLength,40,0
"field[FieldName='""ProfitInProfitCurrency""']",MaxLength,40,0
"field[FieldName='""OpenPayablesInLocalCurrency""']",MaxLength,40,0
"field[FieldName='""AccountedPayablesInLocalCurrency""']",MaxLength,40,0
"field[FieldName='""OpenPayablesInProfitCurrency""']",MaxLength,40,0
"field[FieldName='""AccountedPayablesInProfitCurrency""']",MaxLength,40,0
"field[FieldName='""ProfitCurrencyId""']",IsForeignKey,FALSE,TRUE
"field[FieldName='""ProfitCurrencyId""']",ForeignEntity,NULL,Currency
"field[FieldName='""ProfitCurrencyId""']",NavigationPropertyName,NULL,ProfitCurrency
"field[FieldName='""ShipmentLevelCode""']",IsRequired,TRUE,FALSE
"field[FieldName='""ShipmentLevelCode""']",IsForeignKey,FALSE,TRUE
"field[FieldName='""ShipmentLevelCode""']",ForeignEntity,NULL,ShipmentLevel
"field[FieldName='""ShipmentLevelCode""']",NavigationPropertyName,NULL,ShipmentLevel
"field[FieldName='""NextLegCode""']",MaxLength,0,4
"field[FieldName='""NextLegCode""']",IsForeignKey,FALSE,TRUE
"field[FieldName='""NextLegCode""']",ForeignEntity,NULL,NextLeg
"field[FieldName='""NextLegCode""']",NavigationPropertyName,NULL,NextLeg
"field[FieldName='""NextETD""']",MaxLength,15,0
"field[FieldName='""NextETA""']",MaxLength,15,0
"field[FieldName='""Field1""']",FieldsDataType,Text,nText
"field[FieldName='""Field1""']",MaxLength,0,2000
"field[FieldName='""Field2""']",FieldsDataType,Text,nText
"field[FieldName='""Field2""']",MaxLength,0,2000
"field[FieldName='""Field3""']",FieldsDataType,Text,nText
"field[FieldName='""Field3""']",MaxLength,0,2000
"field[FieldName='""Field4""']",FieldsDataType,Text,nText
"field[FieldName='""Field4""']",MaxLength,0,2000
"field[FieldName='""Field5""']",FieldsDataType,Text,nText
"field[FieldName='""Field5""']",MaxLength,0,2000
"field[FieldName='""Field6""']",FieldsDataType,Text,nText
"field[FieldName='""Field6""']",MaxLength,0,2000
"field[FieldName='""Field7""']",FieldsDataType,Text,nText
"field[FieldName='""Field7""']",MaxLength,0,2000
"field[FieldName='""Field8""']",FieldsDataType,Text,nText
"field[FieldName='""Field8""']",MaxLength,0,2000
"field[FieldName='""Field9""']",FieldsDataType,Text,nText
"field[FieldName='""Field9""']",MaxLength,0,2000
"field[FieldName='""Field10""']",FieldsDataType,Text,nText
"field[FieldName='""Field10""']",MaxLength,0,2000
"field[FieldName='""Field11""']",FieldsDataType,Text,nText
"field[FieldName='""Field11""']",MaxLength,0,2000
"field[FieldName='""Field12""']",FieldsDataType,Text,nText
"field[FieldName='""Field12""']",MaxLength,0,2000
"field[FieldName='""Field13""']",FieldsDataType,Text,nText
"field[FieldName='""Field13""']",MaxLength,0,2000
"field[FieldName='""Field14""']",FieldsDataType,Text,nText
"field[FieldName='""Field14""']",MaxLength,0,2000
"field[FieldName='""Field15""']",FieldsDataType,Text,nText
"field[FieldName='""Field15""']",MaxLength,0,2000
"field[FieldName='""Field16""']",FieldsDataType,Text,nText
"field[FieldName='""Field16""']",MaxLength,0,2000
"field[FieldName='""Field17""']",FieldsDataType,Text,nText
"field[FieldName='""Field17""']",MaxLength,0,2000
"field[FieldName='""Field18""']",FieldsDataType,Text,nText
"field[FieldName='""Field18""']",MaxLength,0,2000
"field[FieldName='""Field19""']",FieldsDataType,Text,nText
"field[FieldName='""Field19""']",MaxLength,0,2000
"field[FieldName='""Field20""']",FieldsDataType,Text,nText
"field[FieldName='""Field20""']",MaxLength,0,2000
"field[FieldName='""Field21""']",FieldsDataType,Text,nText
"field[FieldName='""Field21""']",MaxLength,0,2000
"field[FieldName='""Field22""']",FieldsDataType,Text,nText
"field[FieldName='""Field22""']",MaxLength,0,2000
"field[FieldName='""Field23""']",FieldsDataType,Text,nText
"field[FieldName='""Field23""']",MaxLength,0,2000
"field[FieldName='""Field24""']",FieldsDataType,Text,nText
"field[FieldName='""Field24""']",MaxLength,0,2000
"field[FieldName='""Field25""']",FieldsDataType,Text,nText
"field[FieldName='""Field25""']",MaxLength,0,2000
"field[FieldName='""Field26""']",FieldsDataType,Text,nText
"field[FieldName='""Field26""']",MaxLength,0,2000
"field[FieldName='""Field27""']",FieldsDataType,Text,nText
"field[FieldName='""Field27""']",MaxLength,0,2000
"field[FieldName='""Field28""']",FieldsDataType,Text,nText
"field[FieldName='""Field28""']",MaxLength,0,2000
"field[FieldName='""Field29""']",FieldsDataType,Text,nText
"field[FieldName='""Field29""']",MaxLength,0,2000
"field[FieldName='""Field30""']",FieldsDataType,Text,nText
"field[FieldName='""Field30""']",MaxLength,0,2000
"field[FieldName='""Field31""']",FieldsDataType,Text,nText
"field[FieldName='""Field31""']",MaxLength,0,2000
"field[FieldName='""Field32""']",FieldsDataType,Text,nText
"field[FieldName='""Field32""']",MaxLength,0,2000
"field[FieldName='""Field33""']",FieldsDataType,Text,nText
"field[FieldName='""Field33""']",MaxLength,0,2000
"field[FieldName='""Field34""']",FieldsDataType,Text,nText
"field[FieldName='""Field34""']",MaxLength,0,2000
"field[FieldName='""Field35""']",FieldsDataType,Text,nText
"field[FieldName='""Field35""']",MaxLength,0,2000
"field[FieldName='""Field36""']",FieldsDataType,Text,nText
"field[FieldName='""Field36""']",MaxLength,0,2000
"field[FieldName='""Field37""']",FieldsDataType,Text,nText
"field[FieldName='""Field37""']",MaxLength,0,2000
"field[FieldName='""Field38""']",FieldsDataType,Text,nText
"field[FieldName='""Field38""']",MaxLength,0,2000
"field[FieldName='""Field39""']",FieldsDataType,Text,nText
"field[FieldName='""Field39""']",MaxLength,0,2000
"field[FieldName='""Field40""']",FieldsDataType,Text,nText
"field[FieldName='""Field40""']",MaxLength,0,2000
"field[FieldName='""SearchFields""']",FieldsDataType,Text,nText
"field[FieldName='""AWBSpecialHandlingCodeId1""']",MaxLength,4,15
"field[FieldName='""AWBSpecialHandlingCodeId1""']",IsForeignKey,FALSE,TRUE
"field[FieldName='""AWBSpecialHandlingCodeId1""']",ForeignEntity,NULL,AWBSpecialHandlingCode
"field[FieldName='""AWBSpecialHandlingCodeId1""']",NavigationPropertyName,NULL,AWBSpecialHandlingCode1
"field[FieldName='""AWBSpecialHandlingCodeId2""']",MaxLength,4,15
"field[FieldName='""AWBSpecialHandlingCodeId2""']",IsForeignKey,FALSE,TRUE
"field[FieldName='""AWBSpecialHandlingCodeId2""']",ForeignEntity,NULL,AWBSpecialHandlingCode
"field[FieldName='""AWBSpecialHandlingCodeId2""']",NavigationPropertyName,NULL,AWBSpecialHandlingCode2
"field[FieldName='""AWBSpecialHandlingCodeId3""']",MaxLength,4,15
"field[FieldName='""AWBSpecialHandlingCodeId3""']",IsForeignKey,FALSE,TRUE
"field[FieldName='""AWBSpecialHandlingCodeId3""']",ForeignEntity,NULL,AWBSpecialHandlingCode
"field[FieldName='""AWBSpecialHandlingCodeId3""']",NavigationPropertyName,NULL,AWBSpecialHandlingCode3
"field[FieldName='""AWBSpecialHandlingCodeId4""']",MaxLength,4,15
"field[FieldName='""AWBSpecialHandlingCodeId4""']",IsForeignKey,FALSE,TRUE
"field[FieldName='""AWBSpecialHandlingCodeId4""']",ForeignEntity,NULL,AWBSpecialHandlingCode
"field[FieldName='""AWBSpecialHandlingCodeId4""']",NavigationPropertyName,NULL,AWBSpecialHandlingCode4
"field[FieldName='""AWBSpecialHandlingCodeId5""']",MaxLength,4,15
"field[FieldName='""AWBSpecialHandlingCodeId5""']",IsForeignKey,FALSE,TRUE
"field[FieldName='""AWBSpecialHandlingCodeId5""']",ForeignEntity,NULL,AWBSpecialHandlingCode
"field[FieldName='""AWBSpecialHandlingCodeId5""']",NavigationPropertyName,NULL,AWBSpecialHandlingCode5
"field[FieldName='""AWBSpecialHandlingCodeId6""']",MaxLength,4,15
"field[FieldName='""AWBSpecialHandlingCodeId6""']",IsForeignKey,FALSE,TRUE
"field[FieldName='""AWBSpecialHandlingCodeId6""']",ForeignEntity,NULL,AWBSpecialHandlingCode
"field[FieldName='""AWBSpecialHandlingCodeId6""']",NavigationPropertyName,NULL,AWBSpecialHandlingCode6
"field[FieldName='""AWBSpecialHandlingCodeId7""']",MaxLength,4,15
"field[FieldName='""AWBSpecialHandlingCodeId7""']",IsForeignKey,FALSE,TRUE
"field[FieldName='""AWBSpecialHandlingCodeId7""']",ForeignEntity,NULL,AWBSpecialHandlingCode
"field[FieldName='""AWBSpecialHandlingCodeId7""']",NavigationPropertyName,NULL,AWBSpecialHandlingCode7
"field[FieldName='""AWBSpecialHandlingCodeId8""']",MaxLength,4,15
"field[FieldName='""AWBSpecialHandlingCodeId8""']",IsForeignKey,FALSE,TRUE
"field[FieldName='""AWBSpecialHandlingCodeId8""']",ForeignEntity,NULL,AWBSpecialHandlingCode
"field[FieldName='""AWBSpecialHandlingCodeId8""']",NavigationPropertyName,NULL,AWBSpecialHandlingCode8
"field[FieldName='""AWBSpecialHandlingCodeId9""']",MaxLength,4,15
"field[FieldName='""AWBSpecialHandlingCodeId9""']",IsForeignKey,FALSE,TRUE
"field[FieldName='""AWBSpecialHandlingCodeId9""']",ForeignEntity,NULL,AWBSpecialHandlingCode
"field[FieldName='""AWBSpecialHandlingCodeId9""']",NavigationPropertyName,NULL,AWBSpecialHandlingCode9
"field[FieldName='""LastFSRStatusRequestDate""']",MaxLength,15,0
"field[FieldName='""IsManifestSentToAgent""']",MaxLength,1,0
"field[FieldName='""AgentSharedManifestRef""']",MaxLength,0,20
"field[FieldName='""ManifestLastSharingDate""']",MaxLength,40,0
"field[FieldName='""HasException""']",MaxLength,3,0
"field[FieldName='""ComputedStatusId""']",MaxLength,0,15
"field[FieldName='""ComputedStatusId""']",IsForeignKey,FALSE,TRUE
"field[FieldName='""ComputedStatusId""']",ForeignEntity,NULL,EntityStatus
"field[FieldName='""ComputedStatusId""']",NavigationPropertyName,NULL,ComputedEntityStatus
"field[FieldName='""ForeignPartnerCountryCode""']",MaxLength,0,2
"field[FieldName='""AccountManagerUserId""']",IsForeignKey,FALSE,TRUE
"field[FieldName='""AccountManagerUserId""']",ForeignEntity,NULL,User
"field[FieldName='""AccountManagerUserId""']",NavigationPropertyName,NULL,AccountManagerUser
"field[FieldName='""IssuingCarrierAgentId""']",IsForeignKey,FALSE,TRUE
"field[FieldName='""IssuingCarrierAgentId""']",ForeignEntity,NULL,Card
"field[FieldName='""IssuingCarrierAgentId""']",NavigationPropertyName,NULL,IssuingCarrierAgent
"field[FieldName='""IssuingCarrierAddressId""']",IsForeignKey,FALSE,TRUE
"field[FieldName='""IssuingCarrierAddressId""']",ForeignEntity,NULL,Address
"field[FieldName='""IssuingCarrierAddressId""']",NavigationPropertyName,NULL,IssuingCarrierAddress
"field[FieldName='""ShipmentCustomerTypeCode""']",IsForeignKey,FALSE,TRUE
"field[FieldName='""ShipmentCustomerTypeCode""']",ForeignEntity,NULL,ShipmentCustomerType
"field[FieldName='""ShipmentCustomerTypeCode""']",NavigationPropertyName,NULL,ShipmentCustomerType
"field[FieldName='""CustomerId""']",IsForeignKey,FALSE,TRUE
"field[FieldName='""CustomerId""']",ForeignEntity,NULL,Card
"field[FieldName='""CustomerId""']",NavigationPropertyName,NULL,CustomerCard
"field[FieldName='""CustomerAddressId""']",IsForeignKey,FALSE,TRUE
"field[FieldName='""CustomerAddressId""']",ForeignEntity,NULL,Address
"field[FieldName='""CustomerAddressId""']",NavigationPropertyName,NULL,CustomerAddress
"field[FieldName='""CustomerContactId""']",IsForeignKey,FALSE,TRUE
"field[FieldName='""CustomerContactId""']",ForeignEntity,NULL,Contact
"field[FieldName='""CustomerContactId""']",NavigationPropertyName,NULL,CustomerContact
"field[FieldName='""FreightForwarderId""']",IsForeignKey,FALSE,TRUE
"field[FieldName='""FreightForwarderId""']",ForeignEntity,NULL,Card
"field[FieldName='""FreightForwarderId""']",NavigationPropertyName,NULL,FreightForwarderCard
"field[FieldName='""FreightForwarderAddressId""']",IsForeignKey,FALSE,TRUE
"field[FieldName='""FreightForwarderAddressId""']",ForeignEntity,NULL,Address
"field[FieldName='""FreightForwarderAddressId""']",NavigationPropertyName,NULL,FreightForwarderAddress
"field[FieldName='""FreightForwarderContactId""']",IsForeignKey,FALSE,TRUE
"field[FieldName='""FreightForwarderContactId""']",ForeignEntity,NULL,Contact
"field[FieldName='""FreightForwarderContactId""']",NavigationPropertyName,NULL,FreightForwarderContact
"field[FieldName='""FreightForwarderReference""']",MaxLength,25,50
"field[FieldName='""ShipperId""']",IsForeignKey,FALSE,TRUE
"field[FieldName='""ShipperId""']",ForeignEntity,NULL,Card
"field[FieldName='""ShipperId""']",NavigationPropertyName,NULL,ShipperCard
"field[FieldName='""ShipperAddressId""']",IsForeignKey,FALSE,TRUE
"field[FieldName='""ShipperAddressId""']",ForeignEntity,NULL,Address
"field[FieldName='""ShipperAddressId""']",NavigationPropertyName,NULL,ShipperAddress
"field[FieldName='""ShipperContactId""']",IsForeignKey,FALSE,TRUE
"field[FieldName='""ShipperContactId""']",ForeignEntity,NULL,Contact
"field[FieldName='""ShipperContactId""']",NavigationPropertyName,NULL,ShipperContact
"field[FieldName='""ConsigneeId""']",IsForeignKey,FALSE,TRUE
"field[FieldName='""ConsigneeId""']",ForeignEntity,NULL,Card
"field[FieldName='""ConsigneeId""']",NavigationPropertyName,NULL,ConsigneeCard
"field[FieldName='""ConsigneeAddressId""']",IsForeignKey,FALSE,TRUE
"field[FieldName='""ConsigneeAddressId""']",ForeignEntity,NULL,Address
"field[FieldName='""ConsigneeAddressId""']",NavigationPropertyName,NULL,ConsigneeAddress
"field[FieldName='""ConsigneeContactId""']",IsForeignKey,FALSE,TRUE
"field[FieldName='""ConsigneeContactId""']",ForeignEntity,NULL,Contact
"field[FieldName='""ConsigneeContactId""']",NavigationPropertyName,NULL,ConsigneeContact
"field[FieldName='""AgentId""']",IsForeignKey,FALSE,TRUE
"field[FieldName='""AgentId""']",ForeignEntity,NULL,Card
"field[FieldName='""AgentId""']",NavigationPropertyName,NULL,AgentCard
"field[FieldName='""AgentAddressId""']",IsForeignKey,FALSE,TRUE
"field[FieldName='""AgentAddressId""']",ForeignEntity,NULL,Address
"field[FieldName='""AgentAddressId""']",NavigationPropertyName,NULL,AgentAddress
"field[FieldName='""AgentContactId""']",IsForeignKey,FALSE,TRUE
"field[FieldName='""AgentContactId""']",ForeignEntity,NULL,Contact
"field[FieldName='""AgentContactId""']",NavigationPropertyName,NULL,AgentContact
"field[FieldName='""AgentComputed""']",IsForeignKey,FALSE,TRUE
"field[FieldName='""AgentComputed""']",ForeignEntity,NULL,Card
"field[FieldName='""AgentComputed""']",NavigationPropertyName,NULL,AgentComputedCard
"field[FieldName='""CustomAgentExportId""']",IsForeignKey,FALSE,TRUE
"field[FieldName='""CustomAgentExportId""']",ForeignEntity,NULL,Card
"field[FieldName='""CustomAgentExportId""']",NavigationPropertyName,NULL,CustomAgentExportCard
"field[FieldName='""CustomAgentExportAddressId""']",IsForeignKey,FALSE,TRUE
"field[FieldName='""CustomAgentExportAddressId""']",ForeignEntity,NULL,Address
"field[FieldName='""CustomAgentExportAddressId""']",NavigationPropertyName,NULL,CustomAgentExportAddress
"field[FieldName='""CustomAgentExportContactId""']",IsForeignKey,FALSE,TRUE
"field[FieldName='""CustomAgentExportContactId""']",ForeignEntity,NULL,Contact
"field[FieldName='""CustomAgentExportContactId""']",NavigationPropertyName,NULL,CustomAgentExportContact
"field[FieldName='""CustomAgentImportId""']",IsForeignKey,FALSE,TRUE
"field[FieldName='""CustomAgentImportId""']",ForeignEntity,NULL,Card
"field[FieldName='""CustomAgentImportId""']",NavigationPropertyName,NULL,CustomAgentImportCard
"field[FieldName='""CustomAgentImportAddressId""']",IsForeignKey,FALSE,TRUE
"field[FieldName='""CustomAgentImportAddressId""']",ForeignEntity,NULL,Address
"field[FieldName='""CustomAgentImportAddressId""']",NavigationPropertyName,NULL,CustomAgentImportAddress
"field[FieldName='""CustomAgentImportContactId""']",IsForeignKey,FALSE,TRUE
"field[FieldName='""CustomAgentImportContactId""']",ForeignEntity,NULL,Contact
"field[FieldName='""CustomAgentImportContactId""']",NavigationPropertyName,NULL,CustomAgentImportContact
"field[FieldName='""Notify1Id""']",IsForeignKey,FALSE,TRUE
"field[FieldName='""Notify1Id""']",ForeignEntity,NULL,Card
"field[FieldName='""Notify1Id""']",NavigationPropertyName,NULL,Notify1Card
"field[FieldName='""Notify1AddressId""']",IsForeignKey,FALSE,TRUE
"field[FieldName='""Notify1AddressId""']",ForeignEntity,NULL,Address
"field[FieldName='""Notify1AddressId""']",NavigationPropertyName,NULL,Notify1Address
"field[FieldName='""Notify1ContactId""']",IsForeignKey,FALSE,TRUE
"field[FieldName='""Notify1ContactId""']",ForeignEntity,NULL,Contact
"field[FieldName='""Notify1ContactId""']",NavigationPropertyName,NULL,Notify1Contact
"field[FieldName='""Notify2Id""']",IsForeignKey,FALSE,TRUE
"field[FieldName='""Notify2Id""']",ForeignEntity,NULL,Card
"field[FieldName='""Notify2Id""']",NavigationPropertyName,NULL,Notify2Card
"field[FieldName='""Notify2AddressId""']",IsForeignKey,FALSE,TRUE
"field[FieldName='""Notify2AddressId""']",ForeignEntity,NULL,Address
"field[FieldName='""Notify2AddressId""']",NavigationPropertyName,NULL,Notify2Address
"field[FieldName='""Notify2ContactId""']",IsForeignKey,FALSE,TRUE
"field[FieldName='""Notify2ContactId""']",ForeignEntity,NULL,Contact
"field[FieldName='""Notify2ContactId""']",NavigationPropertyName,NULL,Notify2Contact
"field[FieldName='""ShipperNotExporterId""']",IsForeignKey,FALSE,TRUE
"field[FieldName='""ShipperNotExporterId""']",ForeignEntity,NULL,Card
"field[FieldName='""ShipperNotExporterId""']",NavigationPropertyName,NULL,ShipperNotExporterCard
"field[FieldName='""ShipperNotExporterAddressId""']",IsForeignKey,FALSE,TRUE
"field[FieldName='""ShipperNotExporterAddressId""']",ForeignEntity,NULL,Address
"field[FieldName='""ShipperNotExporterAddressId""']",NavigationPropertyName,NULL,ShipperNotExporterAddress
"field[FieldName='""ShipperNotExporterContactId""']",IsForeignKey,FALSE,TRUE
"field[FieldName='""ShipperNotExporterContactId""']",ForeignEntity,NULL,Contact
"field[FieldName='""ShipperNotExporterContactId""']",NavigationPropertyName,NULL,ShipperNotExporterContact
"field[FieldName='""ConsigneeNotImporterId""']",IsForeignKey,FALSE,TRUE
"field[FieldName='""ConsigneeNotImporterId""']",ForeignEntity,NULL,Card
"field[FieldName='""ConsigneeNotImporterId""']",NavigationPropertyName,NULL,ConsigneeNotImporterCard
"field[FieldName='""ConsigneeNotImporterAddressId""']",IsForeignKey,FALSE,TRUE
"field[FieldName='""ConsigneeNotImporterAddressId""']",ForeignEntity,NULL,Address
"field[FieldName='""ConsigneeNotImporterAddressId""']",NavigationPropertyName,NULL,ConsigneeNotImporterAddress
"field[FieldName='""ConsigneeNotImporterContactId""']",IsForeignKey,FALSE,TRUE
"field[FieldName='""ConsigneeNotImporterContactId""']",ForeignEntity,NULL,Contact
"field[FieldName='""ConsigneeNotImporterContactId""']",NavigationPropertyName,NULL,ConsigneeNotImporterContact
"field[FieldName='""FreelancerId""']",MaxLength,0,15
"field[FieldName='""FreelancerId""']",IsForeignKey,FALSE,TRUE
"field[FieldName='""FreelancerId""']",ForeignEntity,NULL,Card
"field[FieldName='""FreelancerId""']",NavigationPropertyName,NULL,FreelancerCard
"field[FieldName='""FreelancerAddressId""']",MaxLength,0,15
"field[FieldName='""FreelancerAddressId""']",IsForeignKey,FALSE,TRUE
"field[FieldName='""FreelancerAddressId""']",ForeignEntity,NULL,Address
"field[FieldName='""FreelancerAddressId""']",NavigationPropertyName,NULL,FreelancerAdress
"field[FieldName='""FreelancerContactId""']",MaxLength,0,15
"field[FieldName='""FreelancerContactId""']",IsForeignKey,FALSE,TRUE
"field[FieldName='""FreelancerContactId""']",ForeignEntity,NULL,Contact
"field[FieldName='""FreelancerContactId""']",NavigationPropertyName,NULL,FreelancerContact
"field[FieldName='""ConsolidatorId""']",IsForeignKey,FALSE,TRUE
"field[FieldName='""ConsolidatorId""']",ForeignEntity,NULL,Card
"field[FieldName='""ConsolidatorId""']",NavigationPropertyName,NULL,ConsolidatorCard
"field[FieldName='""ConsolidatorAddressId""']",IsForeignKey,FALSE,TRUE
"field[FieldName='""ConsolidatorAddressId""']",ForeignEntity,NULL,Address
"field[FieldName='""ConsolidatorAddressId""']",NavigationPropertyName,NULL,ConsolidatorAddress
"field[FieldName='""ConsolidatorContactId""']",IsForeignKey,FALSE,TRUE
"field[FieldName='""ConsolidatorContactId""']",ForeignEntity,NULL,Contact
"field[FieldName='""ConsolidatorContactId""']",NavigationPropertyName,NULL,ConsolidatorContact
"field[FieldName='""ReleasingAgentId""']",IsForeignKey,FALSE,TRUE
"field[FieldName='""ReleasingAgentId""']",ForeignEntity,NULL,Card
"field[FieldName='""ReleasingAgentId""']",NavigationPropertyName,NULL,ReleasingAgentCard
"field[FieldName='""ReleasingAgentAddressId""']",IsForeignKey,FALSE,TRUE
"field[FieldName='""ReleasingAgentAddressId""']",ForeignEntity,NULL,Address
"field[FieldName='""ReleasingAgentAddressId""']",NavigationPropertyName,NULL,ReleasingAgentAddress
"field[FieldName='""ReleasingAgentContactId""']",IsForeignKey,FALSE,TRUE
"field[FieldName='""ReleasingAgentContactId""']",ForeignEntity,NULL,Contact
"field[FieldName='""ReleasingAgentContactId""']",NavigationPropertyName,NULL,ReleasingAgentContact
"field[FieldName='""FromPortId""']",IsForeignKey,FALSE,TRUE
"field[FieldName='""FromPortId""']",ForeignEntity,NULL,Port
"field[FieldName='""FromPortId""']",NavigationPropertyName,NULL,FromPort
"field[FieldName='""ToPortId""']",IsForeignKey,FALSE,TRUE
"field[FieldName='""ToPortId""']",ForeignEntity,NULL,Port
"field[FieldName='""ToPortId""']",NavigationPropertyName,NULL,ToPort
"field[FieldName='""PreCarriageTransportModeId""']",MaxLength,15,1
"field[FieldName='""PreCarriageTransportModeId""']",IsForeignKey,FALSE,TRUE
"field[FieldName='""PreCarriageTransportModeId""']",ForeignEntity,NULL,TransportMode
"field[FieldName='""PreCarriageTransportModeId""']",NavigationPropertyName,NULL,PreCarriageTransportMode
"field[FieldName='""PreCarriageFromPortId""']",IsForeignKey,FALSE,TRUE
"field[FieldName='""PreCarriageFromPortId""']",ForeignEntity,NULL,Port
"field[FieldName='""PreCarriageFromPortId""']",NavigationPropertyName,NULL,PreCarriageFromPort
"field[FieldName='""PreCarriageToPortId""']",IsForeignKey,FALSE,TRUE
"field[FieldName='""PreCarriageToPortId""']",ForeignEntity,NULL,Port
"field[FieldName='""PreCarriageToPortId""']",NavigationPropertyName,NULL,PreCarriageToPort
"field[FieldName='""PreCarriageCarrierId""']",IsForeignKey,FALSE,TRUE
"field[FieldName='""PreCarriageCarrierId""']",ForeignEntity,NULL,Card
"field[FieldName='""PreCarriageCarrierId""']",NavigationPropertyName,NULL,PreCarriageCarrierCard
"field[FieldName='""PreCarriageETD""']",MaxLength,15,0
"field[FieldName='""PreCarriageATD""']",MaxLength,15,0
"field[FieldName='""PreCarriageETA""']",MaxLength,15,0
"field[FieldName='""PreCarriageATA""']",MaxLength,15,0
"field[FieldName='""PreCarriageVesselId""']",IsForeignKey,FALSE,TRUE
"field[FieldName='""PreCarriageVesselId""']",ForeignEntity,NULL,Vessel
"field[FieldName='""PreCarriageVesselId""']",NavigationPropertyName,NULL,PreCarriageVessel
"field[FieldName='""OnCarriageTransportModeId""']",MaxLength,15,1
"field[FieldName='""OnCarriageTransportModeId""']",IsForeignKey,FALSE,TRUE
"field[FieldName='""OnCarriageTransportModeId""']",ForeignEntity,NULL,TransportMode
"field[FieldName='""OnCarriageTransportModeId""']",NavigationPropertyName,NULL,OnCarriageTransportMode
"field[FieldName='""OnCarriageFromPortId""']",IsForeignKey,FALSE,TRUE
"field[FieldName='""OnCarriageFromPortId""']",ForeignEntity,NULL,Port
"field[FieldName='""OnCarriageFromPortId""']",NavigationPropertyName,NULL,OnCarriageFromPort
"field[FieldName='""OnCarriageToPortId""']",IsForeignKey,FALSE,TRUE
"field[FieldName='""OnCarriageToPortId""']",ForeignEntity,NULL,Port
"field[FieldName='""OnCarriageToPortId""']",NavigationPropertyName,NULL,OnCarriageToPort
"field[FieldName='""OnCarriageCarrierId""']",IsForeignKey,FALSE,TRUE
"field[FieldName='""OnCarriageCarrierId""']",ForeignEntity,NULL,Card
"field[FieldName='""OnCarriageCarrierId""']",NavigationPropertyName,NULL,OnCarriageCarrierCard
"field[FieldName='""OnCarriageETD""']",MaxLength,15,0
"field[FieldName='""OnCarriageATD""']",MaxLength,15,0
"field[FieldName='""OnCarriageETA""']",MaxLength,15,0
"field[FieldName='""OnCarriageATA""']",MaxLength,15,0
"field[FieldName='""OnCarriageVesselId""']",IsForeignKey,FALSE,TRUE
"field[FieldName='""OnCarriageVesselId""']",ForeignEntity,NULL,Vessel
"field[FieldName='""OnCarriageVesselId""']",NavigationPropertyName,NULL,OnCarriageVessel
"field[FieldName='""OrderGrossWeight""']",MaxLength,40,0
"field[FieldName='""BookingVolume""']",MaxLength,40,0
"field[FieldName='""BookingNumberOfPackages""']",MaxLength,40,0
"field[FieldName='""OrderIsDangerouseGoods""']",MaxLength,40,0
"field[FieldName='""OrderVolumetricWeight""']",MaxLength,40,0
"field[FieldName='""OrderChargeableWeight""']",MaxLength,40,0
"field[FieldName='""AWBChargesCodeCode""']",IsForeignKey,FALSE,TRUE
"field[FieldName='""AWBChargesCodeCode""']",ForeignEntity,NULL,AWBChargesCode
"field[FieldName='""AWBChargesCodeCode""']",NavigationPropertyName,NULL,AWBChargesCode
"field[FieldName='""AWBCurrencyId""']",IsForeignKey,FALSE,TRUE
"field[FieldName='""AWBCurrencyId""']",ForeignEntity,NULL,Currency
"field[FieldName='""AWBCurrencyId""']",NavigationPropertyName,NULL,Currency
"field[FieldName='""AWBFreightAmountPrepaid""']",MaxLength,100,0
"field[FieldName='""AWBFreightAmountCollect""']",MaxLength,100,0
"field[FieldName='""AWBDeclaredValueForCarriage""']",FieldsDataType,Text,nText
"field[FieldName='""AWBDeclaredValueForCustoms""']",FieldsDataType,Text,nText
"field[FieldName='""AWBAccountingInformation""']",FieldsDataType,Text,nText
"field[FieldName='""AWBAccountingInformation""']",MaxLength,204,250
"field[FieldName='""AWBInsurrenceValue""']",FieldsDataType,Text,nText
"field[FieldName='""AWBHandlingInformation""']",FieldsDataType,Text,nText
"field[FieldName='""AWBHandlingInformation""']",MaxLength,195,250
"field[FieldName='""AWBComments""']",FieldsDataType,Text,nText
"field[FieldName='""AWBComments""']",MaxLength,195,500
"field[FieldName='""AWBPrintingComments""']",FieldsDataType,Text,nText
"field[FieldName='""FHLStatusCode""']",IsForeignKey,FALSE,TRUE
"field[FieldName='""FHLStatusCode""']",ForeignEntity,NULL,FHLStatus
"field[FieldName='""FHLStatusCode""']",NavigationPropertyName,NULL,FHLStatus
"field[FieldName='""FHLStatusDate""']",MaxLength,15,0
"field[FieldName='""TEU""']",MaxLength,15,0
"field[FieldName='""MoveTypeId""']",IsForeignKey,FALSE,TRUE
"field[FieldName='""MoveTypeId""']",ForeignEntity,NULL,MoveType
"field[FieldName='""MoveTypeId""']",NavigationPropertyName,NULL,MoveType
"field[FieldName='""AMSBL""']",FieldsDataType,Text,nText
"field[FieldName='""CustomClearancePointId""']",IsForeignKey,FALSE,TRUE
"field[FieldName='""CustomClearancePointId""']",ForeignEntity,NULL,Card
"field[FieldName='""CustomClearancePointId""']",NavigationPropertyName,NULL,CustomClearancePoint
"field[FieldName='""CustomClearancePointAddressId""']",IsForeignKey,FALSE,TRUE
"field[FieldName='""CustomClearancePointAddressId""']",ForeignEntity,NULL,Address
"field[FieldName='""CustomClearancePointAddressId""']",NavigationPropertyName,NULL,CustomClearancePointAddress
"field[FieldName='""CustomClearancePointContactId""']",IsForeignKey,FALSE,TRUE
"field[FieldName='""CustomClearancePointContactId""']",ForeignEntity,NULL,Contact
"field[FieldName='""CustomClearancePointContactId""']",NavigationPropertyName,NULL,CustomClearancePointContact
"field[FieldName='""ColoaderId""']",IsForeignKey,FALSE,TRUE
"field[FieldName='""ColoaderId""']",ForeignEntity,NULL,Card
"field[FieldName='""ColoaderId""']",NavigationPropertyName,NULL,Coloader
"field[FieldName='""ColoaderAddressId""']",IsForeignKey,FALSE,TRUE
"field[FieldName='""ColoaderAddressId""']",ForeignEntity,NULL,Address
"field[FieldName='""ColoaderAddressId""']",NavigationPropertyName,NULL,ColoaderAddress
"field[FieldName='""ColoaderContactId""']",IsForeignKey,FALSE,TRUE
"field[FieldName='""ColoaderContactId""']",ForeignEntity,NULL,Contact
"field[FieldName='""ColoaderContactId""']",NavigationPropertyName,NULL,ColoaderContact
"field[FieldName='""FreightLocationId""']",IsForeignKey,FALSE,TRUE
"field[FieldName='""FreightLocationId""']",ForeignEntity,NULL,Card
"field[FieldName='""FreightLocationId""']",NavigationPropertyName,NULL,FreightLocationWarehouse
"field[FieldName='""IsMultipleCommodities""']",MaxLength,1,0
"field[FieldName='""SpecialServicesTypeId""']",IsForeignKey,FALSE,TRUE
"field[FieldName='""SpecialServicesTypeId""']",ForeignEntity,NULL,SpecialServicesType
"field[FieldName='""SpecialServicesTypeId""']",NavigationPropertyName,NULL,SpecialServicesType
"field[FieldName='""ARInvoiceIssued""']",MaxLength,1,0
"field[FieldName='""CreditNoteIssued""']",MaxLength,1,0
"field[FieldName='""NominatedHandlingPartyId""']",IsForeignKey,FALSE,TRUE
"field[FieldName='""NominatedHandlingPartyId""']",ForeignEntity,NULL,Card
"field[FieldName='""NominatedHandlingPartyId""']",NavigationPropertyName,NULL,NominatedHandlingParty
"field[FieldName='""OtherParticipantIdCode1""']",IsForeignKey,FALSE,TRUE
"field[FieldName='""OtherParticipantIdCode1""']",ForeignEntity,NULL,OtherParticipantId
"field[FieldName='""OtherParticipantIdCode1""']",NavigationPropertyName,NULL,OtherParticipantId1
"field[FieldName='""OtherParticipantIdCode2""']",IsForeignKey,FALSE,TRUE
"field[FieldName='""OtherParticipantIdCode2""']",ForeignEntity,NULL,OtherParticipantId
"field[FieldName='""OtherParticipantIdCode2""']",NavigationPropertyName,NULL,OtherParticipantId2
"field[FieldName='""OtherParticipantIdCode3""']",IsForeignKey,FALSE,TRUE
"field[FieldName='""OtherParticipantIdCode3""']",ForeignEntity,NULL,OtherParticipantId
"field[FieldName='""OtherParticipantIdCode3""']",NavigationPropertyName,NULL,OtherParticipantId3
"field[FieldName='""AccountingInformationIdentifierCode1""']",MaxLength,34,3
"field[FieldName='""AccountingInformationIdentifierCode1""']",IsForeignKey,FALSE,TRUE
"field[FieldName='""AccountingInformationIdentifierCode1""']",ForeignEntity,NULL,AccountingInformationIdentifier
"field[FieldName='""AccountingInformationIdentifierCode1""']",NavigationPropertyName,NULL,AccountingInformationIdentifier1
"field[FieldName='""AccountingInformationIdentifierCode2""']",MaxLength,34,3
"field[FieldName='""AccountingInformationIdentifierCode2""']",IsForeignKey,FALSE,TRUE
"field[FieldName='""AccountingInformationIdentifierCode2""']",ForeignEntity,NULL,AccountingInformationIdentifier
"field[FieldName='""AccountingInformationIdentifierCode2""']",NavigationPropertyName,NULL,AccountingInformationIdentifier2
"field[FieldName='""AccountingInformationIdentifierCode3""']",MaxLength,34,3
"field[FieldName='""AccountingInformationIdentifierCode3""']",IsForeignKey,FALSE,TRUE
"field[FieldName='""AccountingInformationIdentifierCode3""']",ForeignEntity,NULL,AccountingInformationIdentifier
"field[FieldName='""AccountingInformationIdentifierCode3""']",NavigationPropertyName,NULL,AccountingInformationIdentifier3
"field[FieldName='""AccountingInformationIdentifierCode4""']",MaxLength,34,3
"field[FieldName='""AccountingInformationIdentifierCode4""']",IsForeignKey,FALSE,TRUE
"field[FieldName='""AccountingInformationIdentifierCode4""']",ForeignEntity,NULL,AccountingInformationIdentifier
"field[FieldName='""AccountingInformationIdentifierCode4""']",NavigationPropertyName,NULL,AccountingInformationIdentifier4
"field[FieldName='""AccountingInformationIdentifierCode5""']",MaxLength,34,3
"field[FieldName='""AccountingInformationIdentifierCode5""']",IsForeignKey,FALSE,TRUE
"field[FieldName='""AccountingInformationIdentifierCode5""']",ForeignEntity,NULL,AccountingInformationIdentifier
"field[FieldName='""AccountingInformationIdentifierCode5""']",NavigationPropertyName,NULL,AccountingInformationIdentifier5
"field[FieldName='""AccountingInformationIdentifierCode6""']",MaxLength,34,3
"field[FieldName='""AccountingInformationIdentifierCode6""']",IsForeignKey,FALSE,TRUE
"field[FieldName='""AccountingInformationIdentifierCode6""']",ForeignEntity,NULL,AccountingInformationIdentifier
"field[FieldName='""AccountingInformationIdentifierCode6""']",NavigationPropertyName,NULL,AccountingInformationIdentifier6
"field[FieldName='""CargonautFHLStatusCode""']",IsForeignKey,FALSE,TRUE
"field[FieldName='""CargonautFHLStatusCode""']",ForeignEntity,NULL,FHLStatus
"field[FieldName='""CargonautFHLStatusCode""']",NavigationPropertyName,NULL,CargonautFHLStatus
"field[FieldName='""CargonautFHLStatusDate""']",MaxLength,15,0
"field[FieldName='""NumberOfInsidePackages""']",MaxLength,1,0
"field[FieldName='""ViaColoader""']",MaxLength,1,0
"field[FieldName='""ForwarderPartnerId""']",IsForeignKey,FALSE,TRUE
"field[FieldName='""ForwarderPartnerId""']",ForeignEntity,NULL,HybridPartner
"field[FieldName='""ForwarderPartnerId""']",NavigationPropertyName,NULL,HybridPartner
"field[FieldName='""OperationalCloseDate""']",MaxLength,15,0
"field[FieldName='""AccountingCloseDate""']",MaxLength,15,0
"field[FieldName='""LastSentByUserId""']",MaxLength,0,15
"field[FieldName='""LastSentByUserId""']",IsForeignKey,FALSE,TRUE
"field[FieldName='""LastSentByUserId""']",ForeignEntity,NULL,User
"field[FieldName='""LastSentByUserId""']",NavigationPropertyName,NULL,LastSentByUser
"field[FieldName='""ValueOfGoods""']",MaxLength,15,0
"field[FieldName='""ValueOfGoodsCurrencyId""']",IsForeignKey,FALSE,TRUE
"field[FieldName='""ValueOfGoodsCurrencyId""']",ForeignEntity,NULL,Currency
"field[FieldName='""ValueOfGoodsCurrencyId""']",NavigationPropertyName,NULL,ValueOfGoodsCurrency
"field[FieldName='""IsNewARInvoiceBlocked""']",MaxLength,1,0
"field[FieldName='""OperationalDate""']",MaxLength,1,0
"field[FieldName='""OriginShipmentId""']",MaxLength,0,15
"field[FieldName='""FreightRelease""']",MaxLength,1,0
"field[FieldName='""TerminalAvailable""']",MaxLength,1,0
"field[FieldName='""ISFDate""']",MaxLength,1,0
"field[FieldName='""ITDate""']",MaxLength,1,0
"field[FieldName='""ENSDate""']",MaxLength,1,0
"field[FieldName='""WarehouseLegWarehouseId""']",IsForeignKey,FALSE,TRUE
"field[FieldName='""WarehouseLegWarehouseId""']",ForeignEntity,NULL,Card
"field[FieldName='""WarehouseLegWarehouseId""']",NavigationPropertyName,NULL,WarehouseLegCard
"field[FieldName='""WarehouseLegAddressId""']",IsForeignKey,FALSE,TRUE
"field[FieldName='""WarehouseLegAddressId""']",ForeignEntity,NULL,Address
"field[FieldName='""WarehouseLegAddressId""']",NavigationPropertyName,NULL,WarehouseLegAddress
"field[FieldName='""WarehouseLegExpectedEntryDate""']",MaxLength,1,0
"field[FieldName='""WarehouseLegActualEntryDate""']",MaxLength,1,0
"field[FieldName='""WarehouseLegExpectedReleaseDate""']",MaxLength,1,0
"field[FieldName='""WarehouseLegActualReleaseDate""']",MaxLength,1,0
"field[FieldName='""WarehouseLegLastFreeDate""']",MaxLength,1,0
"field[FieldName='""WarehouseLegRemarks""']",FieldsDataType,Text,nText
"field[FieldName='""WarehouseLegCutOffDate""']",MaxLength,1,0
"field[FieldName='""WarehouseLegVGMCutOffDate""']",MaxLength,1,0
"field[FieldName='""LastSharedEventId""']",MaxLength,200,15
"field[FieldName='""LastSharedEventId""']",IsForeignKey,FALSE,TRUE
"field[FieldName='""LastSharedEventId""']",ForeignEntity,NULL,EventType
"field[FieldName='""LastSharedEventId""']",NavigationPropertyName,NULL,LastSharedEvent
"field[FieldName='""GrossWeightPerTon""']",MaxLength,15,0
"field[FieldName='""AMSClosingDate""']",MaxLength,1,0
"field[FieldName='""INTTRASIStatusDate""']",MaxLength,1,0
"field[FieldName='""INTTRASIStatusCode""']",IsForeignKey,FALSE,TRUE
"field[FieldName='""INTTRASIStatusCode""']",ForeignEntity,NULL,INTTRASIStatus
"field[FieldName='""INTTRASIStatusCode""']",NavigationPropertyName,NULL,INTTRASIStatus
"field[FieldName='""EmergencyContactId""']",IsForeignKey,FALSE,TRUE
"field[FieldName='""EmergencyContactId""']",ForeignEntity,NULL,Contact
"field[FieldName='""EmergencyContactId""']",NavigationPropertyName,NULL,EmergencyContact
"field[FieldName='""INTTRADocumentTypeCode""']",IsForeignKey,FALSE,TRUE
"field[FieldName='""INTTRADocumentTypeCode""']",ForeignEntity,NULL,INTTRADocumentType
"field[FieldName='""INTTRADocumentTypeCode""']",NavigationPropertyName,NULL,INTTRADocumentType
"field[FieldName='""INTTRABookingTransStatusCode""']",IsForeignKey,FALSE,TRUE
"field[FieldName='""INTTRABookingTransStatusCode""']",ForeignEntity,NULL,INTTRABookingTransStatus
"field[FieldName='""INTTRABookingTransStatusCode""']",NavigationPropertyName,NULL,INTTRABookingTransStatus
"field[FieldName='""INTTRABookingStatusCode""']",IsForeignKey,FALSE,TRUE
"field[FieldName='""INTTRABookingStatusCode""']",ForeignEntity,NULL,INTTRABookingStatus
"field[FieldName='""INTTRABookingStatusCode""']",NavigationPropertyName,NULL,INTTRABookingStatus
"field[FieldName='""OnCarriageAdditionalTransportModeCode""']",MaxLength,15,4
"field[FieldName='""OnCarriageAdditionalTransportModeCode""']",IsForeignKey,FALSE,TRUE
"field[FieldName='""OnCarriageAdditionalTransportModeCode""']",ForeignEntity,NULL,PickUpDeliveryTransportMode
"field[FieldName='""OnCarriageAdditionalTransportModeCode""']",NavigationPropertyName,NULL,OnCarriageAdditionalTransportMode
"field[FieldName='""FirstPickupETD""']",MaxLength,15,0
"field[FieldName='""FirstPickupETA""']",MaxLength,15,0
"field[FieldName='""SplitOnCarriage""']",MaxLength,1,0
"field[FieldName='""INTTRALastStatusDate""']",MaxLength,1,0
"field[FieldName='""BasicFreightId""']",IsForeignKey,FALSE,TRUE
"field[FieldName='""BasicFreightId""']",ForeignEntity,NULL,PrepaidCollect
"field[FieldName='""BasicFreightId""']",NavigationPropertyName,NULL,BasicFreight
"field[FieldName='""DestinationPortChargesId""']",IsForeignKey,FALSE,TRUE
"field[FieldName='""DestinationPortChargesId""']",ForeignEntity,NULL,PrepaidCollect
"field[FieldName='""DestinationPortChargesId""']",NavigationPropertyName,NULL,DestinationPortCharges
"field[FieldName='""DestinationHaulageChargesId""']",IsForeignKey,FALSE,TRUE
"field[FieldName='""DestinationHaulageChargesId""']",ForeignEntity,NULL,PrepaidCollect
"field[FieldName='""DestinationHaulageChargesId""']",NavigationPropertyName,NULL,DestinationHaulageCharges
"field[FieldName='""AdditionalChargesId""']",IsForeignKey,FALSE,TRUE
"field[FieldName='""AdditionalChargesId""']",ForeignEntity,NULL,PrepaidCollect
"field[FieldName='""AdditionalChargesId""']",NavigationPropertyName,NULL,AdditionalCharges
"field[FieldName='""FreightPayerId""']",IsForeignKey,FALSE,TRUE
"field[FieldName='""FreightPayerId""']",ForeignEntity,NULL,Card
"field[FieldName='""FreightPayerId""']",NavigationPropertyName,NULL,FreightPayer
"field[FieldName='""FreightPayerAddressId""']",IsForeignKey,FALSE,TRUE
"field[FieldName='""FreightPayerAddressId""']",ForeignEntity,NULL,Address
"field[FieldName='""FreightPayerAddressId""']",NavigationPropertyName,NULL,FreightPayerAddress
"field[FieldName='""CreatedByPartner""']",FieldsDataType,Text,nText
"field[FieldName='""CreatedByPartner""']",IsMaxLength,FALSE,TRUE
,,,
,,,
LXML File: ShipmentAssembly.lxml,,,
Element,Attribute,Old Value,New Value
entity,DxmlDatabaseTypeCode,NULL,Main
entity,DxmlDatabaseSchemaCode,NULL,dbo
"field[FieldName='""Id""']",MaxLength,0,15
"field[FieldName='""ShipmentId""']",IsRequired,FALSE,TRUE
"field[FieldName='""ShipmentId""']",IsForeignKey,FALSE,TRUE
"field[FieldName='""ShipmentId""']",ForeignEntity,NULL,Shipment
"field[FieldName='""ShipmentId""']",NavigationPropertyName,NULL,Shipment
"field[FieldName='""ShipperId""']",IsForeignKey,FALSE,TRUE
"field[FieldName='""ShipperId""']",ForeignEntity,NULL,Card
"field[FieldName='""ShipperId""']",NavigationPropertyName,NULL,Shipper
"field[FieldName='""CreateDate""']",MaxLength,15,0
"field[FieldName='""UpdateDate""']",MaxLength,15,0
"field[FieldName='""CreatedByUserId""']",IsRequired,FALSE,TRUE
"field[FieldName='""CreatedByUserId""']",IsForeignKey,FALSE,TRUE
"field[FieldName='""CreatedByUserId""']",ForeignEntity,NULL,User
"field[FieldName='""CreatedByUserId""']",NavigationPropertyName,NULL,CreatedByUser
"field[FieldName='""UpdatedByUserId""']",IsRequired,FALSE,TRUE
"field[FieldName='""UpdatedByUserId""']",IsForeignKey,FALSE,TRUE
"field[FieldName='""UpdatedByUserId""']",ForeignEntity,NULL,User
"field[FieldName='""UpdatedByUserId""']",NavigationPropertyName,NULL,UpdatedByUser
,,,
,,,
LXML File: ShipmentAWBPrintOnly.lxml,,,
Element,Attribute,Old Value,New Value
entity,DxmlDatabaseTypeCode,NULL,Main
entity,DxmlDatabaseSchemaCode,NULL,dbo
"field[FieldName='""Id""']",MaxLength,0,15
"field[FieldName='""CurrencyId""']",IsForeignKey,FALSE,TRUE
"field[FieldName='""CurrencyId""']",ForeignEntity,NULL,Currency
"field[FieldName='""CurrencyId""']",NavigationPropertyName,NULL,Currency
"field[FieldName='""PrepaidCollectId""']",IsForeignKey,FALSE,TRUE
"field[FieldName='""PrepaidCollectId""']",ForeignEntity,NULL,PrepaidCollect
"field[FieldName='""PrepaidCollectId""']",NavigationPropertyName,NULL,PrepaidCollect
"field[FieldName='""DueTypeCode""']",IsForeignKey,FALSE,TRUE
"field[FieldName='""DueTypeCode""']",ForeignEntity,NULL,DueType
"field[FieldName='""DueTypeCode""']",NavigationPropertyName,NULL,DueType
"field[FieldName='""ShipmentId""']",IsRequired,FALSE,TRUE
"field[FieldName='""ShipmentId""']",IsForeignKey,FALSE,TRUE
"field[FieldName='""ShipmentId""']",ForeignEntity,NULL,Shipment
"field[FieldName='""ShipmentId""']",NavigationPropertyName,NULL,Shipment
"field[FieldName='""IATACodeId""']",IsForeignKey,FALSE,TRUE
"field[FieldName='""IATACodeId""']",ForeignEntity,NULL,IATACode
"field[FieldName='""IATACodeId""']",NavigationPropertyName,NULL,IATACode
"field[FieldName='""MeasurementId""']",IsForeignKey,FALSE,TRUE
"field[FieldName='""MeasurementId""']",ForeignEntity,NULL,Measurement
"field[FieldName='""MeasurementId""']",NavigationPropertyName,NULL,Measurement
,,,
,,,
LXML File: ShipmentCommodity.lxml,,,
Element,Attribute,Old Value,New Value
entity,DxmlDatabaseTypeCode,NULL,Main
entity,DxmlDatabaseSchemaCode,NULL,dbo
"field[FieldName='""Id""']",MaxLength,0,15
"field[FieldName='""ShipmentId""']",IsRequired,FALSE,TRUE
"field[FieldName='""ShipmentId""']",IsForeignKey,FALSE,TRUE
"field[FieldName='""ShipmentId""']",ForeignEntity,NULL,Shipment
"field[FieldName='""ShipmentId""']",NavigationPropertyName,NULL,Shipment
"field[FieldName='""ChargeRate""']",MaxLength,1,0
"field[FieldName='""ChargeAmount""']",MaxLength,1,0
"field[FieldName='""RateClassCode""']",IsForeignKey,FALSE,TRUE
"field[FieldName='""RateClassCode""']",ForeignEntity,NULL,RateClass
"field[FieldName='""RateClassCode""']",NavigationPropertyName,NULL,RateClass
"field[FieldName='""Volume""']",MaxLength,1,0
"field[FieldName='""VolumetricWeight""']",MaxLength,1,0
"field[FieldName='""GrossWeight""']",MaxLength,1,0
"field[FieldName='""ChargeableWeight""']",MaxLength,1,0
"field[FieldName='""NumberOfPackages""']",MaxLength,1,0
,,,
,,,
LXML File: ShipmentComputedFields.lxml,,,
Element,Attribute,Old Value,New Value
entity,DxmlDatabaseTypeCode,NULL,Main
entity,DxmlDatabaseSchemaCode,NULL,dbo
"field[FieldName='""Id""']",IsForeignKey,FALSE,TRUE
"field[FieldName='""Id""']",ForeignEntity,NULL,Shipment
"field[FieldName='""FirstPickupATD""']",IsRequired,TRUE,FALSE
"field[FieldName='""FirstPickupATD""']",IsNullable,FALSE,TRUE
"field[FieldName='""FirstPickupATA""']",IsRequired,TRUE,FALSE
"field[FieldName='""FirstPickupATA""']",IsNullable,FALSE,TRUE
"field[FieldName='""FinalDeliveryETD""']",IsRequired,TRUE,FALSE
"field[FieldName='""FinalDeliveryETD""']",IsNullable,FALSE,TRUE
"field[FieldName='""FinalDeliveryETA""']",IsRequired,TRUE,FALSE
"field[FieldName='""FinalDeliveryETA""']",IsNullable,FALSE,TRUE
"field[FieldName='""FinalDeliveryATD""']",IsRequired,TRUE,FALSE
"field[FieldName='""FinalDeliveryATD""']",IsNullable,FALSE,TRUE
"field[FieldName='""FinalDeliveryATA""']",IsRequired,TRUE,FALSE
"field[FieldName='""FinalDeliveryATA""']",IsNullable,FALSE,TRUE
,,,
,,,
LXML File: ShipmentCustomerType.lxml,,,
Element,Attribute,Old Value,New Value
entity,DxmlDatabaseTypeCode,NULL,Main
entity,DxmlDatabaseSchemaCode,NULL,dbo
"field[FieldName='""SearchFields""']",FieldsDataType,Text,nText
"field[FieldName='""ShowInLOV""']",MaxLength,40,0
,,,
,,,
LXML File: ShipmentCustomsMessageType.lxml,,,
Element,Attribute,Old Value,New Value
entity,DxmlDatabaseTypeCode,NULL,Main
entity,DxmlDatabaseSchemaCode,NULL,dbo
"field[FieldName='""SearchFields""']",FieldsDataType,Text,nText
,,,
,,,
LXML File: ShipmentCustomsTransmission.lxml,,,
Element,Attribute,Old Value,New Value
entity,DxmlDatabaseTypeCode,NULL,Main
entity,DxmlDatabaseSchemaCode,NULL,dbo
"field[FieldName='""Id""']",MaxLength,0,15
"field[FieldName='""ShipmentId""']",MaxLength,0,15
"field[FieldName='""ShipmentId""']",IsForeignKey,FALSE,TRUE
"field[FieldName='""ShipmentId""']",ForeignEntity,NULL,Shipment
"field[FieldName='""ShipmentId""']",NavigationPropertyName,NULL,Shipment
"field[FieldName='""SentByUserId""']",MaxLength,0,15
"field[FieldName='""SentByUserId""']",IsForeignKey,FALSE,TRUE
"field[FieldName='""SentByUserId""']",ForeignEntity,NULL,User
"field[FieldName='""SentByUserId""']",NavigationPropertyName,NULL,SendByUser
"field[FieldName='""CommunicationLogId""']",MaxLength,0,15
"field[FieldName='""CommunicationLogId""']",IsForeignKey,FALSE,TRUE
"field[FieldName='""CommunicationLogId""']",ForeignEntity,NULL,CommunicationLog
"field[FieldName='""CommunicationLogId""']",NavigationPropertyName,NULL,CommunicationLog
"field[FieldName='""Error""']",FieldsDataType,Text,nText
"field[FieldName='""Error""']",IsMaxLength,FALSE,TRUE
"field[FieldName='""MessageCode""']",IsForeignKey,FALSE,TRUE
"field[FieldName='""MessageCode""']",ForeignEntity,NULL,ShipmentCustomsMessageType
"field[FieldName='""MessageCode""']",NavigationPropertyName,NULL,ShipmentCustomsMessageType
"field[FieldName='""Status""']",IsForeignKey,FALSE,TRUE
"field[FieldName='""Status""']",ForeignEntity,NULL,CustomsTransmissionsStatus
"field[FieldName='""Status""']",NavigationPropertyName,NULL,CustomsTransmissionsStatus
,,,
,,,
LXML File: ShipmentLevel.lxml,,,
Element,Attribute,Old Value,New Value
entity,DxmlDatabaseTypeCode,NULL,Main
entity,DxmlDatabaseSchemaCode,NULL,dbo
"field[FieldName='""SearchFields""']",FieldsDataType,Text,nText
,,,
,,,
LXML File: ShipmentOrderPackage.lxml,,,
Element,Attribute,Old Value,New Value
entity,DxmlDatabaseTypeCode,NULL,Main
entity,DxmlDatabaseSchemaCode,NULL,dbo
"field[FieldName='""Id""']",MaxLength,0,15
"field[FieldName='""ShipmentId""']",IsRequired,FALSE,TRUE
"field[FieldName='""ShipmentId""']",IsForeignKey,FALSE,TRUE
"field[FieldName='""ShipmentId""']",ForeignEntity,NULL,Shipment
"field[FieldName='""ShipmentId""']",NavigationPropertyName,NULL,Shipment
"field[FieldName='""PackageTypeId""']",IsForeignKey,FALSE,TRUE
"field[FieldName='""PackageTypeId""']",ForeignEntity,NULL,PackageType
"field[FieldName='""PackageTypeId""']",NavigationPropertyName,NULL,PackageType
"field[FieldName='""Quantity""']",MaxLength,1,0
"field[FieldName='""GrossWeight""']",MaxLength,1,0
"field[FieldName='""Volume""']",MaxLength,1,0
"field[FieldName='""Height""']",MaxLength,1,0
"field[FieldName='""Width""']",MaxLength,1,0
"field[FieldName='""Length""']",MaxLength,1,0
"field[FieldName='""VolumetricWeight""']",MaxLength,1,0
,,,
,,,
LXML File: ShipmentPackage.lxml,,,
Element,Attribute,Old Value,New Value
entity,DxmlDatabaseTypeCode,NULL,Main
entity,DxmlDatabaseSchemaCode,NULL,dbo
"field[FieldName='""Id""']",MaxLength,0,15
"field[FieldName='""PackageTypeId""']",IsForeignKey,FALSE,TRUE
"field[FieldName='""PackageTypeId""']",ForeignEntity,NULL,PackageType
"field[FieldName='""PackageTypeId""']",NavigationPropertyName,NULL,PackageType
"field[FieldName='""Tare""']",MaxLength,15,0
"field[FieldName='""Quantity""']",MaxLength,15,0
"field[FieldName='""Weight""']",MaxLength,15,0
"field[FieldName='""Volume""']",MaxLength,15,0
"field[FieldName='""Height""']",MaxLength,15,0
"field[FieldName='""Width""']",MaxLength,15,0
"field[FieldName='""Length""']",MaxLength,15,0
"field[FieldName='""Ventilation""']",MaxLength,10,0
"field[FieldName='""ShipmentId""']",MaxLength,0,15
"field[FieldName='""ShipmentId""']",IsForeignKey,FALSE,TRUE
"field[FieldName='""ShipmentId""']",ForeignEntity,NULL,Shipment
"field[FieldName='""ShipmentId""']",NavigationPropertyName,NULL,Shipment
"field[FieldName='""OriginalShipmentPackageId""']",MaxLength,0,15
"field[FieldName='""VolumetricWeight""']",MaxLength,15,0
"field[FieldName='""CommodityId""']",IsForeignKey,FALSE,TRUE
"field[FieldName='""CommodityId""']",ForeignEntity,NULL,ShipmentCommodity
"field[FieldName='""CommodityId""']",NavigationPropertyName,NULL,Commodity
"field[FieldName='""NumberOfInsidePackages""']",MaxLength,1,0
"field[FieldName='""VGM""']",NumberOfDigits,0,18
"field[FieldName='""VGM""']",MaxLength,2,0
"field[FieldName='""MethodUsed""']",FieldsDataType,Text,nText
"field[FieldName='""MethodUsed""']",IsMaxLength,FALSE,TRUE
"field[FieldName='""IsDeliveryFU""']",MaxLength,1,0
"field[FieldName='""DeliveryId""']",IsForeignKey,FALSE,TRUE
"field[FieldName='""DeliveryId""']",ForeignEntity,NULL,ShipmentPickUpDelivery
"field[FieldName='""DeliveryId""']",NavigationPropertyName,NULL,Delivery
"field[FieldName='""DeliveryETD""']",MaxLength,1,0
"field[FieldName='""DeliveryATD""']",MaxLength,1,0
"field[FieldName='""DeliveryETA""']",MaxLength,1,0
"field[FieldName='""DeliveryATA""']",MaxLength,1,0
"field[FieldName='""IsEmptyContainerReturnFU""']",MaxLength,1,0
"field[FieldName='""EmptyContainerReturnId""']",IsForeignKey,FALSE,TRUE
"field[FieldName='""EmptyContainerReturnId""']",ForeignEntity,NULL,ShipmentPickUpDelivery
"field[FieldName='""EmptyContainerReturnId""']",NavigationPropertyName,NULL,EmptyContainerReturn
"field[FieldName='""EmptyContainerReturnETD""']",MaxLength,1,0
"field[FieldName='""EmptyContainerReturnATD""']",MaxLength,1,0
"field[FieldName='""EmptyContainerReturnETA""']",MaxLength,1,0
"field[FieldName='""EmptyContainerReturnATA""']",MaxLength,1,0
"field[FieldName='""Notes""']",FieldsDataType,Text,nText
"field[FieldName='""NonActiveContainer""']",MaxLength,1,0
"field[FieldName='""OnCarriageETD""']",MaxLength,1,0
"field[FieldName='""OnCarriageATD""']",MaxLength,1,0
"field[FieldName='""OnCarriageETA""']",MaxLength,1,0
"field[FieldName='""OnCarriageATA""']",MaxLength,1,0
"field[FieldName='""LastStatusCode""']",IsForeignKey,FALSE,TRUE
"field[FieldName='""LastStatusCode""']",ForeignEntity,NULL,INTTRAStatus
"field[FieldName='""LastStatusCode""']",NavigationPropertyName,NULL,LastStatus
"field[FieldName='""LastStatusDate""']",MaxLength,1,0
"field[FieldName='""DeliveryTransportModeCode""']",IsForeignKey,FALSE,TRUE
"field[FieldName='""DeliveryTransportModeCode""']",ForeignEntity,NULL,PickUpDeliveryTransportMode
"field[FieldName='""DeliveryTransportModeCode""']",NavigationPropertyName,NULL,DeliveryTransportMode
"field[FieldName='""ECRTransportModeCode""']",IsForeignKey,FALSE,TRUE
"field[FieldName='""ECRTransportModeCode""']",ForeignEntity,NULL,PickUpDeliveryTransportMode
"field[FieldName='""ECRTransportModeCode""']",NavigationPropertyName,NULL,ECRTransportMode
"field[FieldName='""TemperatureUnitCode""']",IsForeignKey,FALSE,TRUE
"field[FieldName='""TemperatureUnitCode""']",ForeignEntity,NULL,TemperatureUnit
"field[FieldName='""TemperatureUnitCode""']",NavigationPropertyName,NULL,TemperatureUnit
"field[FieldName='""FlashPointTemperatureUnitCode""']",IsForeignKey,FALSE,TRUE
"field[FieldName='""FlashPointTemperatureUnitCode""']",ForeignEntity,NULL,TemperatureUnit
"field[FieldName='""FlashPointTemperatureUnitCode""']",NavigationPropertyName,NULL,FlashPointTemperatureUnit
,,,
,,,
LXML File: ShipmentPackageHarmonize.lxml,,,
Element,Attribute,Old Value,New Value
entity,DBTableName,ShipmentPackageHarmonizes,ShipmentPackageHarmonize
entity,DxmlDatabaseTypeCode,NULL,Main
entity,DxmlDatabaseSchemaCode,NULL,dbo
"field[FieldName='""Id""']",MaxLength,0,15
"field[FieldName='""PackageId""']",MaxLength,0,15
"field[FieldName='""PackageId""']",IsRequired,FALSE,TRUE
"field[FieldName='""PackageId""']",IsForeignKey,FALSE,TRUE
"field[FieldName='""PackageId""']",ForeignEntity,NULL,ShipmentPackage
"field[FieldName='""PackageId""']",NavigationPropertyName,NULL,Package
,,,
,,,
LXML File: ShipmentPackageItem.lxml,,,
Element,Attribute,Old Value,New Value
entity,DxmlDatabaseTypeCode,NULL,Main
entity,DxmlDatabaseSchemaCode,NULL,dbo
"field[FieldName='""PackageId""']",MaxLength,0,15
"field[FieldName='""PackageId""']",IsForeignKey,FALSE,TRUE
"field[FieldName='""PackageId""']",ForeignEntity,NULL,ShipmentPackage
"field[FieldName='""PackageId""']",NavigationPropertyName,NULL,ShipmentPackage
"field[FieldName='""Quantity""']",MaxLength,1,0
"field[FieldName='""GoodsValue""']",NumberOfDigits,0,18
"field[FieldName='""GoodsValue""']",MaxLength,1,0
,,,
,,,
LXML File: ShipmentPayable.lxml,,,
Element,Attribute,Old Value,New Value
entity,DxmlDatabaseTypeCode,NULL,Main
entity,DxmlDatabaseSchemaCode,NULL,dbo
"field[FieldName='""Id""']",MaxLength,0,15
"field[FieldName='""ShipmentId""']",IsRequired,FALSE,TRUE
"field[FieldName='""ShipmentId""']",IsForeignKey,FALSE,TRUE
"field[FieldName='""ShipmentId""']",ForeignEntity,NULL,Shipment
"field[FieldName='""ShipmentId""']",NavigationPropertyName,NULL,Shipment
"field[FieldName='""ChargesTypeId""']",IsForeignKey,FALSE,TRUE
"field[FieldName='""ChargesTypeId""']",ForeignEntity,NULL,ChargesType
"field[FieldName='""ChargesTypeId""']",NavigationPropertyName,NULL,ChargesType
"field[FieldName='""ShipmentPayableLineStatusCode""']",IsForeignKey,FALSE,TRUE
"field[FieldName='""ShipmentPayableLineStatusCode""']",ForeignEntity,NULL,ShipmentPayableLineStatus
"field[FieldName='""ShipmentPayableLineStatusCode""']",NavigationPropertyName,NULL,ShipmentPayableLineStatus
"field[FieldName='""MeasurementId""']",IsForeignKey,FALSE,TRUE
"field[FieldName='""MeasurementId""']",ForeignEntity,NULL,Measurement
"field[FieldName='""MeasurementId""']",NavigationPropertyName,NULL,Measurement
"field[FieldName='""Quantity""']",MaxLength,2,0
"field[FieldName='""AWBPrint""']",MaxLength,15,0
"field[FieldName='""CurrencyId""']",IsForeignKey,FALSE,TRUE
"field[FieldName='""CurrencyId""']",ForeignEntity,NULL,Currency
"field[FieldName='""CurrencyId""']",NavigationPropertyName,NULL,Currency
"field[FieldName='""UnitPrice""']",FieldsDataType,Decimal,Double
"field[FieldName='""UnitPrice""']",MaxLength,2,0
"field[FieldName='""Rate""']",MaxLength,2,0
"field[FieldName='""ExpectedAmount""']",FieldsDataType,Decimal,Double
"field[FieldName='""ExpectedAmount""']",MaxLength,2,0
"field[FieldName='""ExpectedAmountLocal""']",FieldsDataType,Decimal,Double
"field[FieldName='""ExpectedAmountLocal""']",MaxLength,2,0
"field[FieldName='""Notes""']",FieldsDataType,Text,nText
"field[FieldName='""UpdateByUserId""']",MaxLength,0,15
"field[FieldName='""UpdateByUserId""']",IsRequired,FALSE,TRUE
"field[FieldName='""UpdateByUserId""']",IsForeignKey,FALSE,TRUE
"field[FieldName='""UpdateByUserId""']",ForeignEntity,NULL,User
"field[FieldName='""UpdateByUserId""']",NavigationPropertyName,NULL,UpdateByUser
"field[FieldName='""VendorId""']",IsForeignKey,FALSE,TRUE
"field[FieldName='""VendorId""']",ForeignEntity,NULL,Card
"field[FieldName='""VendorId""']",NavigationPropertyName,NULL,VendorCard
"field[FieldName='""DueTypeCode""']",IsForeignKey,FALSE,TRUE
"field[FieldName='""DueTypeCode""']",ForeignEntity,NULL,DueType
"field[FieldName='""DueTypeCode""']",NavigationPropertyName,NULL,DueType
"field[FieldName='""PrepaidCollectId""']",IsForeignKey,FALSE,TRUE
"field[FieldName='""PrepaidCollectId""']",ForeignEntity,NULL,PrepaidCollect
"field[FieldName='""PrepaidCollectId""']",NavigationPropertyName,NULL,PrepaidCollect
"field[FieldName='""MinAmount""']",MaxLength,1,0
"field[FieldName='""MaxAmount""']",MaxLength,1,0
"field[FieldName='""ExpectedAmountInProfitCurrency""']",FieldsDataType,Decimal,Double
"field[FieldName='""ExpectedAmountInProfitCurrency""']",MaxLength,2,0
"field[FieldName='""ShipmentPayableParentId""']",MaxLength,0,15
"field[FieldName='""ShipmentPayableParentId""']",IsForeignKey,FALSE,TRUE
"field[FieldName='""ShipmentPayableParentId""']",ForeignEntity,NULL,ShipmentPayable
"field[FieldName='""ShipmentPayableParentId""']",NavigationPropertyName,NULL,ShipmentPayableParent
"field[FieldName='""ShipmentPayableAmountTypeCode""']",MaxLength,0,4
"field[FieldName='""ShipmentPayableAmountTypeCode""']",IsForeignKey,FALSE,TRUE
"field[FieldName='""ShipmentPayableAmountTypeCode""']",ForeignEntity,NULL,ShipmentPayableAmountType
"field[FieldName='""ShipmentPayableAmountTypeCode""']",NavigationPropertyName,NULL,ShipmentPayableAmountType
"field[FieldName='""CreatedByUserId""']",MaxLength,0,15
"field[FieldName='""CreatedByUserId""']",IsRequired,FALSE,TRUE
"field[FieldName='""CreatedByUserId""']",IsForeignKey,FALSE,TRUE
"field[FieldName='""CreatedByUserId""']",ForeignEntity,NULL,User
"field[FieldName='""CreatedByUserId""']",NavigationPropertyName,NULL,CreatedByUser
"field[FieldName='""CorrectionByUserId""']",MaxLength,0,15
"field[FieldName='""CorrectionByUserId""']",IsForeignKey,FALSE,TRUE
"field[FieldName='""CorrectionByUserId""']",ForeignEntity,NULL,User
"field[FieldName='""CorrectionByUserId""']",NavigationPropertyName,NULL,CorrectionByUser
"field[FieldName='""CorrectionNote""']",FieldsDataType,Text,nText
"field[FieldName='""CorrectionNote""']",MaxLength,0,250
"field[FieldName='""IATACodeId""']",IsForeignKey,FALSE,TRUE
"field[FieldName='""IATACodeId""']",ForeignEntity,NULL,IATACode
"field[FieldName='""IATACodeId""']",NavigationPropertyName,NULL,IATACode
"field[FieldName='""QuoteChargeId""']",MaxLength,0,15
"field[FieldName='""QuoteCostMinAmount""']",MaxLength,1,0
"field[FieldName='""QuoteCostMaxAmount""']",MaxLength,1,0
"field[FieldName='""VatTypeId""']",IsForeignKey,FALSE,TRUE
"field[FieldName='""VatTypeId""']",ForeignEntity,NULL,VatType
"field[FieldName='""VatTypeId""']",NavigationPropertyName,NULL,VatType
,,,
,,,
LXML File: ShipmentPayableStatus.lxml,,,
Element,Attribute,Old Value,New Value
entity,DxmlDatabaseTypeCode,NULL,Main
entity,DxmlDatabaseSchemaCode,NULL,dbo
"field[FieldName='""SearchFields""']",FieldsDataType,Text,nText
,,,
,,,
LXML File: ShipmentPickUpDelivery.lxml,,,
Element,Attribute,Old Value,New Value
entity,DxmlDatabaseTypeCode,NULL,Main
entity,DxmlDatabaseSchemaCode,NULL,dbo
"field[FieldName='""Id""']",MaxLength,0,15
"field[FieldName='""ShipmentId""']",IsRequired,FALSE,TRUE
"field[FieldName='""ShipmentId""']",IsForeignKey,FALSE,TRUE
"field[FieldName='""ShipmentId""']",ForeignEntity,NULL,Shipment
"field[FieldName='""ShipmentId""']",NavigationPropertyName,NULL,Shipment
"field[FieldName='""CarrierId""']",IsForeignKey,FALSE,TRUE
"field[FieldName='""CarrierId""']",ForeignEntity,NULL,Card
"field[FieldName='""CarrierId""']",NavigationPropertyName,NULL,CarrierCard
"field[FieldName='""PickUpDeliveryNumber""']",IsRequired,FALSE,TRUE
"field[FieldName='""EmptyPickupContainerPartnerId""']",IsForeignKey,FALSE,TRUE
"field[FieldName='""EmptyPickupContainerPartnerId""']",ForeignEntity,NULL,Card
"field[FieldName='""EmptyPickupContainerPartnerId""']",NavigationPropertyName,NULL,EmptyPickupContainerPartner
"field[FieldName='""EmptyDeliveryContainerPartnerId""']",IsForeignKey,FALSE,TRUE
"field[FieldName='""EmptyDeliveryContainerPartnerId""']",ForeignEntity,NULL,Card
"field[FieldName='""EmptyDeliveryContainerPartnerId""']",NavigationPropertyName,NULL,EmptyDeliveryContainerPartner
"field[FieldName='""PickUpDeliveryTypeCode""']",IsForeignKey,FALSE,TRUE
"field[FieldName='""PickUpDeliveryTypeCode""']",ForeignEntity,NULL,PickUpDeliveryType
"field[FieldName='""PickUpDeliveryTypeCode""']",NavigationPropertyName,NULL,PickUpDeliveryType
"field[FieldName='""PickUpDeliveryFromTypeCode""']",IsForeignKey,FALSE,TRUE
"field[FieldName='""PickUpDeliveryFromTypeCode""']",ForeignEntity,NULL,PickUpDeliveryFromToType
"field[FieldName='""PickUpDeliveryFromTypeCode""']",NavigationPropertyName,NULL,PickUpDeliveryFromType
"field[FieldName='""FromPortId""']",IsForeignKey,FALSE,TRUE
"field[FieldName='""FromPortId""']",ForeignEntity,NULL,Port
"field[FieldName='""FromPortId""']",NavigationPropertyName,NULL,FromPort
"field[FieldName='""FromPartnerCardId""']",IsForeignKey,FALSE,TRUE
"field[FieldName='""FromPartnerCardId""']",ForeignEntity,NULL,Card
"field[FieldName='""FromPartnerCardId""']",NavigationPropertyName,NULL,FromPartnerCard
"field[FieldName='""FromAddressId""']",IsForeignKey,FALSE,TRUE
"field[FieldName='""FromAddressId""']",ForeignEntity,NULL,Address
"field[FieldName='""FromAddressId""']",NavigationPropertyName,NULL,FromAddressObj
"field[FieldName='""FromAddressCountryId""']",IsForeignKey,FALSE,TRUE
"field[FieldName='""FromAddressCountryId""']",ForeignEntity,NULL,Country
"field[FieldName='""FromAddressCountryId""']",NavigationPropertyName,NULL,FromAddressCountry
"field[FieldName='""FromAddress""']",FieldsDataType,Text,nText
"field[FieldName='""PickUpDeliveryToTypeCode""']",IsForeignKey,FALSE,TRUE
"field[FieldName='""PickUpDeliveryToTypeCode""']",ForeignEntity,NULL,PickUpDeliveryFromToType
"field[FieldName='""PickUpDeliveryToTypeCode""']",NavigationPropertyName,NULL,PickUpDeliveryToType
"field[FieldName='""ToPortId""']",IsForeignKey,FALSE,TRUE
"field[FieldName='""ToPortId""']",ForeignEntity,NULL,Port
"field[FieldName='""ToPortId""']",NavigationPropertyName,NULL,ToPort
"field[FieldName='""ToPartnerCardId""']",IsForeignKey,FALSE,TRUE
"field[FieldName='""ToPartnerCardId""']",ForeignEntity,NULL,Card
"field[FieldName='""ToPartnerCardId""']",NavigationPropertyName,NULL,ToPartnerCard
"field[FieldName='""ToAddressId""']",IsForeignKey,FALSE,TRUE
"field[FieldName='""ToAddressId""']",ForeignEntity,NULL,Address
"field[FieldName='""ToAddressId""']",NavigationPropertyName,NULL,ToAddressObj
"field[FieldName='""ToAddressCountryId""']",IsForeignKey,FALSE,TRUE
"field[FieldName='""ToAddressCountryId""']",ForeignEntity,NULL,Country
"field[FieldName='""ToAddressCountryId""']",NavigationPropertyName,NULL,ToAddressCountry
"field[FieldName='""ToAddress""']",FieldsDataType,Text,nText
"field[FieldName='""TransportModeCode""']",IsForeignKey,FALSE,TRUE
"field[FieldName='""TransportModeCode""']",ForeignEntity,NULL,PickUpDeliveryTransportMode
"field[FieldName='""TransportModeCode""']",NavigationPropertyName,NULL,TransportMode
,,,
,,,
LXML File: ShipmentPickUpDeliveryPackage.lxml,,,
Element,Attribute,Old Value,New Value
entity,DxmlDatabaseTypeCode,NULL,Main
entity,DxmlDatabaseSchemaCode,NULL,dbo
"field[FieldName='""Id""']",MaxLength,0,15
"field[FieldName='""PackageTypeId""']",IsForeignKey,FALSE,TRUE
"field[FieldName='""PackageTypeId""']",ForeignEntity,NULL,PackageType
"field[FieldName='""PackageTypeId""']",NavigationPropertyName,NULL,PackageType
"field[FieldName='""ShipmentPickUpDeliveryId""']",MaxLength,0,15
"field[FieldName='""ShipmentPickUpDeliveryId""']",IsRequired,FALSE,TRUE
"field[FieldName='""ShipmentPickUpDeliveryId""']",IsForeignKey,FALSE,TRUE
"field[FieldName='""ShipmentPickUpDeliveryId""']",ForeignEntity,NULL,ShipmentPickUpDelivery
"field[FieldName='""ShipmentPickUpDeliveryId""']",NavigationPropertyName,NULL,ShipmentPickUpDelivery
"field[FieldName='""Quantity""']",MaxLength,15,0
"field[FieldName='""Volume""']",MaxLength,15,0
"field[FieldName='""Weight""']",MaxLength,15,0
"field[FieldName='""Description""']",FieldsDataType,Text,nText
"field[FieldName='""Width""']",MaxLength,15,0
"field[FieldName='""Height""']",MaxLength,15,0
"field[FieldName='""Length""']",MaxLength,15,0
"field[FieldName='""Harmonize""']",MaxLength,20,60
"field[FieldName='""OriginalShipmentPackageId""']",MaxLength,0,15
"field[FieldName='""CountryId""']",IsForeignKey,FALSE,TRUE
"field[FieldName='""CountryId""']",ForeignEntity,NULL,Country
"field[FieldName='""CountryId""']",NavigationPropertyName,NULL,Country
,,,
,,,
LXML File: ShipmentReceivable.lxml,,,
Element,Attribute,Old Value,New Value
entity,DxmlDatabaseTypeCode,NULL,Main
entity,DxmlDatabaseSchemaCode,NULL,dbo
"field[FieldName='""Id""']",MaxLength,0,15
"field[FieldName='""ShipmentId""']",IsRequired,FALSE,TRUE
"field[FieldName='""ShipmentId""']",IsForeignKey,FALSE,TRUE
"field[FieldName='""ShipmentId""']",ForeignEntity,NULL,Shipment
"field[FieldName='""ShipmentId""']",NavigationPropertyName,NULL,Shipment
"field[FieldName='""ChargesTypeId""']",IsForeignKey,FALSE,TRUE
"field[FieldName='""ChargesTypeId""']",ForeignEntity,NULL,ChargesType
"field[FieldName='""ChargesTypeId""']",NavigationPropertyName,NULL,ChargesType
"field[FieldName='""ShipmentReceivableLineStatusCode""']",IsForeignKey,FALSE,TRUE
"field[FieldName='""ShipmentReceivableLineStatusCode""']",ForeignEntity,NULL,ShipmentReceivableLineStatus
"field[FieldName='""ShipmentReceivableLineStatusCode""']",NavigationPropertyName,NULL,ShipmentReceivableLineStatus
"field[FieldName='""MeasurementId""']",IsForeignKey,FALSE,TRUE
"field[FieldName='""MeasurementId""']",ForeignEntity,NULL,Measurement
"field[FieldName='""MeasurementId""']",NavigationPropertyName,NULL,Measurement
"field[FieldName='""Quantity""']",MaxLength,2,0
"field[FieldName='""CurrencyId""']",IsForeignKey,FALSE,TRUE
"field[FieldName='""CurrencyId""']",ForeignEntity,NULL,Currency
"field[FieldName='""CurrencyId""']",NavigationPropertyName,NULL,Currency
"field[FieldName='""Rate""']",MaxLength,2,0
"field[FieldName='""UnitPrice""']",MaxLength,2,0
"field[FieldName='""TotalAmount""']",FieldsDataType,Decimal,Double
"field[FieldName='""TotalAmount""']",MaxLength,2,0
"field[FieldName='""TotalAmountLocal""']",FieldsDataType,Decimal,Double
"field[FieldName='""TotalAmountLocal""']",MaxLength,2,0
"field[FieldName='""Notes""']",FieldsDataType,Text,nText
"field[FieldName='""PayableLocal""']",NumberOfDigits,0,18
"field[FieldName='""PayableLocal""']",DigitsAfterPoint,0,2
"field[FieldName='""UpdateByUserId""']",MaxLength,0,15
"field[FieldName='""UpdateByUserId""']",IsRequired,FALSE,TRUE
"field[FieldName='""UpdateByUserId""']",IsForeignKey,FALSE,TRUE
"field[FieldName='""UpdateByUserId""']",ForeignEntity,NULL,User
"field[FieldName='""UpdateByUserId""']",NavigationPropertyName,NULL,UpdateByUser
"field[FieldName='""PrepaidCollectId""']",IsForeignKey,FALSE,TRUE
"field[FieldName='""PrepaidCollectId""']",ForeignEntity,NULL,PrepaidCollect
"field[FieldName='""PrepaidCollectId""']",NavigationPropertyName,NULL,PrepaidCollect
"field[FieldName='""DueTypeCode""']",IsForeignKey,FALSE,TRUE
"field[FieldName='""DueTypeCode""']",ForeignEntity,NULL,DueType
"field[FieldName='""DueTypeCode""']",NavigationPropertyName,NULL,DueType
"field[FieldName='""ARInvoiceLineId""']",MaxLength,0,15
"field[FieldName='""ARInvoiceLineId""']",IsForeignKey,FALSE,TRUE
"field[FieldName='""ARInvoiceLineId""']",ForeignEntity,NULL,ARInvoiceLine
"field[FieldName='""ARInvoiceLineId""']",NavigationPropertyName,NULL,ARInvoiceLine
"field[FieldName='""IsExchangeRateFixed""']",MaxLength,15,0
"field[FieldName='""AmountInProfitCurrency""']",FieldsDataType,Decimal,Double
"field[FieldName='""AmountInProfitCurrency""']",MaxLength,2,0
"field[FieldName='""ARInvoiceId""']",MaxLength,0,15
"field[FieldName='""ARInvoiceId""']",IsForeignKey,FALSE,TRUE
"field[FieldName='""ARInvoiceId""']",ForeignEntity,NULL,ARInvoice
"field[FieldName='""ARInvoiceId""']",NavigationPropertyName,NULL,ARInvoice
"field[FieldName='""CreatedByUserId""']",MaxLength,0,15
"field[FieldName='""CreatedByUserId""']",IsRequired,FALSE,TRUE
"field[FieldName='""CreatedByUserId""']",IsForeignKey,FALSE,TRUE
"field[FieldName='""CreatedByUserId""']",ForeignEntity,NULL,User
"field[FieldName='""CreatedByUserId""']",NavigationPropertyName,NULL,CreatedByUser
"field[FieldName='""IATACodeId""']",IsForeignKey,FALSE,TRUE
"field[FieldName='""IATACodeId""']",ForeignEntity,NULL,IATACode
"field[FieldName='""IATACodeId""']",NavigationPropertyName,NULL,IATACode
"field[FieldName='""QuoteChargeId""']",MaxLength,0,15
"field[FieldName='""QuoteSaleMinAmount""']",MaxLength,1,0
"field[FieldName='""QuoteSaleMaxAmount""']",MaxLength,1,0
"field[FieldName='""IsExpense""']",MaxLength,1,0
"field[FieldName='""VatTypeId""']",IsForeignKey,FALSE,TRUE
"field[FieldName='""VatTypeId""']",ForeignEntity,NULL,VatType
"field[FieldName='""VatTypeId""']",NavigationPropertyName,NULL,VatType
"field[FieldName='""ShipmentReceivableParentId""']",MaxLength,0,15
"field[FieldName='""ShipmentReceivableParentId""']",IsForeignKey,FALSE,TRUE
"field[FieldName='""ShipmentReceivableParentId""']",ForeignEntity,NULL,ShipmentReceivable
"field[FieldName='""ShipmentReceivableParentId""']",NavigationPropertyName,NULL,ShipmentReceivableParent
,,,
,,,
LXML File: ShipmentReceivableStatus.lxml,,,
Element,Attribute,Old Value,New Value
entity,DxmlDatabaseTypeCode,NULL,Main
entity,DxmlDatabaseSchemaCode,NULL,dbo
"field[FieldName='""SearchFields""']",FieldsDataType,Text,nText
,,,
,,,
LXML File: ShipmentType.lxml,,,
Element,Attribute,Old Value,New Value
entity,DxmlDatabaseTypeCode,NULL,Main
entity,DxmlDatabaseSchemaCode,NULL,dbo
"field[FieldName='""Id""']",MaxLength,0,4
"field[FieldName='""TransportModeId""']",IsForeignKey,FALSE,TRUE
"field[FieldName='""TransportModeId""']",ForeignEntity,NULL,TransportMode
"field[FieldName='""TransportModeId""']",NavigationPropertyName,NULL,TransportMode
"field[FieldName='""SearchFields""']",FieldsDataType,Text,nText
,,,
,,,
LXML File: SpecialServicesType.lxml,,,
Element,Attribute,Old Value,New Value
entity,DxmlDatabaseTypeCode,NULL,Main
entity,DxmlDatabaseSchemaCode,NULL,dbo
"field[FieldName='""Id""']",MaxLength,0,15
"field[FieldName='""InActive""']",MaxLength,1,0
,,,
,,,
LXML File: BatchServicesLog.lxml,,,
Element,Attribute,Old Value,New Value
entity,DBTableName,BatchServicesLog,BatchServicesLogs
entity,DxmlDatabaseTypeCode,NULL,SystemLogs
entity,DxmlDatabaseSchemaCode,NULL,dbo
"field[FieldName='""BatchServiceCode""']",MaxLength,100,40
"field[FieldName='""BatchServiceCode""']",IsRequired,FALSE,TRUE
"field[FieldName='""CPU""']",FieldsDataType,Text,Decimal
"field[FieldName='""CPU""']",MaxLength,40,0
"field[FieldName='""NumberOfDoneItems""']",FieldsDataType,Text,Integer
"field[FieldName='""NumberOfDoneItems""']",MaxLength,40,0
"field[FieldName='""DoneItemsInOneMinute""']",FieldsDataType,Text,Integer
"field[FieldName='""DoneItemsInOneMinute""']",MaxLength,40,0
"field[FieldName='""DoneItemsInOneMinute""']",IsRequired,FALSE,TRUE
"field[FieldName='""DoneItemsInFiveMinutes""']",FieldsDataType,Text,Integer
"field[FieldName='""DoneItemsInFiveMinutes""']",MaxLength,40,0
"field[FieldName='""DoneItemsInFiveMinutes""']",IsRequired,FALSE,TRUE
"field[FieldName='""DoneItemsInOneHour""']",FieldsDataType,Text,Integer
"field[FieldName='""DoneItemsInOneHour""']",MaxLength,40,0
"field[FieldName='""DoneItemsInOneHour""']",IsRequired,FALSE,TRUE
,,,
,,,
LXML File: ErrorLog.lxml,,,
Element,Attribute,Old Value,New Value
entity,DxmlDatabaseTypeCode,NULL,SystemLogs
entity,DxmlDatabaseSchemaCode,NULL,dbo
"field[FieldName='""UserName""']",IsRequired,FALSE,TRUE
"field[FieldName='""Tier""']",IsRequired,FALSE,TRUE
"field[FieldName='""Exception""']",IsRequired,FALSE,TRUE
,,,
,,,
LXML File: ConversationHeader.lxml,,,
Element,Attribute,Old Value,New Value
entity,DxmlDatabaseTypeCode,NULL,Main
entity,DxmlDatabaseSchemaCode,NULL,dbo
,,,
,,,
LXML File: ConversationHeaderMessage.lxml,,,
Element,Attribute,Old Value,New Value
entity,DxmlDatabaseTypeCode,NULL,Main
entity,DxmlDatabaseSchemaCode,NULL,dbo
,,,
,,,
LXML File: ConversationHeaderParticipant.lxml,,,
Element,Attribute,Old Value,New Value
entity,DxmlDatabaseTypeCode,NULL,Main
entity,DxmlDatabaseSchemaCode,NULL,dbo
,,,
,,,
LXML File: Feed.lxml,,,
Element,Attribute,Old Value,New Value
entity,DxmlDatabaseTypeCode,NULL,Main
entity,DxmlDatabaseSchemaCode,NULL,dbo
,,,
,,,
LXML File: FollowEntity.lxml,,,
Element,Attribute,Old Value,New Value
entity,DxmlDatabaseTypeCode,NULL,Main
entity,DxmlDatabaseSchemaCode,NULL,dbo
,,,
,,,
LXML File: Follower.lxml,,,
Element,Attribute,Old Value,New Value
entity,DxmlDatabaseTypeCode,NULL,Main
entity,DxmlDatabaseSchemaCode,NULL,dbo
,,,
,,,
LXML File: Group.lxml,,,
Element,Attribute,Old Value,New Value
entity,DxmlDatabaseTypeCode,NULL,Main
entity,DxmlDatabaseSchemaCode,NULL,dbo
,,,
,,,
LXML File: GroupMember.lxml,,,
Element,Attribute,Old Value,New Value
entity,DxmlDatabaseTypeCode,NULL,Main
entity,DxmlDatabaseSchemaCode,NULL,dbo
,,,
,,,
LXML File: Post.lxml,,,
Element,Attribute,Old Value,New Value
entity,DxmlDatabaseTypeCode,NULL,Main
entity,DxmlDatabaseSchemaCode,NULL,dbo
,,,
,,,
LXML File: PostLike.lxml,,,
Element,Attribute,Old Value,New Value
entity,DxmlDatabaseTypeCode,NULL,Main
entity,DxmlDatabaseSchemaCode,NULL,dbo
,,,
,,,
LXML File: Tariff.lxml,,,
Element,Attribute,Old Value,New Value
entity,DxmlDatabaseTypeCode,NULL,Main
entity,DxmlDatabaseSchemaCode,NULL,dbo
,,,
,,,
LXML File: TariffLine.lxml,,,
Element,Attribute,Old Value,New Value
entity,DxmlDatabaseTypeCode,NULL,Main
entity,DxmlDatabaseSchemaCode,NULL,dbo
,,,
,,,
LXML File: TariffLinesContainersPrice.lxml,,,
Element,Attribute,Old Value,New Value
entity,DxmlDatabaseTypeCode,NULL,Main
entity,DxmlDatabaseSchemaCode,NULL,dbo
,,,
,,,
LXML File: TariffSetting.lxml,,,
Element,Attribute,Old Value,New Value
entity,DxmlDatabaseTypeCode,NULL,Main
entity,DxmlDatabaseSchemaCode,NULL,dbo
,,,
,,,
LXML File: TariffSurchargesUpdate.lxml,,,
Element,Attribute,Old Value,New Value
entity,DxmlDatabaseTypeCode,NULL,Main
entity,DxmlDatabaseSchemaCode,NULL,dbo
,,,
,,,
LXML File: TariffSurchargesUpdateMethod.lxml,,,
Element,Attribute,Old Value,New Value
entity,DxmlDatabaseTypeCode,NULL,Main
entity,DxmlDatabaseSchemaCode,NULL,dbo
,,,
,,,
LXML File: TariffType.lxml,,,
Element,Attribute,Old Value,New Value
entity,DxmlDatabaseTypeCode,NULL,Main
entity,DxmlDatabaseSchemaCode,NULL,dbo
"field[FieldName='""TransportModeCode""']",MaxLength,15,1
,,,
,,,
LXML File: TariffVersion.lxml,,,
Element,Attribute,Old Value,New Value
entity,DxmlDatabaseTypeCode,NULL,Main
entity,DxmlDatabaseSchemaCode,NULL,dbo
"field[FieldName='""ParentVersionNumber""']",MaxLength,15,0
,,,
,,,
LXML File: TariffVersionAllInCharge.lxml,,,
Element,Attribute,Old Value,New Value
entity,DxmlDatabaseTypeCode,NULL,Main
entity,DxmlDatabaseSchemaCode,NULL,dbo
,,,
,,,
LXML File: Sprint.lxml,,,
Element,Attribute,Old Value,New Value
entity,DxmlDatabaseTypeCode,NULL,Main
entity,DxmlDatabaseSchemaCode,NULL,dbo
,,,
,,,
LXML File: TMBudget.lxml,,,
Element,Attribute,Old Value,New Value
entity,DxmlDatabaseTypeCode,NULL,Main
entity,DxmlDatabaseSchemaCode,NULL,dbo
,,,
,,,
LXML File: TMDayOffType.lxml,,,
Element,Attribute,Old Value,New Value
entity,DxmlDatabaseTypeCode,NULL,Main
entity,DxmlDatabaseSchemaCode,NULL,dbo
,,,
,,,
LXML File: TMEmployeeTime.lxml,,,
Element,Attribute,Old Value,New Value
entity,DxmlDatabaseTypeCode,NULL,Main
entity,DxmlDatabaseSchemaCode,NULL,dbo
"field[FieldName='""DateOfWork""']",FieldsDataType,Date,DateTime
"field[FieldName='""DateOfWork""']",IsRequired,FALSE,TRUE
"field[FieldName='""LocationCode""']",MaxLength,1,3
,,,
,,,
LXML File: TMLocation.lxml,,,
Element,Attribute,Old Value,New Value
entity,DxmlDatabaseTypeCode,NULL,Main
entity,DxmlDatabaseSchemaCode,NULL,dbo
,,,
,,,
LXML File: TMOfficeHour.lxml,,,
Element,Attribute,Old Value,New Value
entity,DxmlDatabaseTypeCode,NULL,Main
entity,DxmlDatabaseSchemaCode,NULL,dbo
"field[FieldName='""WorkDate""']",FieldsDataType,Date,DateTime
,,,
,,,
LXML File: TMProject.lxml,,,
Element,Attribute,Old Value,New Value
entity,DxmlDatabaseTypeCode,NULL,Main
entity,DxmlDatabaseSchemaCode,NULL,dbo
,,,
,,,
LXML File: TMProjectCategory.lxml,,,
Element,Attribute,Old Value,New Value
entity,DxmlDatabaseTypeCode,NULL,Main
entity,DxmlDatabaseSchemaCode,NULL,dbo
,,,
,,,
LXML File: TMRelease.lxml,,,
Element,Attribute,Old Value,New Value
entity,DxmlDatabaseTypeCode,NULL,Main
entity,DxmlDatabaseSchemaCode,NULL,dbo
"field[FieldName='""FromDate""']",FieldsDataType,Date,DateTime
"field[FieldName='""ToDate""']",FieldsDataType,Date,DateTime
,,,
,,,
LXML File: WarehouseEntry.lxml,,,
Element,Attribute,Old Value,New Value
entity,DxmlDatabaseTypeCode,NULL,Main
entity,DxmlDatabaseSchemaCode,NULL,dbo
,,,
,,,
LXML File: WarehouseEntryPackage.lxml,,,
Element,Attribute,Old Value,New Value
entity,DxmlDatabaseTypeCode,NULL,Main
entity,DxmlDatabaseSchemaCode,NULL,dbo
"field[FieldName='""IsContainer""']",MaxLength,100,0
,,,
,,,
LXML File: WarehouseEntryPackagesRelease.lxml,,,
Element,Attribute,Old Value,New Value
entity,DxmlDatabaseTypeCode,NULL,Main
entity,DxmlDatabaseSchemaCode,NULL,dbo
,,,
,,,
LXML File: WarehouseEntryStatus.lxml,,,
Element,Attribute,Old Value,New Value
entity,DxmlDatabaseTypeCode,NULL,Main
entity,DxmlDatabaseSchemaCode,NULL,dbo
,,,
,,,
LXML File: WarehouseRelease.lxml,,,
Element,Attribute,Old Value,New Value
entity,DxmlDatabaseTypeCode,NULL,Main
entity,DxmlDatabaseSchemaCode,NULL,dbo
,,,
,,,
LXML File: WarehouseReleasePackage.lxml,,,
Element,Attribute,Old Value,New Value
entity,DxmlDatabaseTypeCode,NULL,Main
entity,DxmlDatabaseSchemaCode,NULL,dbo
,,,
,,,
LXML File: WarehouseReleaseStatus.lxml,,,
Element,Attribute,Old Value,New Value
entity,DxmlDatabaseTypeCode,NULL,Main
entity,DxmlDatabaseSchemaCode,NULL,dbo
