MANG,General,CUSTOMS,OR
MANG,General,REPORTS,OR
MANG,Shipment,ACCOUNTINGCLOSE,OR
MANG,Shipment,OPERATIONALCLOSE,OR
MANG,Shipment,OPERATIONALREOPEN,OR
MANG,Shipment,REACTIVATE,OR
MANG,Shipment,CANCEL,OR
MANG,Shipment,ACCOUNTINGREOPEN,OR
MANG,Master,ACCOUNTINGCLOSE,OR
MANG,Master,OPERATIONALCLOSE,OR
MANG,Master,OPERATIONALREOPEN,OR
MANG,Master,REACTIVATE,OR
MANG,Master,CANCEL,OR
MANG,Master,ACCOUNTINGREOPEN,OR
MANG,General,DASHBOARD,OR
MANG,General,MASTERS,OR
MANG,General,GETTINGSTARTED,OR
MANG,General,CRM,OR
MANG,General,SOCIAL,OR
CUCA,Customs.GovernmentProcedureType,READ,OR
CUCA,General,ApiCredintials,OR
CUCA,Customs.GovernmentProcedureType,NEW,OR
CUCA,Customs.GovernmentProcedureType,GENERAL,OR
CUCA,Customs.GovernmentProcedureType,EVENTS,OR
CUCA,Customs.GovernmentProcedureType,GOVERNMENTPROCEDURETYPE,OR
CUCA,General,AppSettingsBtn,OR
CUCA,Customs.Claim,READ,OR
CUCA,Customs.Claim,NEW,OR
CUCA,Customs.Claim,UPDATE,OR
CUCA,Customs.Claim,SENDCLAIM,OR
CUCA,ApiCredintials,READ,OR
CUCA,ApiCredintials,UPDATE,OR
CUCA,ApiCredintials,NEW,OR
CUCA,ApiCredintials,ApiCredintialsQ,OR
CUCA,Customs.GovernmentProcedureType,UPDATE,OR
ADMN,Customs.CustomsHouseTypeAdditional,READ,OR
ADMN,Customs.CustomsHouseTypeAdditional,UPDATE,OR
ADMN,Customs.CustomsHouseType,EVENTS,OR
ADMN,Customs.CustomsHouseType,GENERAL,OR
ADMN,Customs.CustomsHouseType,CUSTOMSHOUSETYPE,OR
ADMN,Customs.CustomsHouseTypeAdditional,EVENTS,OR
ADMN,Customs.CustomsHouseTypeAdditional,GENERAL,OR
ADMN,Customs.CustomsHouseTypeAdditional,HOUSETYPEADDITIONAL,OR
ADMN,General,CUSTOMSCOLLATERAL,OR
ADMN,General,HOUSETYPEADDITIONAL,OR
ADMN,General,PROCEDURALFAULTS,OR
ADMN,General,VEHICLE,OR
ADMN,Customs.CustomsCollateral,READ,OR
ADMN,Customs.CustomsCollateral,NEW,OR
ADMN,Customs.CustomsCollateral,UPDATE,OR
ADMN,Customs.CustomsCollateral,GENERAL,OR
ADMN,Customs.CustomsCollateral,ALLCOLLATERALS,OR
ADMN,Customs.CustomsCollateral,OPENCOLLATERALS,OR
ADMN,Customs.CustomsVendor,REQUESTSHEETS,OR
ADMN,Customs.CustomsVendor,ACTIVEVENDORS,OR
ADMN,Customs.CustomsVendor,ALLVENDORS,OR
ADMN,Customs.Declaration,DECLARATIONPAYMENT,OR
ADMN,Customs.PaymentOrder,CLOSEPAYMENTORDER,OR
ADMN,Customs.PaymentOrder,MOREPAYMENTORDER,OR
ADMN,Customs.PaymentOrder,UNCLOSEPAYMENTORDER,OR
ADMN,Customs.PaymentOrder,REQUESTSHEET,OR
ADMN,Customs.PaymentOrder,CLOSEDPAYMENTORDERS,OR
ADMN,Customs.PaymentOrder,OPENPAYMENTORDERS,OR
ADMN,Customs.PhysicalCheck,REQUESTSHEET,OR
ADMN,Customs.ProceduralFault,READ,OR
ADMN,Customs.ProceduralFault,PROCEDURALFAULT,OR
ADMN,Customs.Vehicle,READ,OR
ADMN,Customs.Vehicle,NEW,OR
ADMN,Customs.Vehicle,UPDATE,OR
ADMN,Customs.Vehicle,COMMUNICATIONS,OR
ADMN,User,User.Query.ActiveUsers,OR
ADMN,User,User.Query.AllUsers,OR
ADMN,User,User.Query.InactiveUsers,OR
ADMN,General,General.Features.Customization,OR
ADMN,Customs.NotificationDefinition,READ,OR
ADMN,Customs.NotificationDefinition,UPDATE,OR
ADMN,Customs.NotificationDefinition,EVENTS,OR
ADMN,Customs.NotificationDefinition,GENERAL,OR
ADMN,Customs.NotificationDefinition,NOTIFICATIONDEFINITION,OR
ADMN,Customs.Declaration,ITEMVEHICLES,OR
ADMN,Customs.Declaration,PRINTTDECLARATIONFORM,OR
ADMN,Customs.Declaration,PRINTTZRUFA,OR
ADMN,Customs.Declaration,NOTIFICATION,OR
ADMN,Customs.Notification,READ,OR
ADMN,Customs.Notification,UPDATE,OR
ADMN,Customs.Notification,REQUESTSHEET,OR
ADMN,Customs.PaymentOrder,PRINTPAYMENTORDER,OR
ADMN,AccountingTransferHeader,READ,OR
ADMN,AccountingTransferHeader,DETAILS,OR
ADMN,General,ACCOUNTINGTRANSFER,OR
ADMN,ErrorLog,READ,OR
ADMN,ErrorLog,GENERAL,OR
ADMN,ErrorLog,EVENTS,OR
ADMN,Customs.Declaration,READ,OR
ADMN,Customs.Declaration,GENERAL,OR
ADMN,Customs.Declaration,EVENTS,OR
ADMN,Customs.Declaration,DECLARATION,OR
ADMN,Customs.Declaration,NEW,OR
ADMN,Customs.Declaration,UPDATE,OR
ADMN,Customs.CustomsVendor,READ,OR
ADMN,Customs.CustomsVendor,GENERAL,OR
ADMN,Customs.CustomsVendor,EVENTS,OR
ADMN,Customs.CustomsVendor,NEW,OR
ADMN,Customs.CustomsVendor,UPDATE,OR
ADMN,Customs.Declaration,INVOICES,OR
ADMN,Distributor,READ,OR
ADMN,Distributor,UPDATE,OR
ADMN,Distributor,NEW,OR
ADMN,Distributor,Distributor.Tab.General,OR
ADMN,Distributor,Distributor.Tab.Tenants,OR
ADMN,Distributor,Distributor.Tab.Events,OR
ADMN,Distributor,Distributor.Q.AllDistributors,OR
ADMN,ARInvoice,OPENCONSTUTUENT,OR
ADMN,CommunicationLog,STEPS,OR
ADMN,Customer,MAINCUSTOMERS,OR
ADMN,Customs.Declaration,DECLARATIONPYORDER,OR
ADMN,Customs.Declaration,DECLARATIONPHCHECK,OR
ADMN,Customs.Declaration,DECLARATIONSHEET,OR
ADMN,Report,EXPECTEDINCOMEREPORT,OR
ADMN,User,DISTRIBUTOR,OR
ADMN,TenantManagement,SYSDISENABLED,OR
ADMN,TenantManagement,AWB.MESSAGING.STOCK,OR
ADMN,General,EXCHANGERATE,OR
ADMN,General,INTERFACEMANAGEMENT,OR
ADMN,General,ITEM,OR
ADMN,General,NOTIFICATIONDEFINITION,OR
ADMN,Customs.CustomsSetting,READ,OR
ADMN,Customs.CustomsSetting,UPDATE,OR
ADMN,Customs.Declaration,TAPAGS,OR
ADMN,Customs.PaymentOrder,DEFICIT,OR
ADMN,Customs.PaymentOrder,DEPOSIT,OR
ADMN,General,CUSTOMSETTING,OR
ADMN,Customs.CustomsHouseType,READ,OR
ADMN,Customs.CustomsHouseType,UPDATE,OR
ADMN,Customs.ItemGovernmentProcedureType,READ,OR
ADMN,Customs.CustomsBookType,READ,OR
ADMN,Customs.PaymentType,READ,OR
ADMN,Customs.SalesTaxExemptionType,READ,OR
ADMN,Customs.Declaration,SENDDECLARATION,OR
ADMN,Customs.Declaration,COMMUNICATIONS,OR
ADMN,Customs.CustomsVendor,COMMUNICATIONS,OR
ADMN,Customs.Declaration,TAXES,OR
ADMN,Customs.PaymentOrder,READ,OR
ADMN,Customs.PaymentOrder,GENERAL,OR
ADMN,Customs.PaymentOrder,EVENTS,OR
ADMN,Customs.PaymentOrder,PAYMENTORDERS,OR
ADMN,Customs.PaymentOrder,NEW,OR
ADMN,Customs.PaymentOrder,UPDATE,OR
ADMN,Customs.Client,GENERAL,OR
ADMN,Customs.Client,EVENTS,OR
ADMN,Customs.Client,CLIENTS,OR
ADMN,Customs.Client,NEW,OR
ADMN,Customs.Client,ADDRESSES,OR
ADMN,Customs.PaymentOrder,SENDPAYMENTORDER,OR
ADMN,Customs.Declaration,PAYMENTS,OR
ADMN,Customs.CustomsVendor,SAVEVENDOR,OR
ADMN,General,CUSTOMBANK,OR
ADMN,Customs.CustomBank,READ,OR
ADMN,Customs.CustomBank,GENERAL,OR
ADMN,Customs.CustomBank,EVENTS,OR
ADMN,Customs.CustomBank,CUSTOMBANKS,OR
ADMN,Customs.CustomBank,NEW,OR
ADMN,Customs.CustomBank,UPDATE,OR
ADMN,Customs.PaymentOrder,COMMUNICATIONS,OR
ADMN,Activity,NEW,OR
ADMN,Activity,READ,OR
ADMN,Activity,UPDATE,OR
ADMN,Activity,Activity.Q.MyOpenActivities,OR
ADMN,Activity,Activity.Q.AllOpenActivities,OR
ADMN,Activity,Activity.Q.MyClosedActivities,OR
ADMN,Activity,Activity.Q.AllClosedActivities,OR
ADMN,Activity,Activity.Tab.General,OR
ADMN,Activity,Activity.Tab.Events,OR
ADMN,Activity,MarkAsComplete,OR
ADMN,Activity,Cancel,OR
ADMN,Opportunity,NEW,OR
ADMN,Opportunity,READ,OR
ADMN,Opportunity,UPDATE,OR
ADMN,Opportunity,Opportunity.Q.MyOpenOpportunities,OR
ADMN,Opportunity,Opportunity.Q.AllOpenOpportunities,OR
ADMN,Opportunity,Opportunity.Q.MyClosedOpportunities,OR
ADMN,Opportunity,Opportunity.Q.AllClosedOpportunities,OR
ADMN,Opportunity,Opportunity.Tab.Overview,OR
ADMN,Opportunity,Opportunity.Tab.DocsOut,OR
ADMN,Opportunity,Opportunity.Tab.DocsIn,OR
ADMN,Opportunity,Opportunity.Tab.Events,OR
ADMN,Opportunity,CloseAsWon,OR
ADMN,Opportunity,CloseAsLost,OR
ADMN,Customs.Vehicle,EVENTS,OR
ADMN,Customs.Vehicle,GENERAL,OR
ADMN,Customs.Vehicle,MOREDETAILS,OR
ADMN,Customs.Vehicle,OWNERSAFETY,OR
ADMN,Customs.Vehicle,VEHICLES,OR
ADMN,DocumentType,COPIES,OR
ADMN,DocumentType,PRINTINGOPTIONS,OR
ADMN,DocumentType,SHAREDLOGISTICS,OR
ADMN,TenantManagement,EnableTenantManagementEdit,OR
ADMN,User,User.Query.ActiveNotLicensed,OR
ADMN,LeadSource,READ,OR
ADMN,LeadSource,UPDATE,OR
ADMN,LeadSource,ALLLEADSOURCES,OR
ADMN,LeadSource,LeadSource.Tab.General,OR
ADMN,LeadSource,LeadSource.Tab.Events,OR
ADMN,General,LEADSOURCES,OR
ADMN,Competitor,NEW,OR
ADMN,Competitor,READ,OR
ADMN,Competitor,UPDATE,OR
ADMN,Competitor,ALLCOMPETITORS,OR
ADMN,Competitor,Competitor.Tab.General,OR
ADMN,Competitor,Competitor.Tab.Events,OR
ADMN,General,COMPETITORS,OR
ADMN,Customer,SHAREDLOGISTIC,OR
ADMN,General,SHAREDLOGISTICS,OR
ADMN,General,MOVETYPES,OR
ADMN,General,REPORTS,OR
ADMN,TenantManagement,INACTIVETENANTMGS,OR
ADMN,TenantManagement,TRAILTENANTMGS,OR
ADMN,TenantManagement,PAYINGTENANTMGS,OR
ADMN,ErrorLog,ALLERRORLOG,OR
ADMN,MoveType,GENERAL,OR
ADMN,MoveType,ALLMOVETYPES,OR
ADMN,MoveType,NEW,OR
ADMN,MoveType,UPDATE,OR
ADMN,MoveType,READ,OR
ADMN,Report,READ,OR
ADMN,Report,GENERAL,OR
ADMN,Report,EVENTS,OR
ADMN,Report,ALLREPORTS,OR
ADMN,Report,NEW,OR
ADMN,Report,UPDATE,OR
ADMN,Report,TEMPLATE,OR
ADMN,Shipment,ALLMASTERS,OR
ADMN,General,CUSTOMS,OR
ADMN,Customs.PhysicalCheck,READ,OR
ADMN,Customs.PhysicalCheck,GENERAL,OR
ADMN,Customs.PhysicalCheck,EVENTS,OR
ADMN,Customs.PhysicalCheck,BYUPCOMINGCHECK,OR
ADMN,Customs.PhysicalCheck,NEW,OR
ADMN,Customs.PhysicalCheck,UPDATE,OR
ADMN,General,CRM,OR
ADMN,General,CHAMP,OR
ADMN,TenantManagement,NOTRECURRINGTENANTS,OR
ADMN,TenantManagement,STATISTICS,OR
ADMN,Industry,NEW,OR
ADMN,Industry,READ,OR
ADMN,Industry,UPDATE,OR
ADMN,Industry,ALLINDUSTRIES,OR
ADMN,Industry,Industry.Tab.General,OR
ADMN,Industry,Industry.Tab.Events,OR
ADMN,General,INDUSTRIES,OR
ADMN,Opportunity,Opportunity.Tab.Products,OR
ADMN,General,ERRORLOG,OR
ADMN,Customs.Client,READ,OR
ADMN,Customs.Client,UPDATE,OR
ADMN,Customs.PhysicalCheck,COMMUNICATIONS,OR
ADMN,Customs.SupplierInvoice,READ,OR
ADMN,Customs.SupplierInvoice,NEW,OR
ADMN,Customs.SupplierInvoice,UPDATE,OR
ADMN,Customs.InvoiceType,READ,OR
ADMN,Customs.CurrencyType,READ,OR
ADMN,Customs.TermsOfSaleType,READ,OR
ADMN,Customs.DangerousGoodsPackingReq,READ,OR
ADMN,ShippingLine,SHIPPINGLINE,OR
ADMN,Customs.CustomsDocumentMetaDataValue,READ,OR
ADMN,Customs.CustomsDocumentMetaDataValue,GENERAL,OR
ADMN,Customs.CustomsDocumentMetaDataValue,NEW,OR
ADMN,Customs.CustomsDocumentMetaDataValue,UPDATE,OR
ADMN,Customs.CustomDocumentTypeMetaData,READ,OR
ADMN,Customs.CustomDocumentTypeMetaData,GENERAL,OR
ADMN,Customs.CustomDocumentTypeMetaData,NEW,OR
ADMN,Customs.CustomDocumentTypeMetaData,UPDATE,OR
ADMN,Customs.Declaration,CUSTOMDOCUMENTS,OR
ADMN,User,PERMISSIONS,OR
ADMN,ErrorLog,EXCEPTION,OR
ADMN,General,SHIPPERSANDCONSIGNEES,OR
ADMN,General,SPECIALSERVICESTYPES,OR
ADMN,General,EMAILALERTSETTINGS,OR
ADMN,SpecialServicesType,READ,OR
ADMN,SpecialServicesType,NEW,OR
ADMN,SpecialServicesType,UPDATE,OR
ADMN,SpecialServicesType,GENERAL,OR
ADMN,SpecialServicesType,EVENTS,OR
ADMN,SpecialServicesType,ALLSPECIALSERVICES,OR
ADMN,CommunicationLog,ERROR,OR
ADMN,Activity,Activity.Q.MeetingsSummary,OR
ADMN,Customer,BYLASTSHIPMETN,OR
ADMN,Quote,OVERVIEW,OR
ADMN,Quote,DETAILS,OR
ADMN,Quote,Quote.Followups,OR
ADMN,Opportunity,Cancel,OR
ADMN,Opportunity,TenantManagement,OR
ADMN,Opportunity,Totango,OR
ADMN,Activity,Copy,OR
ADMN,Activity,Activity.Q.CancelledActivities,OR
ADMN,Opportunity,Opportunity.Q.CancelledOpportunities,OR
ADMN,Quote,OPENQUOTES,OR
ADMN,Shipment,Shipment.Followups,OR
ADMN,AWBMessagingStock,READ,OR
ADMN,AWBMessagingStock,NEW,OR
ADMN,AWBMessagingStock,UPDATE,OR
ADMN,AWBMessagingStock,AWBMessagingStock.Action.Cancel,OR
ADMN,AWBMessagingStock,AWBMessagingStock.Tab.General,OR
ADMN,AWBMessagingStock,AWBMessagingStock.Q.AllQuery,OR
ADMN,Contact,PARTNERS,OR
ADMN,CountryCity,READ,OR
ADMN,CountryCity,NEW,OR
ADMN,CountryCity,UPDATE,OR
ADMN,CustomerSize,READ,OR
ADMN,CustomerSize,NEW,OR
ADMN,CustomerSize,UPDATE,OR
ADMN,CountryCity,GENERAL,OR
ADMN,CountryCity,EVENTS,OR
ADMN,CountryCity,CITIES,OR
ADMN,General,QUESTIONNAIREGENERAL,OR
ADMN,General,CLOSINGREASONS,OR
ADMN,AWBMessagingStock,AWBMessagingStock.M.AWBMessagingStocks,OR
ADMN,Opportunity,ReOpen,OR
ADMN,Opportunity,Copy,OR
ADMN,Stage,NEW,OR
ADMN,Stage,READ,OR
ADMN,Stage,UPDATE,OR
ADMN,Stage,ALLSTAGES,OR
ADMN,Stage,Stage.Tab.General,OR
ADMN,Stage,Stage.Tab.Events,OR
ADMN,General,STAGES,OR
ADMN,LeadSource,NEW,OR
ADMN,CustomerSize,CustomerSize.Tab.Events,OR
ADMN,CustomerSize,ALLCUSTOMERSIZES,OR
ADMN,LogitudeLead,READ,OR
ADMN,LogitudeLead,NEW,OR
ADMN,LogitudeLead,UPDATE,OR
ADMN,Measurement,READ,OR
ADMN,Measurement,NEW,OR
ADMN,Measurement,UPDATE,OR
ADMN,OpportunityClosingReason,READ,OR
ADMN,OpportunityClosingReason,NEW,OR
ADMN,OpportunityClosingReason,UPDATE,OR
ADMN,Questionnaire,READ,OR
ADMN,Questionnaire,NEW,OR
ADMN,Questionnaire,UPDATE,OR
ADMN,QuestionnaireAnswer,READ,OR
ADMN,QuestionnaireAnswer,NEW,OR
ADMN,QuestionnaireAnswer,UPDATE,OR
ADMN,QuoteStage,READ,OR
ADMN,QuoteStage,NEW,OR
ADMN,QuoteStage,UPDATE,OR
ADMN,Region,READ,OR
ADMN,Region,NEW,OR
ADMN,Region,UPDATE,OR
ADMN,Report,MONTHLYCONVERSION,OR
ADMN,Questionnaire,Questionnaire.Q.AllQuestionnaires,OR
ADMN,General,CountryCity.M.Cities,OR
ADMN,General,CUSTOMERSIZES,OR
ADMN,General,General.Features.TenantManagement,OR
ADMN,General,LOGITUDELEADS,OR
ADMN,Measurement,Measurement.M.Measurements,OR
ADMN,General,QUESTIONNAIRE,OR
ADMN,QuoteStage,QuoteStage.M.QuoteStages,OR
ADMN,General,REGIONS,OR
ADMN,LogitudeLead,GENERAL,OR
ADMN,LogitudeLead,LogitudeLead.Q.AllLogitudeLeads,OR
ADMN,Measurement,Measurement.Tab.General,OR
ADMN,Measurement,Measurement.Tab.Events,OR
ADMN,Measurement,Measurement.Q.AllQuery,OR
ADMN,OpportunityClosingReason,ALLCLOSINGREASONS,OR
ADMN,QuoteStage,QuoteStage.Tab.General,OR
ADMN,QuoteStage,QuoteStage.Q.AllQuery,OR
ADMN,Region,GENERAL,OR
ADMN,Region,EVENTS,OR
ADMN,Region,ALLREGIONS,OR
ADMN,User,PRODUCTS,OR
ADMN,Distributor,Distributor.M.Distributors,OR
ADMN,User,ROLES,OR
ADMN,User,EVENTS,OR
ADMN,User,READ,OR
ADMN,User,RESETPASSWORD,OR
ADMN,State,NEW,OR
ADMN,State,UPDATE,OR
ADMN,State,GENERAL,OR
ADMN,State,EVENTS,OR
ADMN,General,OPERATIONS,OR
ADMN,General,SHAREDLOGISTICSMENU,OR
ADMN,General,HOWTOACCOUNTINGSETTINGS,OR
ADMN,General,CANCELINVOICE,OR
ADMN,Customer,SHAREDLOGISTICSCUSTOMERS,OR
ADMN,Master,SENDAWB,OR
ADMN,Master,AIREXPORTONLY,OR
ADMN,Master,ALLTRANSPORTMODES,OR
ADMN,Master,SENDRESPONSE,OR
ADMN,Agent,SHAREDLOGISTICSAGENTS,OR
ADMN,EventType,NEW,OR
ADMN,Customer,Customer.Feature.MyCustomers,OR
ADMN,EventType,UPDATE,OR
ADMN,EventType,GENERAL,OR
ADMN,EventType,EVENTS,OR
ADMN,EventType,READ,OR
ADMN,Vessel,NEW,OR
ADMN,Vessel,UPDATE,OR
ADMN,Vessel,GENERAL,OR
ADMN,Vessel,EVENTS,OR
ADMN,Vessel,READ,OR
ADMN,Warehouse,NEW,OR
ADMN,Contact,UPCOMINGBIRTHDAYSCONTACTS,OR
ADMN,Warehouse,UPDATE,OR
ADMN,Warehouse,GENERAL,OR
ADMN,Warehouse,BILLING,OR
ADMN,Warehouse,ADDRESSES,OR
ADMN,Warehouse,CONTACTS,OR
ADMN,Warehouse,EVENTS,OR
ADMN,Warehouse,READ,OR
ADMN,ARInvoice,NEW,OR
ADMN,ARInvoice,UPDATE,OR
ADMN,ARInvoice,DETAILS,OR
ADMN,Contact,NOREMINDERSCONTACTS,OR
ADMN,ARInvoice,GENERAL,OR
ADMN,ARInvoice,DOCSOUT,OR
ADMN,ARInvoice,DOCSIN,OR
ADMN,ARInvoice,ARPAYMENTS,OR
ADMN,ARInvoice,EVENTS,OR
ADMN,ARInvoice,READ,OR
ADMN,ARInvoice,AUTOCREDIT,OR
ADMN,ARInvoice,SETASSENT,OR
ADMN,ARInvoice,VOID,OR
ADMN,ARInvoice,SETASDRAFT,OR
ADMN,Shipment,SENTFSR,OR
ADMN,ARInvoice,SAVEANDAPPROVE,OR
ADMN,ARInvoice,PRINT,OR
ADMN,ARPayment,NEW,OR
ADMN,ARPayment,UPDATE,OR
ADMN,ARPayment,DETAILS,OR
ADMN,ARPayment,DOCSOUT,OR
ADMN,ARPayment,DOCSIN,OR
ADMN,ARPayment,EVENTS,OR
ADMN,ARPayment,READ,OR
ADMN,ARPayment,CANCELAPPROVAL,OR
ADMN,Customs.CustomsDocument,READ,OR
ADMN,Customer,ACCOUNTINGTRANSFERE,OR
ADMN,ARPayment,VOID,OR
ADMN,ARPayment,APPROVE,OR
ADMN,ARPayment,PRINT,OR
ADMN,APInvoice,NEW,OR
ADMN,APInvoice,UPDATE,OR
ADMN,APInvoice,DETAILS,OR
ADMN,APInvoice,GENERAL,OR
ADMN,Customer,TENANTMANAGEMENT,OR
ADMN,Customer,QUESTIONNAIREANSWERS,OR
ADMN,Customer,TOTANGO,OR
ADMN,Customer,SETASPOTENTIAL,OR
ADMN,Customer,QUICKSEARCHALL,OR
ADMN,Customer,CUSTOMERS,OR
ADMN,Customer,Customer.Feature.PotentialCustomers,OR
ADMN,Customer,Customer.Feature.ActiveCustomers,OR
ADMN,Customer,Customer.Feature.InactiveCustomers,OR
ADMN,CustomerSize,CustomerSize.Tab.General,OR
ADMN,APPayment,UPDATE,OR
ADMN,APPayment,DETAILS,OR
ADMN,APPayment,DOCSOUT,OR
ADMN,APPayment,DOCSIN,OR
ADMN,QuoteTemplate,EVENTS,OR
ADMN,APPayment,EVENTS,OR
ADMN,APPayment,READ,OR
ADMN,APPayment,CANCELAPPROVAL,OR
ADMN,APPayment,VOID,OR
ADMN,APPayment,APPROVE,OR
ADMN,APPayment,PRINT,OR
ADMN,General,DASHBOARD,OR
ADMN,General,QUOTES,OR
ADMN,General,ARINVOICES,OR
ADMN,General,SHIPMENTS,OR
ADMN,QuoteTemplate,QUOTETEMPLATES,OR
ADMN,General,MAINTENANCE,OR
ADMN,General,CONTACTS,OR
ADMN,General,CUSTOMAGENTS,OR
ADMN,General,SHIPPINGAGENTS,OR
ADMN,General,AIRLINES,OR
ADMN,General,AGENTS,OR
ADMN,General,VENDORS,OR
ADMN,General,SHIPPINGLINES,OR
ADMN,General,TRUCKERS,OR
ADMN,QuoteTemplate,SETTINGS,OR
ADMN,General,INCOTERMS,OR
ADMN,General,PAYMENTTERMS,OR
ADMN,General,CURRENCIES,OR
ADMN,General,VATTYPES,OR
ADMN,General,CHARGESTYPES,OR
ADMN,General,PORTS,OR
ADMN,General,COUNTRIES,OR
ADMN,General,GLOBALZONES,OR
ADMN,General,BRANCHES,OR
ADMN,General,DEPARTMENTS,OR
ADMN,AnalyzeQueue,ANALYZEQUEUEERRORS,OR
ADMN,General,STATES,OR
ADMN,General,DOCUMENTTYPES,OR
ADMN,General,EVENTTYPES,OR
ADMN,General,PACKAGETYPES,OR
ADMN,General,VESSELS,OR
ADMN,General,WAREHOUSES,OR
ADMN,General,RATESTABLES,OR
ADMN,General,MASTERS,OR
ADMN,General,APINVOICES,OR
ADMN,General,GETTINGSTARTED,OR
ADMN,AdditionalService,NEW,OR
ADMN,General,EVENTS,OR
ADMN,General,DOCSIN,OR
ADMN,General,BUILDQUERIES,OR
ADMN,General,CUSTOMIZATION,OR
ADMN,General,PERSONALSETTINGS,OR
ADMN,General,SYSTEMSETTINGS,OR
ADMN,Commodity,Commodity.M.Commodities,OR
ADMN,State,READ,OR
ADMN,DocumentType,NEW,OR
ADMN,DocumentType,UPDATE,OR
ADMN,DocumentType,GENERAL,OR
ADMN,DocumentType,TEMPLATES,OR
ADMN,DocumentType,HTMLTEMPLATES,OR
ADMN,DocumentType,CUSTOMEFIELD,OR
ADMN,DocumentType,EVENTS,OR
ADMN,DocumentType,READ,OR
ADMN,TenantManagement,EVENTS,OR
ADMN,TenantManagement,UPDATE,OR
ADMN,Shipment,SENDAWB,OR
ADMN,Shipment,SENDRESPONSE,OR
ADMN,AnalyzeQueue,READ,OR
ADMN,AdditionalService,UPDATE,OR
ADMN,AnalyzeQueue,GENERAL,OR
ADMN,AnalyzeQueue,EVENTS,OR
ADMN,AnalyzeQueue,MESSAGEBODY,OR
ADMN,Shipment,CONSOLIDATION,OR
ADMN,Shipment,EXPECTEDDEPATURE,OR
ADMN,Shipment,ALLFOLLOWUPS,OR
ADMN,Shipment,MYFOLLOWUPS,OR
ADMN,Shipment,ALLSHIPMENTS,OR
ADMN,Shipment,CANCELLEDSHIPMENTS,OR
ADMN,Master,OPERATIONALOPEN,OR
ADMN,AdditionalService,ALLADDITIONALSERVICES,OR
ADMN,Master,ACCOUNTINGOPEN,OR
ADMN,Master,ALLMASTERS,OR
ADMN,Master,CANCELLEDMASTERS,OR
ADMN,Port,PORTS,OR
ADMN,Agent,AGENTS,OR
ADMN,CustomAgent,CUSTOMAGENT,OR
ADMN,ShippingAgent,SHIPPINGAGENT,OR
ADMN,Airline,AIRLINES,OR
ADMN,Trucker,TRUCKERS,OR
ADMN,Incoterm,INCOTERMS,OR
ADMN,Customs.CustomsDocument,GENERAL,OR
ADMN,AdditionalService,AdditionalService.Tab.General,OR
ADMN,PaymentTerm,PAYMENTTERMS,OR
ADMN,AdditionalService,AdditionalService.Tab.Events,OR
ADMN,General,ADDITIONALSERVICES,OR
ADMN,ExternalSystemsTablesCode,ALLEXTERNALSYSTEMSTABLESCODES,OR
ADMN,ExternalSystemsTablesCode,EXTERNALSYSTEMSTABLESCODES,OR
ADMN,ExternalSystemsTablesCode,READ,OR
ADMN,ExternalSystemsTablesCode,UPDATE,OR
ADMN,ARInvoice,TRANSFER,OR
ADMN,AccountingTransferHeader,EVENTS,OR
ADMN,ARInvoice,NOTREADYINVOICES,OR
ADMN,Customs.CustomsDocument,NEW,OR
ADMN,ARInvoice,MARKEDASBLOCKEDFORTRANSFER,OR
ADMN,Vendor,VENDORS,OR
ADMN,General,QUOTETMPLATES,OR
ADMN,Customer,ACCOUNTING_2,OR
ADMN,Customer,COMMITMENT,OR
ADMN,Customer,POTENTIAL,OR
ADMN,Customer,DOCSIN,OR
ADMN,Customer,DOCSOUT,OR
ADMN,Customer,MYCUSTOMRERSASACCMNGR,OR
ADMN,General,SOCIALGENERAL,OR
ADMN,Customs.CustomsDocument,UPDATE,OR
ADMN,Report,STATISTICSBYAIRLINE,OR
ADMN,Report,STATISTICSBYSHIPPINGLINES,OR
ADMN,Report,PROFITBYSHIPMENTSTATISTICS,OR
ADMN,APInvoice,DOCSOUT,OR
ADMN,APInvoice,DOCSIN,OR
ADMN,APInvoice,APPAYMENTS,OR
ADMN,QuoteTemplate,GENERAL,OR
ADMN,APInvoice,EVENTS,OR
ADMN,APInvoice,READ,OR
ADMN,APInvoice,CANCELAPPROVAL,OR
ADMN,APInvoice,VOID,OR
ADMN,APInvoice,APPROVE,OR
ADMN,APPayment,NEW,OR
ADMN,Report,APINVOICEINCLUDEVAT,OR
ADMN,Report,OCEANSHIPMENTREPORT,OR
ADMN,Report,STATEMENTBYINVOICEDATE,OR
ADMN,Report,STAGECHANGINGREPORT,OR
ADMN,Activity,Activity.Q.AllActivities,OR
ADMN,Opportunity,Opportunity.Q.AllOpportunities,OR
ADMN,Opportunity,Opportunity.OpenByStage,OR
ADMN,OpportunityStage,NEW,OR
ADMN,Customs.CustomsDocumentPointer,GENERAL,OR
ADMN,OpportunityStage,READ,OR
ADMN,OpportunityStage,UPDATE,OR
ADMN,Customer,CUSTOMERSALESMANBYPRODUCT,OR
ADMN,Customer,CUSTOMERACCOUNTMANAGERBYPRODUCT,OR
ADMN,Customer,CUSTOMERFORWARDERBYPRODUCT,OR
ADMN,Customer,CUSTOMERMEDIATORBYPRODUCT,OR
ADMN,Customer,CUSTOMERCUSTOMSAGENTBYPRODUCT,OR
ADMN,Customer,ACTIVATE,OR
ADMN,Customer,READYACTIVATION,OR
ADMN,Customer,INACTIVE,OR
ADMN,Currency,CURRENCIES,OR
ADMN,VatType,VATTYPES,OR
ADMN,PackageType,PACKAGETYPES,OR
ADMN,ChargesType,CHARGESTYPES,OR
ADMN,Country,COUNTRIES,OR
ADMN,GlobalZone,GLOBALZONES,OR
ADMN,Branch,BRANCHES,OR
ADMN,Department,DEPARTMENTS,OR
ADMN,Contact,CONTACTS,OR
ADMN,State,STATES,OR
ADMN,DocumentType,DOCUMENTTYPES,OR
ADMN,EventType,EVENTTYPES,OR
ADMN,Vessel,VESSELS,OR
ADMN,Warehouse,WAREHOUSES,OR
ADMN,ARInvoice,ALLINVOICES,OR
ADMN,ARInvoice,DRAFTINVOICES,OR
ADMN,ARInvoice,UNPAIDINVOICES,OR
ADMN,ARPayment,ALLPAYMENTS,OR
ADMN,ARPayment,OPENPAYMENTS,OR
ADMN,ARPayment,DRAFTPAYMENTS,OR
ADMN,Account,ALLACCOUNTS,OR
ADMN,APInvoice,ALLINVOICES,OR
ADMN,APInvoice,WAITAPPROVAL,OR
ADMN,APInvoice,UNPAIDINVOICES,OR
ADMN,APPayment,ALLPAYMENTS,OR
ADMN,APPayment,OPENPAYMENTS,OR
ADMN,APPayment,DRAFTPAYMENTS,OR
ADMN,CommunicationLog,ALLCOMMLOGS,OR
ADMN,TenantManagement,ALLTENANTMGS,OR
ADMN,AnalyzeQueue,ALLANALYZEQUS,OR
ADMN,CreditCardType,GENERAL,OR
ADMN,Shipment,SHIPMENTS,OR
ADMN,Shipment,MASTERS,OR
ADMN,Shipment,OPENRECEIVABLESSHIPMENTS,OR
ADMN,Shipment,OPENPAYABLESMASTERS,OR
ADMN,CommunicationLog,READ,OR
ADMN,CommunicationLog,GENERAL,OR
ADMN,CommunicationLog,EVENTS,OR
ADMN,CommunicationLog,RESEND,OR
ADMN,AdditionalService,READ,OR
ADMN,CommunicationLog,MESSAGES,OR
ADMN,Tenant,GENERAL,OR
ADMN,Tenant,EVENTS,OR
ADMN,TenantManagement,READ,OR
ADMN,TenantManagement,GENERAL,OR
ADMN,Shipment,SENDREQUEST,OR
ADMN,Master,ACCOUNTINGCLOSE,OR
ADMN,Master,OPERATIONALCLOSE,OR
ADMN,Master,OPERATIONALREOPEN,OR
ADMN,Activity,ReOpen,OR
ADMN,Master,REACTIVATE,OR
ADMN,Master,CANCEL,OR
ADMN,Master,UPDATE,OR
ADMN,Master,NEW,OR
ADMN,Master,ACCOUNTINGREOPEN,OR
ADMN,Master,OVERVIEW,OR
ADMN,Master,GENERAL,OR
ADMN,Master,BOOKING,OR
ADMN,Master,PARTNERS,OR
ADMN,Master,PACKAGES,OR
ADMN,Opportunity,Opportunity.Tab.General,OR
ADMN,Customs.CustomsPaymentTerm,READ,OR
ADMN,Master,ROUTINGS,OR
ADMN,Master,PAYABLES,OR
ADMN,Master,RECEIVABLES,OR
ADMN,Master,DOCSOUT,OR
ADMN,Master,DOCSIN,OR
ADMN,Master,EVENTS,OR
ADMN,Master,CONSOLIDATION,OR
ADMN,Master,READ,OR
ADMN,Master,COPY,OR
ADMN,Master,COMMUNICATIONS,OR
ADMN,General,COUNTERS,OR
ADMN,Master,SENDREQUEST,OR
ADMN,Port,NEW,OR
ADMN,Port,UPDATE,OR
ADMN,Port,GENERAL,OR
ADMN,Port,EVENTS,OR
ADMN,Port,READ,OR
ADMN,Customer,NEW,OR
ADMN,Customer,UPDATE,OR
ADMN,Customer,OVERVIEW,OR
ADMN,Customer,GENERAL,OR
ADMN,General,General.Features.CompanyAddress,OR
ADMN,Customer,BILLING,OR
ADMN,Customer,ADDRESSES,OR
ADMN,Customer,CONTACTS,OR
ADMN,Customer,EVENTS,OR
ADMN,Customer,READ,OR
ADMN,Agent,NEW,OR
ADMN,Agent,UPDATE,OR
ADMN,Agent,GENERAL,OR
ADMN,Agent,BILLING,OR
ADMN,Agent,ADDRESSES,OR
ADMN,General,General.Features.SystemDefaults,OR
ADMN,Agent,CONTACTS,OR
ADMN,Agent,EVENTS,OR
ADMN,Agent,READ,OR
ADMN,Vendor,NEW,OR
ADMN,Report,STATISTICSBYCUSTOMER,OR
ADMN,Report,STATEMENT,OR
ADMN,Report,INVOICEBYPARTNER,OR
ADMN,Report,QUOTESSTATISTICS,OR
ADMN,Report,ARINVOICEINCLUDEVAT,OR
ADMN,Report,AGEDACCOUNTSRECIEVABLES,OR
ADMN,Report,OPENFORMATREPORT,OR
ADMN,Customs.CustomsDocumentPointer,READ,OR
ADMN,Report,IATASTATISTICS,OR
ADMN,Report,ACCOUNTINGLEDGER,OR
ADMN,CustomAgent,GENERAL,OR
ADMN,CustomAgent,BILLING,OR
ADMN,CustomAgent,ADDRESSES,OR
ADMN,CustomAgent,CONTACTS,OR
ADMN,CustomAgent,EVENTS,OR
ADMN,CustomAgent,READ,OR
ADMN,ShippingAgent,NEW,OR
ADMN,General,General.Features.SystemCurrencies,OR
ADMN,ShippingAgent,GENERAL,OR
ADMN,ShippingAgent,BILLING,OR
ADMN,ShippingAgent,ADDRESSES,OR
ADMN,ShippingAgent,CONTACTS,OR
ADMN,ShippingAgent,EVENTS,OR
ADMN,ShippingAgent,UPDATE,OR
ADMN,ShippingAgent,READ,OR
ADMN,Airline,NEW,OR
ADMN,Airline,UPDATE,OR
ADMN,Airline,GENERAL,OR
ADMN,Airline,BILLING,OR
ADMN,Airline,STACK,OR
ADMN,Airline,ADDRESSES,OR
ADMN,Airline,CONTACTS,OR
ADMN,Airline,SURCHARGETARRIF,OR
ADMN,Airline,EVENTS,OR
ADMN,Airline,READ,OR
ADMN,ShippingLine,NEW,OR
ADMN,ShippingLine,UPDATE,OR
ADMN,ShippingLine,GENERAL,OR
ADMN,General,General.Features.InvoiceSettings,OR
ADMN,ShippingLine,BILLING,OR
ADMN,ShippingLine,ADDRESSES,OR
ADMN,ShippingLine,CONTACTS,OR
ADMN,ShippingLine,EVENTS,OR
ADMN,ShippingLine,READ,OR
ADMN,Trucker,NEW,OR
ADMN,Trucker,UPDATE,OR
ADMN,Trucker,GENERAL,OR
ADMN,Trucker,BILLING,OR
ADMN,Trucker,ADDRESSES,OR
ADMN,General,General.Features.Signature,OR
ADMN,Trucker,CONTACTS,OR
ADMN,Trucker,EVENTS,OR
ADMN,Trucker,READ,OR
ADMN,Incoterm,NEW,OR
ADMN,Incoterm,UPDATE,OR
ADMN,Incoterm,GENERAL,OR
ADMN,Incoterm,EVENTS,OR
ADMN,Incoterm,READ,OR
ADMN,PaymentTerm,NEW,OR
ADMN,PaymentTerm,UPDATE,OR
ADMN,General,General.Features.ChangePassword,OR
ADMN,PaymentTerm,GENERAL,OR
ADMN,PaymentTerm,EVENTS,OR
ADMN,PaymentTerm,READ,OR
ADMN,Shipment,AIRLINESUPDATES,OR
ADMN,General,CREDITCARDTYPES,OR
ADMN,CreditCardType,ALLCREDITCARDS,OR
ADMN,CreditCardType,NEW,OR
ADMN,CreditCardType,UPDATE,OR
ADMN,CreditCardType,READ,OR
ADMN,AccountingTransferHeader,NEW,OR
ADMN,AccountingTransferHeader,UPDATE,OR
ADMN,Shipment,ALLTRANSPORTMODES,OR
ADMN,Shipment,COMMUNICATIONS,OR
ADMN,ProductType,ALLPRODUCTTYPES,OR
ADMN,ProductType,ProductType.Tab.General,OR
ADMN,ProductType,ProductType.Tab.Events,OR
ADMN,General,PRODUCTTYPES,OR
ADMN,BusinessUnit,NEW,OR
ADMN,Customs.CustomsDocumentPointer,UPDATE,OR
ADMN,BusinessUnit,READ,OR
ADMN,BusinessUnit,UPDATE,OR
ADMN,BusinessUnit,BusinessUnit.Q.AllQuery,OR
ADMN,BusinessUnit,BusinessUnit.Tab.General,OR
ADMN,BusinessUnit,BusinessUnit.M.BusinessUnits,OR
ADMN,Shipment,IMPORTSHIPMETNS,OR
ADMN,Shipment,READ,OR
ADMN,Quote,READ,OR
ADMN,Quote,UPDATE,OR
ADMN,Quote,NEW,OR
ADMN,Customs.DeclarationConstraint,READ,OR
ADMN,Quote,SETASSENT,OR
ADMN,Quote,COPY,OR
ADMN,Quote,CANCEL,OR
ADMN,Quote,REACTIVATE,OR
ADMN,Quote,RETURNTODRAFT,OR
ADMN,Quote,BUILDSHIPMENT,OR
ADMN,Quote,QUOTEQUOTATION,OR
ADMN,Quote,QUOTEACCEPTED,OR
ADMN,Quote,QUOTEDECLINED,OR
ADMN,Quote,PARTNERS,OR
ADMN,Customs.DeclarationConstraint,GENERAL,OR
ADMN,Quote,CHARGES,OR
ADMN,Quote,DOCSOUT,OR
ADMN,Quote,DOCSIN,OR
ADMN,Quote,EVENTS,OR
ADMN,Quote,COMMUNICATION,OR
ADMN,Quote,ROUTINGS,OR
ADMN,Quote,PACKAGES,OR
ADMN,Quote,CANCELLEDQUOTES,OR
ADMN,Quote,ALLQUOTES,OR
ADMN,Quote,EXPIREDQUOTES,OR
ADMN,Customs.DeclarationConstraint,NEW,OR
ADMN,Quote,ACCEPTEDWITHOUTSHIPMENTS,OR
ADMN,Quote,QUTALLFOLLOWUPS,OR
ADMN,Quote,QUTMYFOLLOWUPS,OR
ADMN,Quote,MYQUOTES,OR
ADMN,Quote,DRAFTQUOTES,OR
ADMN,Quote,SENTQUOTES,OR
ADMN,Quote,ACCEPTEDQUOTES,OR
ADMN,ARInvoice,ERRORINTRANSFERINVOICES,OR
ADMN,Shipment,CUSTOMSFILE,OR
ADMN,Shipment,FREIGHTFILES,OR
ADMN,Customs.DeclarationConstraint,UPDATE,OR
ADMN,CommunicationLog,MESSAGEBODY,OR
ADMN,Customer,MYCUSTOMER,OR
ADMN,Customer,NOTMYCUSTOMER,OR
ADMN,Customer,SALES,OR
ADMN,Vendor,UPDATE,OR
ADMN,Vendor,GENERAL,OR
ADMN,Vendor,BILLING,OR
ADMN,Vendor,ADDRESSES,OR
ADMN,Vendor,CONTACTS,OR
ADMN,Vendor,EVENTS,OR
ADMN,General,General.Features.CompanyLogo,OR
ADMN,Vendor,READ,OR
ADMN,CustomAgent,NEW,OR
ADMN,CustomAgent,UPDATE,OR
ADMN,Shipment,OPERATIONALCLOSE,OR
ADMN,Shipment,OPERATIONALREOPEN,OR
ADMN,Shipment,REACTIVATE,OR
ADMN,Shipment,CANCEL,OR
ADMN,Shipment,UPDATE,OR
ADMN,Shipment,NEW,OR
ADMN,Shipment,ACCOUNTINGREOPEN,OR
ADMN,Customs.ConstraintStatus,READ,OR
ADMN,Shipment,OVERVIEW,OR
ADMN,Shipment,GENERAL,OR
ADMN,Shipment,ORDERS,OR
ADMN,Shipment,PARTNERS,OR
ADMN,Shipment,PACKAGES,OR
ADMN,Shipment,ROUTINGS,OR
ADMN,Shipment,PAYABLES,OR
ADMN,Shipment,RECEIVABLES,OR
ADMN,Shipment,EVENTS,OR
ADMN,Shipment,MASTER,OR
ADMN,Customs.Declaration,CUSTOMSANSWERS,OR
ADMN,Shipment,CONVERTHOUSETODIRECT,OR
ADMN,Shipment,CONVERTDIRECTTOHOUSE,OR
ADMN,Shipment,COPY,OR
ADMN,Shipment,AIREXPORTONLY,OR
ADMN,Currency,EVENTS,OR
ADMN,Currency,READ,OR
ADMN,VatType,NEW,OR
ADMN,VatType,UPDATE,OR
ADMN,Customer,AWBSTOCK,OR
ADMN,Commodity,NEW,OR
ADMN,VatType,GENERAL,OR
ADMN,VatType,PERCENTAGES,OR
ADMN,VatType,EVENTS,OR
ADMN,VatType,READ,OR
ADMN,PackageType,NEW,OR
ADMN,PackageType,UPDATE,OR
ADMN,PackageType,GENERAL,OR
ADMN,PackageType,EVENTS,OR
ADMN,PackageType,READ,OR
ADMN,ChargesType,NEW,OR
ADMN,Commodity,READ,OR
ADMN,ChargesType,UPDATE,OR
ADMN,ChargesType,GENERAL,OR
ADMN,ChargesType,EVENTS,OR
ADMN,ChargesType,READ,OR
ADMN,Country,NEW,OR
ADMN,Country,UPDATE,OR
ADMN,Country,GENERAL,OR
ADMN,Country,EVENTS,OR
ADMN,Country,READ,OR
ADMN,GlobalZone,NEW,OR
ADMN,Commodity,UPDATE,OR
ADMN,GlobalZone,UPDATE,OR
ADMN,GlobalZone,GENERAL,OR
ADMN,GlobalZone,EVENTS,OR
ADMN,Currency,NEW,OR
ADMN,Currency,UPDATE,OR
ADMN,Currency,GENERAL,OR
ADMN,General,SOCIAL,OR
ADMN,Customs.CustomsDocumentPointer,NEW,OR
ADMN,Customer,REACTIVATE,OR
ADMN,Contact,ACTIVEPRODUCTTYPES,OR
ADMN,ProductType,NEW,OR
ADMN,ProductType,READ,OR
ADMN,ProductType,UPDATE,OR
ADMN,Customs.Claim,CANCELCLOSECLAIM,OR
ADMN,Customs.Declaration,CERTIFICATE,OR
ADMN,Customs.CouriersVat,READ,OR
ADMN,Customs.CouriersVat,UPDATE,OR
ADMN,Customs.CouriersVat,NEW,OR
ADMN,Customs.CouriersVat,CouriersVat.Tab.Event,OR
ADMN,Customs.CouriersVat,CouriersVat.Tab.General,OR
ADMN,Customs.CouriersVat,CouriersVat.Q.AllCouriersVats,OR
ADMN,General,CouriersVatMTC,OR
ADMN,General,General.Features.LocalSettings,OR
ADMN,GlobalZone,READ,OR
ADMN,Branch,NEW,OR
ADMN,Branch,UPDATE,OR
ADMN,Branch,GENERAL,OR
ADMN,Branch,EVENTS,OR
ADMN,Branch,READ,OR
ADMN,Department,NEW,OR
ADMN,Commodity,Commodity.Q.AllQuery,OR
ADMN,Department,UPDATE,OR
ADMN,Department,GENERAL,OR
ADMN,Department,EVENTS,OR
ADMN,Department,READ,OR
ADMN,Contact,NEW,OR
ADMN,Contact,UPDATE,OR
ADMN,Contact,GENERAL,OR
ADMN,Contact,EVENTS,OR
ADMN,Contact,READ,OR
ADMN,User,NEW,OR
ADMN,Commodity,Commodity.Tab.General,OR
ADMN,User,UPDATE,OR
ADMN,User,GENERAL,OR
ADMN,General,NOTIFICATIONBELL,OR
ADMN,Customs.Declaration,NOTIFICATIONS,OR
ADMN,Customs.Declaration,ACTIONS,OR
ADMN,Customs.Declaration,STATUSREQUEST,OR
ADMN,Customs.Declaration,RESETDECLARATIONNUMBER,OR
ADMN,Customs.Declaration,DECLARATIONRESTORE,OR
ADMN,Customs.Declaration,COPY,OR
ADMN,Customs.Declaration,CORRECTIONS,OR
ADMN,Customs.Client,SAVENEWDIRECT,OR
ADMN,Customs.Declaration,SPLIT,OR
ADMN,ApiCredintials,READ,OR
ADMN,ApiCredintials,UPDATE,OR
ADMN,ApiCredintials,NEW,OR
ADMN,ApiCredintials,ApiCredintialsQ,OR
ADMN,General,ApiCredintials,OR
ADMN,Customs.Declaration,MOREFIELDS,OR
ADMN,Customs.Declaration,LOADVEHICLESFROMUNI,OR
ADMN,Customer,STATISTICS,OR
ADMN,Customer,Customer.Feature.ReadyCustomers,OR
ADMN,PaymentTerm,ACCOUNTING,OR
ADMN,Shipment,DOCSOUT,OR
ADMN,Shipment,DOCSIN,OR
ADMN,General,General.Features.CustomerActivation,OR
ADMN,Customs.ConstraintType,READ,OR
ADMN,RatesTable,RATESTABLE,OR
ADMN,General,USERS,OR
ADMN,Shipment,ACCOUNTINGCLOSE,OR
ADMN,Customs.Declaration,DOCUMENTSPANEL,OR
ADMN,Customs.CustomsSetting,GENERAL,OR
ADMN,Customs.CustomsSetting,EVENTS,OR
ADMN,Customs.CustomsSetting,CUSTOMSETTING,OR
ADMN,Customs.Declaration,PRINTTAZRUFA,OR
ADMN,Customs.Declaration,DECLARATIONSPECIALACTION,OR
ADMN,General,CUSTOMSIGN,OR
ADMN,Customs.Declaration,ACCUMULATION,OR
ADMN,Customer,NEWCUSTOMER,OR
ADMN,General,EXPORTEXCEL,OR
ADMN,Customs.Claim,SENDCLAIM,OR
ADMN,Customs.PaymentOrder,PRINTDEFICIT,OR
ADMN,Customs.Claim,Claim.Tab.ImporterDeclarationBC,OR
ADMN,Customs.Declaration,TRANSFERTOCOLLECTOR,OR
ADMN,Customs.Vehicle,SENDVEHICLE,OR
ADMN,Customs.Vehicle,DELETEVEHICLE,OR
ADMN,DocumentsFiling,READ,OR
ADMN,DocumentsFiling,UPDATE,OR
ADMN,DocumentsFiling,NEW,OR
ADMN,DocumentsFiling,GENERAL,OR
ADMN,DocumentsFiling,DOCUMENTSFILING,OR
ADMN,Customs.CustomsRequiredField,CSTMREQFIELDMTC,OR
ADMN,Customs.Claim,Claim.Tab.RefundDetails,OR
ADMN,Customs.Claim,Claim.Tab.DocsIn,OR
ADMN,Customs.Claim,Claim.Tab.CustomDocuments,OR
ADMN,Customs.Claim,Claim.Q.OpenClaimFiles,OR
ADMN,Customs.Claim,Claim.Q.AllClaimFiles,OR
ADMN,Customs.CustomsCollateral,CLOSEDCOLLATERALS,OR
ADMN,Customs.Claim,Claim.Tab.????,OR
ADMN,Customs.Claim,Claim.Tab.???????????,OR
ADMN,Customs.Claim,Claim.Tab.???????,OR
ADMN,Customs.Claim,Claim.Tab.???????????,OR
ADMN,Customs.Claim,Claim.Tab.ImporterDeclarationB+C,OR
ADMN,Customs.GovernmentProcedureType,READ,OR
ADMN,Customs.Declaration,VEHICLEMODIFICATION,OR
ADMN,Customs.Vehicle,REQUESTSHEET,OR
ADMN,Customs.GovernmentProcedureType,UPDATE,OR
ADMN,Customs.GovernmentProcedureType,NEW,OR
ADMN,Customs.GovernmentProcedureType,GENERAL,OR
ADMN,Customs.GovernmentProcedureType,EVENTS,OR
ADMN,Customs.GovernmentProcedureType,GOVERNMENTPROCEDURETYPE,OR
ADMN,User,User.Feature.CustomRoles,OR
ADMN,Customs.Declaration,PRINTRELEASE,OR
ADMN,Customs.Claim,READ,OR
ADMN,Customs.Claim,UPDATE,OR
ADMN,Customs.Claim,NEW,OR
ADMN,Customs.Declaration,FORMS,OR
ADMN,Customs.Claim,Claim.Tab.General,OR
ADMN,Customs.Claim,Claim.Tab.Events,OR
ADMN,Customs.Claim,Claim.Tab.RequestSheet,OR
ADMN,General,TICKETCLASSIFICATION,OR
ADMN,Customs.Claim,Claim.Tab.ImporterDeclarationA,OR
ADMN,Customs.Claim,CLAIMACTIONS,OR
ADMN,Customs.Claim,CLOSECLAIM,OR
FRL1,Distributor,Distributor.Tab.Events,OR
FRL1,Distributor,Distributor.Q.AllDistributors,OR
FRL1,ARInvoice,OPENCONSTUTUENT,OR
FRL1,CommunicationLog,STEPS,OR
FRL1,Customer,MAINCUSTOMERS,OR
FRL1,Customs.Declaration,DECLARATIONPYORDER,OR
FRL1,Customs.Declaration,DECLARATIONPHCHECK,OR
FRL1,Customs.Declaration,DECLARATIONSHEET,OR
FRL1,Report,EXPECTEDINCOMEREPORT,OR
FRL1,User,DISTRIBUTOR,OR
FRL1,TenantManagement,SYSDISENABLED,OR
FRL1,TenantManagement,AWB.MESSAGING.STOCK,OR
FRL1,General,EXCHANGERATE,OR
FRL1,General,INTERFACEMANAGEMENT,OR
FRL1,General,ITEM,OR
FRL1,General,NOTIFICATIONDEFINITION,OR
FRL1,Customs.CustomsSetting,READ,OR
FRL1,Customs.CustomsSetting,UPDATE,OR
FRL1,Customs.Declaration,TAPAGS,OR
FRL1,Customs.PaymentOrder,DEFICIT,OR
FRL1,Customs.PaymentOrder,DEPOSIT,OR
FRL1,General,CUSTOMSETTING,OR
FRL1,Customs.CustomsHouseType,READ,OR
FRL1,Customs.CustomsHouseType,UPDATE,OR
FRL1,Customs.CustomsHouseTypeAdditional,READ,OR
FRL1,Customs.CustomsHouseTypeAdditional,UPDATE,OR
FRL1,Customs.CustomsHouseType,EVENTS,OR
FRL1,Customs.CustomsHouseType,GENERAL,OR
FRL1,Customs.CustomsHouseType,CUSTOMSHOUSETYPE,OR
FRL1,Customs.CustomsHouseTypeAdditional,EVENTS,OR
FRL1,Customs.CustomsHouseTypeAdditional,GENERAL,OR
FRL1,Customs.CustomsHouseTypeAdditional,HOUSETYPEADDITIONAL,OR
FRL1,General,CUSTOMSCOLLATERAL,OR
FRL1,General,HOUSETYPEADDITIONAL,OR
FRL1,General,PROCEDURALFAULTS,OR
FRL1,General,VEHICLE,OR
FRL1,Customs.CustomsCollateral,READ,OR
FRL1,Customs.CustomsCollateral,NEW,OR
FRL1,Customs.CustomsCollateral,UPDATE,OR
FRL1,Customs.CustomsCollateral,GENERAL,OR
FRL1,Customs.CustomsCollateral,ALLCOLLATERALS,OR
FRL1,Customs.CustomsCollateral,OPENCOLLATERALS,OR
FRL1,Customs.CustomsVendor,REQUESTSHEETS,OR
FRL1,Customs.CustomsVendor,ACTIVEVENDORS,OR
FRL1,Customs.CustomsVendor,ALLVENDORS,OR
FRL1,Customs.Declaration,DECLARATIONPAYMENT,OR
FRL1,Customs.PaymentOrder,CLOSEPAYMENTORDER,OR
FRL1,Customs.PaymentOrder,MOREPAYMENTORDER,OR
FRL1,Customs.PaymentOrder,UNCLOSEPAYMENTORDER,OR
FRL1,Customs.PaymentOrder,REQUESTSHEET,OR
FRL1,Customs.PaymentOrder,CLOSEDPAYMENTORDERS,OR
FRL1,Customs.PaymentOrder,OPENPAYMENTORDERS,OR
FRL1,Customs.PhysicalCheck,REQUESTSHEET,OR
FRL1,Customs.ProceduralFault,READ,OR
FRL1,Customs.ProceduralFault,PROCEDURALFAULT,OR
FRL1,Customs.Vehicle,READ,OR
FRL1,Customs.Vehicle,NEW,OR
FRL1,Customs.Vehicle,UPDATE,OR
FRL1,Customs.Vehicle,COMMUNICATIONS,OR
FRL1,Report,APINVOICEINCLUDEVAT,OR
FRL1,Report,OCEANSHIPMENTREPORT,OR
FRL1,Report,STATEMENTBYINVOICEDATE,OR
FRL1,Report,STAGECHANGINGREPORT,OR
FRL1,Activity,Activity.Q.AllActivities,OR
FRL1,Opportunity,Opportunity.Q.AllOpportunities,OR
FRL1,Opportunity,Opportunity.OpenByStage,OR
FRL1,OpportunityStage,NEW,OR
FRL1,Customs.CustomsDocumentPointer,GENERAL,OR
FRL1,OpportunityStage,READ,OR
FRL1,OpportunityStage,UPDATE,OR
FRL1,Customer,CUSTOMERSALESMANBYPRODUCT,OR
FRL1,Customer,CUSTOMERACCOUNTMANAGERBYPRODUCT,OR
FRL1,Customer,CUSTOMERFORWARDERBYPRODUCT,OR
FRL1,Customer,CUSTOMERMEDIATORBYPRODUCT,OR
FRL1,Customer,CUSTOMERCUSTOMSAGENTBYPRODUCT,OR
FRL1,Customer,ACTIVATE,OR
FRL1,Customer,READYACTIVATION,OR
FRL1,Customer,INACTIVE,OR
FRL1,Currency,CURRENCIES,OR
FRL1,VatType,VATTYPES,OR
FRL1,PackageType,PACKAGETYPES,OR
FRL1,ChargesType,CHARGESTYPES,OR
FRL1,Country,COUNTRIES,OR
FRL1,GlobalZone,GLOBALZONES,OR
FRL1,Branch,BRANCHES,OR
FRL1,Department,DEPARTMENTS,OR
FRL1,Shipment,CANCELLEDSHIPMENTS,OR
FRL1,Customer,NEWCUSTOMER,OR
FRL1,Customs.Notification,REQUESTSHEET,OR
FRL1,Customs.PaymentOrder,PRINTPAYMENTORDER,OR
FRL1,AccountingTransferHeader,READ,OR
FRL1,AccountingTransferHeader,DETAILS,OR
FRL1,General,ACCOUNTINGTRANSFER,OR
FRL1,ErrorLog,READ,OR
FRL1,ErrorLog,GENERAL,OR
FRL1,ErrorLog,EVENTS,OR
FRL1,Customs.Declaration,READ,OR
FRL1,Customs.Declaration,GENERAL,OR
FRL1,Customs.Declaration,EVENTS,OR
FRL1,Customs.Declaration,DECLARATION,OR
FRL1,Customs.Declaration,NEW,OR
FRL1,Customs.Declaration,UPDATE,OR
FRL1,Customs.CustomsVendor,READ,OR
FRL1,Customs.CustomsVendor,GENERAL,OR
FRL1,Customs.CustomsVendor,EVENTS,OR
FRL1,Customs.CustomsVendor,NEW,OR
FRL1,Customs.CustomsVendor,UPDATE,OR
FRL1,Customs.Declaration,INVOICES,OR
FRL1,Distributor,READ,OR
FRL1,Distributor,UPDATE,OR
FRL1,Distributor,NEW,OR
FRL1,Distributor,Distributor.Tab.General,OR
FRL1,Distributor,Distributor.Tab.Tenants,OR
FRL1,Shipment,SENDREQUEST,OR
FRL1,Master,ACCOUNTINGCLOSE,OR
FRL1,Master,OPERATIONALCLOSE,OR
FRL1,Master,OPERATIONALREOPEN,OR
FRL1,Activity,ReOpen,OR
FRL1,Master,REACTIVATE,OR
FRL1,Master,CANCEL,OR
FRL1,Master,UPDATE,OR
FRL1,Master,NEW,OR
FRL1,Master,ACCOUNTINGREOPEN,OR
FRL1,Master,OVERVIEW,OR
FRL1,Master,GENERAL,OR
FRL1,Master,BOOKING,OR
FRL1,Master,PARTNERS,OR
FRL1,Master,PACKAGES,OR
FRL1,Opportunity,Opportunity.Tab.General,OR
FRL1,Customs.CustomsPaymentTerm,READ,OR
FRL1,Master,ROUTINGS,OR
FRL1,Master,PAYABLES,OR
FRL1,Master,RECEIVABLES,OR
FRL1,Master,DOCSOUT,OR
FRL1,Master,DOCSIN,OR
FRL1,Master,EVENTS,OR
FRL1,Master,CONSOLIDATION,OR
FRL1,Master,READ,OR
FRL1,Master,COPY,OR
FRL1,Master,COMMUNICATIONS,OR
FRL1,General,COUNTERS,OR
FRL1,Master,SENDREQUEST,OR
FRL1,Port,NEW,OR
FRL1,Port,UPDATE,OR
FRL1,Port,GENERAL,OR
FRL1,Port,EVENTS,OR
FRL1,Port,READ,OR
FRL1,Customer,NEW,OR
FRL1,Customer,UPDATE,OR
FRL1,Customer,OVERVIEW,OR
FRL1,Customer,GENERAL,OR
FRL1,General,General.Features.CompanyAddress,OR
FRL1,Customer,BILLING,OR
FRL1,Customer,ADDRESSES,OR
FRL1,Customer,CONTACTS,OR
FRL1,Customer,EVENTS,OR
FRL1,Customer,READ,OR
FRL1,Agent,NEW,OR
FRL1,Agent,UPDATE,OR
FRL1,Agent,GENERAL,OR
FRL1,Agent,BILLING,OR
FRL1,Agent,ADDRESSES,OR
FRL1,General,General.Features.SystemDefaults,OR
FRL1,Agent,CONTACTS,OR
FRL1,Agent,EVENTS,OR
FRL1,Agent,READ,OR
FRL1,Report,PROFITBYSHIPMENTSTATISTICS,OR
FRL1,Report,STATISTICSBYCUSTOMER,OR
FRL1,Report,STATEMENT,OR
FRL1,Report,INVOICEBYPARTNER,OR
FRL1,Report,QUOTESSTATISTICS,OR
FRL1,Report,ARINVOICEINCLUDEVAT,OR
FRL1,Report,AGEDACCOUNTSRECIEVABLES,OR
FRL1,Report,OPENFORMATREPORT,OR
FRL1,Customs.CustomsDocumentPointer,READ,OR
FRL1,Report,IATASTATISTICS,OR
FRL1,Report,ACCOUNTINGLEDGER,OR
FRL1,CustomAgent,GENERAL,OR
FRL1,CustomAgent,BILLING,OR
FRL1,CustomAgent,ADDRESSES,OR
FRL1,CustomAgent,CONTACTS,OR
FRL1,CustomAgent,EVENTS,OR
FRL1,CustomAgent,READ,OR
FRL1,ShippingAgent,NEW,OR
FRL1,General,General.Features.SystemCurrencies,OR
FRL1,ShippingAgent,GENERAL,OR
FRL1,ShippingAgent,BILLING,OR
FRL1,ShippingAgent,ADDRESSES,OR
FRL1,ShippingAgent,CONTACTS,OR
FRL1,ShippingAgent,EVENTS,OR
FRL1,ShippingAgent,UPDATE,OR
FRL1,ShippingAgent,READ,OR
FRL1,Airline,NEW,OR
FRL1,Airline,UPDATE,OR
FRL1,Airline,GENERAL,OR
FRL1,Airline,BILLING,OR
FRL1,Airline,STACK,OR
FRL1,Airline,ADDRESSES,OR
FRL1,Airline,CONTACTS,OR
FRL1,Airline,SURCHARGETARRIF,OR
FRL1,Airline,EVENTS,OR
FRL1,Airline,READ,OR
FRL1,ShippingLine,NEW,OR
FRL1,ShippingLine,UPDATE,OR
FRL1,ShippingLine,GENERAL,OR
FRL1,General,General.Features.InvoiceSettings,OR
FRL1,ShippingLine,BILLING,OR
FRL1,ShippingLine,ADDRESSES,OR
FRL1,ShippingLine,CONTACTS,OR
FRL1,ShippingLine,EVENTS,OR
FRL1,ShippingLine,READ,OR
FRL1,Trucker,NEW,OR
FRL1,Trucker,UPDATE,OR
FRL1,Trucker,GENERAL,OR
FRL1,Trucker,BILLING,OR
FRL1,Trucker,ADDRESSES,OR
FRL1,General,General.Features.Signature,OR
FRL1,Trucker,CONTACTS,OR
FRL1,Trucker,EVENTS,OR
FRL1,Trucker,READ,OR
FRL1,Incoterm,NEW,OR
FRL1,Incoterm,UPDATE,OR
FRL1,Incoterm,GENERAL,OR
FRL1,Incoterm,EVENTS,OR
FRL1,Incoterm,READ,OR
FRL1,PaymentTerm,NEW,OR
FRL1,PaymentTerm,UPDATE,OR
FRL1,General,General.Features.ChangePassword,OR
FRL1,PaymentTerm,GENERAL,OR
FRL1,PaymentTerm,EVENTS,OR
FRL1,Shipment,OPENPAYABLESMASTERS,OR
FRL1,Shipment,AIRLINESUPDATES,OR
FRL1,General,CREDITCARDTYPES,OR
FRL1,CreditCardType,ALLCREDITCARDS,OR
FRL1,CreditCardType,NEW,OR
FRL1,CreditCardType,UPDATE,OR
FRL1,CreditCardType,READ,OR
FRL1,AccountingTransferHeader,NEW,OR
FRL1,AccountingTransferHeader,UPDATE,OR
FRL1,Shipment,ALLTRANSPORTMODES,OR
FRL1,Shipment,COMMUNICATIONS,OR
FRL1,ARInvoice,ALLINVOICES,OR
FRL1,ARInvoice,DRAFTINVOICES,OR
FRL1,ARInvoice,UNPAIDINVOICES,OR
FRL1,ARPayment,ALLPAYMENTS,OR
FRL1,ARPayment,OPENPAYMENTS,OR
FRL1,ARPayment,DRAFTPAYMENTS,OR
FRL1,Account,ALLACCOUNTS,OR
FRL1,APInvoice,ALLINVOICES,OR
FRL1,APInvoice,WAITAPPROVAL,OR
FRL1,APInvoice,UNPAIDINVOICES,OR
FRL1,APPayment,ALLPAYMENTS,OR
FRL1,APPayment,OPENPAYMENTS,OR
FRL1,APPayment,DRAFTPAYMENTS,OR
FRL1,CommunicationLog,ALLCOMMLOGS,OR
FRL1,TenantManagement,ALLTENANTMGS,OR
FRL1,AnalyzeQueue,ALLANALYZEQUS,OR
FRL1,CreditCardType,GENERAL,OR
FRL1,Shipment,SHIPMENTS,OR
FRL1,Shipment,MASTERS,OR
FRL1,Shipment,OPENRECEIVABLESSHIPMENTS,OR
FRL1,General,SYSTEMSETTINGS,OR
FRL1,CommunicationLog,READ,OR
FRL1,CommunicationLog,GENERAL,OR
FRL1,CommunicationLog,EVENTS,OR
FRL1,CommunicationLog,RESEND,OR
FRL1,AdditionalService,READ,OR
FRL1,CommunicationLog,MESSAGES,OR
FRL1,Tenant,GENERAL,OR
FRL1,Tenant,EVENTS,OR
FRL1,TenantManagement,READ,OR
FRL1,TenantManagement,GENERAL,OR
FRL1,TenantManagement,EVENTS,OR
FRL1,TenantManagement,UPDATE,OR
FRL1,Shipment,SENDAWB,OR
FRL1,Shipment,SENDRESPONSE,OR
FRL1,AnalyzeQueue,READ,OR
FRL1,AdditionalService,UPDATE,OR
FRL1,AnalyzeQueue,GENERAL,OR
FRL1,AnalyzeQueue,EVENTS,OR
FRL1,AnalyzeQueue,MESSAGEBODY,OR
FRL1,Shipment,CONSOLIDATION,OR
FRL1,Shipment,EXPECTEDDEPATURE,OR
FRL1,Shipment,ALLFOLLOWUPS,OR
FRL1,Shipment,MYFOLLOWUPS,OR
FRL1,Shipment,ALLSHIPMENTS,OR
FRL1,Quote,ACCEPTEDQUOTES,OR
FRL1,ARInvoice,ERRORINTRANSFERINVOICES,OR
FRL1,Shipment,CUSTOMSFILE,OR
FRL1,Shipment,FREIGHTFILES,OR
FRL1,Customs.DeclarationConstraint,UPDATE,OR
FRL1,CommunicationLog,MESSAGEBODY,OR
FRL1,Customer,MYCUSTOMER,OR
FRL1,Customer,NOTMYCUSTOMER,OR
FRL1,Vendor,NEW,OR
FRL1,Vendor,UPDATE,OR
FRL1,Vendor,GENERAL,OR
FRL1,Vendor,BILLING,OR
FRL1,Vendor,ADDRESSES,OR
FRL1,Vendor,CONTACTS,OR
FRL1,Vendor,EVENTS,OR
FRL1,General,General.Features.CompanyLogo,OR
FRL1,Vendor,READ,OR
FRL1,CustomAgent,NEW,OR
FRL1,CustomAgent,UPDATE,OR
FRL1,Currency,UPDATE,OR
FRL1,Currency,GENERAL,OR
FRL1,General,SOCIAL,OR
FRL1,Customs.CustomsDocumentPointer,NEW,OR
FRL1,Customer,REACTIVATE,OR
FRL1,Contact,ACTIVEPRODUCTTYPES,OR
FRL1,ProductType,NEW,OR
FRL1,ProductType,READ,OR
FRL1,ProductType,UPDATE,OR
FRL1,ProductType,ALLPRODUCTTYPES,OR
FRL1,ProductType,ProductType.Tab.General,OR
FRL1,ProductType,ProductType.Tab.Events,OR
FRL1,General,PRODUCTTYPES,OR
FRL1,BusinessUnit,NEW,OR
FRL1,Customs.CustomsDocumentPointer,UPDATE,OR
FRL1,BusinessUnit,READ,OR
FRL1,BusinessUnit,UPDATE,OR
FRL1,BusinessUnit,BusinessUnit.Q.AllQuery,OR
FRL1,BusinessUnit,BusinessUnit.Tab.General,OR
FRL1,BusinessUnit,BusinessUnit.M.BusinessUnits,OR
FRL1,Shipment,IMPORTSHIPMETNS,OR
FRL1,Shipment,READ,OR
FRL1,Quote,READ,OR
FRL1,Quote,UPDATE,OR
FRL1,Quote,NEW,OR
FRL1,Customs.DeclarationConstraint,READ,OR
FRL1,Quote,SETASSENT,OR
FRL1,Quote,COPY,OR
FRL1,Quote,CANCEL,OR
FRL1,Quote,REACTIVATE,OR
FRL1,Quote,RETURNTODRAFT,OR
FRL1,Quote,BUILDSHIPMENT,OR
FRL1,Quote,QUOTEQUOTATION,OR
FRL1,Quote,QUOTEACCEPTED,OR
FRL1,Quote,QUOTEDECLINED,OR
FRL1,Quote,PARTNERS,OR
FRL1,Customs.DeclarationConstraint,GENERAL,OR
FRL1,Quote,CHARGES,OR
FRL1,Quote,DOCSOUT,OR
FRL1,Quote,DOCSIN,OR
FRL1,Quote,EVENTS,OR
FRL1,Quote,SENTQUOTES,OR
FRL1,Contact,CONTACTS,OR
FRL1,State,STATES,OR
FRL1,DocumentType,DOCUMENTTYPES,OR
FRL1,EventType,EVENTTYPES,OR
FRL1,Vessel,VESSELS,OR
FRL1,Warehouse,WAREHOUSES,OR
FRL1,Customer,Customer.Feature.ReadyCustomers,OR
FRL1,PaymentTerm,ACCOUNTING,OR
FRL1,Shipment,DOCSOUT,OR
FRL1,Shipment,DOCSIN,OR
FRL1,General,General.Features.CustomerActivation,OR
FRL1,Customs.ConstraintType,READ,OR
FRL1,RatesTable,RATESTABLE,OR
FRL1,General,USERS,OR
FRL1,Shipment,ACCOUNTINGCLOSE,OR
FRL1,Shipment,OPERATIONALCLOSE,OR
FRL1,Shipment,OPERATIONALREOPEN,OR
FRL1,Shipment,REACTIVATE,OR
FRL1,Shipment,CANCEL,OR
FRL1,Shipment,UPDATE,OR
FRL1,Shipment,NEW,OR
FRL1,Shipment,ACCOUNTINGREOPEN,OR
FRL1,Customs.ConstraintStatus,READ,OR
FRL1,Shipment,OVERVIEW,OR
FRL1,Shipment,GENERAL,OR
FRL1,Shipment,ORDERS,OR
FRL1,Shipment,PARTNERS,OR
FRL1,Shipment,PACKAGES,OR
FRL1,Shipment,ROUTINGS,OR
FRL1,Shipment,PAYABLES,OR
FRL1,Shipment,RECEIVABLES,OR
FRL1,Shipment,EVENTS,OR
FRL1,Shipment,MASTER,OR
FRL1,Customs.Declaration,CUSTOMSANSWERS,OR
FRL1,Shipment,CONVERTHOUSETODIRECT,OR
FRL1,Shipment,CONVERTDIRECTTOHOUSE,OR
FRL1,Shipment,COPY,OR
FRL1,Shipment,AIREXPORTONLY,OR
FRL1,Currency,EVENTS,OR
FRL1,Currency,READ,OR
FRL1,VatType,NEW,OR
FRL1,VatType,UPDATE,OR
FRL1,Customer,AWBSTOCK,OR
FRL1,Commodity,NEW,OR
FRL1,VatType,GENERAL,OR
FRL1,VatType,PERCENTAGES,OR
FRL1,VatType,EVENTS,OR
FRL1,VatType,READ,OR
FRL1,PackageType,NEW,OR
FRL1,PackageType,UPDATE,OR
FRL1,PackageType,GENERAL,OR
FRL1,PackageType,EVENTS,OR
FRL1,PackageType,READ,OR
FRL1,ChargesType,NEW,OR
FRL1,Commodity,READ,OR
FRL1,ChargesType,UPDATE,OR
FRL1,ChargesType,GENERAL,OR
FRL1,ChargesType,EVENTS,OR
FRL1,ChargesType,READ,OR
FRL1,Country,NEW,OR
FRL1,Country,UPDATE,OR
FRL1,Country,GENERAL,OR
FRL1,Country,EVENTS,OR
FRL1,Country,READ,OR
FRL1,GlobalZone,NEW,OR
FRL1,Commodity,UPDATE,OR
FRL1,GlobalZone,UPDATE,OR
FRL1,GlobalZone,GENERAL,OR
FRL1,PaymentTerm,READ,OR
FRL1,Currency,NEW,OR
FRL1,General,CouriersVatMTC,OR
FRL1,General,General.Features.LocalSettings,OR
FRL1,Customs.Declaration,PRINTRELEASE,OR
FRL1,Customs.Claim,READ,OR
FRL1,Customs.Claim,UPDATE,OR
FRL1,Customs.Claim,NEW,OR
FRL1,Customs.Declaration,FORMS,OR
FRL1,Customs.Claim,Claim.Tab.RefundDetails,OR
FRL1,Customs.Claim,Claim.Tab.DocsIn,OR
FRL1,Customs.Claim,Claim.Tab.CustomDocuments,OR
FRL1,Customs.Claim,Claim.Q.OpenClaimFiles,OR
FRL1,Customs.Claim,Claim.Q.AllClaimFiles,OR
FRL1,Customs.CustomsCollateral,CLOSEDCOLLATERALS,OR
FRL1,Customs.Claim,Claim.Tab.ImporterDeclarationB+C,OR
FRL1,Customs.GovernmentProcedureType,READ,OR
FRL1,Customs.Declaration,VEHICLEMODIFICATION,OR
FRL1,Customs.Vehicle,REQUESTSHEET,OR
FRL1,Customs.GovernmentProcedureType,UPDATE,OR
FRL1,Customs.GovernmentProcedureType,NEW,OR
FRL1,Customs.GovernmentProcedureType,GENERAL,OR
FRL1,Customs.GovernmentProcedureType,EVENTS,OR
FRL1,Customs.GovernmentProcedureType,GOVERNMENTPROCEDURETYPE,OR
FRL1,GlobalZone,EVENTS,OR
FRL1,GlobalZone,READ,OR
FRL1,Branch,NEW,OR
FRL1,Branch,UPDATE,OR
FRL1,Branch,GENERAL,OR
FRL1,Branch,EVENTS,OR
FRL1,Branch,READ,OR
FRL1,Department,NEW,OR
FRL1,Commodity,Commodity.Q.AllQuery,OR
FRL1,Department,UPDATE,OR
FRL1,Department,GENERAL,OR
FRL1,Department,EVENTS,OR
FRL1,Department,READ,OR
FRL1,Contact,NEW,OR
FRL1,Contact,UPDATE,OR
FRL1,Contact,GENERAL,OR
FRL1,Contact,EVENTS,OR
FRL1,Contact,READ,OR
FRL1,User,NEW,OR
FRL1,Commodity,Commodity.Tab.General,OR
FRL1,User,UPDATE,OR
FRL1,User,GENERAL,OR
FRL1,General,NOTIFICATIONBELL,OR
FRL1,Customs.Declaration,NOTIFICATIONS,OR
FRL1,Customs.Declaration,ACTIONS,OR
FRL1,Customs.Declaration,STATUSREQUEST,OR
FRL1,Customs.Declaration,RESETDECLARATIONNUMBER,OR
FRL1,Customs.Declaration,DECLARATIONRESTORE,OR
FRL1,Customs.Declaration,COPY,OR
FRL1,Customs.Declaration,CORRECTIONS,OR
FRL1,Customs.Client,SAVENEWDIRECT,OR
FRL1,Customs.Declaration,SPLIT,OR
FRL1,ApiCredintials,READ,OR
FRL1,ApiCredintials,UPDATE,OR
FRL1,ApiCredintials,NEW,OR
FRL1,ApiCredintials,ApiCredintialsQ,OR
FRL1,General,ApiCredintials,OR
FRL1,Customs.Declaration,MOREFIELDS,OR
FRL1,Customs.Declaration,LOADVEHICLESFROMUNI,OR
FRL1,Customs.Claim,Claim.Tab.General,OR
FRL1,Customer,SALES,OR
FRL1,Customer,STATISTICS,OR
FRL1,Quote,COMMUNICATION,OR
FRL1,Quote,ROUTINGS,OR
FRL1,Quote,PACKAGES,OR
FRL1,Quote,CANCELLEDQUOTES,OR
FRL1,Quote,ALLQUOTES,OR
FRL1,Quote,EXPIREDQUOTES,OR
FRL1,Customs.DeclarationConstraint,NEW,OR
FRL1,Quote,ACCEPTEDWITHOUTSHIPMENTS,OR
FRL1,Quote,QUTALLFOLLOWUPS,OR
FRL1,Quote,QUTMYFOLLOWUPS,OR
FRL1,Quote,MYQUOTES,OR
FRL1,Quote,DRAFTQUOTES,OR
FRL1,User,User.Feature.CustomRoles,OR
FRL1,Customs.Claim,SENDCLAIM,OR
FRL1,Customs.PaymentOrder,PRINTDEFICIT,OR
FRL1,Customs.Claim,Claim.Tab.ImporterDeclarationBC,OR
FRL1,Customs.Declaration,TRANSFERTOCOLLECTOR,OR
FRL1,Customs.Vehicle,SENDVEHICLE,OR
FRL1,Customs.Vehicle,DELETEVEHICLE,OR
FRL1,DocumentsFiling,READ,OR
FRL1,DocumentsFiling,UPDATE,OR
FRL1,DocumentsFiling,NEW,OR
FRL1,DocumentsFiling,GENERAL,OR
FRL1,DocumentsFiling,DOCUMENTSFILING,OR
FRL1,Customs.CustomsRequiredField,CSTMREQFIELDMTC,OR
FRL1,Customs.Claim,Claim.Tab.Events,OR
FRL1,Customs.Claim,Claim.Tab.RequestSheet,OR
FRL1,General,TICKETCLASSIFICATION,OR
FRL1,Customs.Claim,Claim.Tab.ImporterDeclarationA,OR
FRL1,Customs.Claim,CLAIMACTIONS,OR
FRL1,Customs.Claim,CLOSECLAIM,OR
FRL1,Customs.Claim,CANCELCLOSECLAIM,OR
FRL1,Customs.Declaration,CERTIFICATE,OR
FRL1,Customs.CouriersVat,READ,OR
FRL1,Customs.CouriersVat,UPDATE,OR
FRL1,Customs.CouriersVat,NEW,OR
FRL1,Customs.CouriersVat,CouriersVat.Tab.Event,OR
FRL1,Customs.CouriersVat,CouriersVat.Tab.General,OR
FRL1,Customs.CouriersVat,CouriersVat.Q.AllCouriersVats,OR
FRL1,General,LOGITUDELEADS,OR
FRL1,Measurement,Measurement.M.Measurements,OR
FRL1,General,QUESTIONNAIRE,OR
FRL1,QuoteStage,QuoteStage.M.QuoteStages,OR
FRL1,General,REGIONS,OR
FRL1,LogitudeLead,GENERAL,OR
FRL1,LogitudeLead,LogitudeLead.Q.AllLogitudeLeads,OR
FRL1,Measurement,Measurement.Tab.General,OR
FRL1,Measurement,Measurement.Tab.Events,OR
FRL1,Measurement,Measurement.Q.AllQuery,OR
FRL1,OpportunityClosingReason,ALLCLOSINGREASONS,OR
FRL1,QuoteStage,QuoteStage.Tab.General,OR
FRL1,QuoteStage,QuoteStage.Q.AllQuery,OR
FRL1,Region,GENERAL,OR
FRL1,Region,EVENTS,OR
FRL1,Region,ALLREGIONS,OR
FRL1,User,PRODUCTS,OR
FRL1,Distributor,Distributor.M.Distributors,OR
FRL1,User,ROLES,OR
FRL1,User,EVENTS,OR
FRL1,User,READ,OR
FRL1,User,RESETPASSWORD,OR
FRL1,State,NEW,OR
FRL1,State,UPDATE,OR
FRL1,State,GENERAL,OR
FRL1,State,EVENTS,OR
FRL1,General,OPERATIONS,OR
FRL1,General,SHAREDLOGISTICSMENU,OR
FRL1,General,HOWTOACCOUNTINGSETTINGS,OR
FRL1,General,CANCELINVOICE,OR
FRL1,Customer,SHAREDLOGISTICSCUSTOMERS,OR
FRL1,Master,SENDAWB,OR
FRL1,Master,AIREXPORTONLY,OR
FRL1,Master,ALLTRANSPORTMODES,OR
FRL1,Master,SENDRESPONSE,OR
FRL1,Agent,SHAREDLOGISTICSAGENTS,OR
FRL1,ShippingLine,SHIPPINGLINE,OR
FRL1,Customs.CustomsDocumentMetaDataValue,READ,OR
FRL1,Customs.CustomsDocumentMetaDataValue,GENERAL,OR
FRL1,Customs.CustomsDocumentMetaDataValue,NEW,OR
FRL1,Customs.CustomsDocumentMetaDataValue,UPDATE,OR
FRL1,Customs.CustomDocumentTypeMetaData,READ,OR
FRL1,Customs.CustomDocumentTypeMetaData,GENERAL,OR
FRL1,Customs.CustomDocumentTypeMetaData,NEW,OR
FRL1,Customs.CustomDocumentTypeMetaData,UPDATE,OR
FRL1,Customs.Declaration,CUSTOMDOCUMENTS,OR
FRL1,User,PERMISSIONS,OR
FRL1,ErrorLog,EXCEPTION,OR
FRL1,General,SHIPPERSANDCONSIGNEES,OR
FRL1,General,SPECIALSERVICESTYPES,OR
FRL1,General,EMAILALERTSETTINGS,OR
FRL1,SpecialServicesType,READ,OR
FRL1,SpecialServicesType,NEW,OR
FRL1,SpecialServicesType,UPDATE,OR
FRL1,SpecialServicesType,GENERAL,OR
FRL1,SpecialServicesType,EVENTS,OR
FRL1,SpecialServicesType,ALLSPECIALSERVICES,OR
FRL1,CommunicationLog,ERROR,OR
FRL1,CustomerSize,READ,OR
FRL1,ARInvoice,EVENTS,OR
FRL1,ARInvoice,READ,OR
FRL1,ARInvoice,AUTOCREDIT,OR
FRL1,ARInvoice,SETASSENT,OR
FRL1,ARInvoice,VOID,OR
FRL1,ARInvoice,SETASDRAFT,OR
FRL1,Shipment,SENTFSR,OR
FRL1,ARInvoice,SAVEANDAPPROVE,OR
FRL1,ARInvoice,PRINT,OR
FRL1,ARPayment,NEW,OR
FRL1,ARPayment,UPDATE,OR
FRL1,ARPayment,DETAILS,OR
FRL1,ARPayment,DOCSOUT,OR
FRL1,ARPayment,DOCSIN,OR
FRL1,ARPayment,EVENTS,OR
FRL1,ARPayment,READ,OR
FRL1,ARPayment,CANCELAPPROVAL,OR
FRL1,Customs.CustomsDocument,READ,OR
FRL1,Customer,ACCOUNTINGTRANSFERE,OR
FRL1,ARPayment,VOID,OR
FRL1,ARPayment,APPROVE,OR
FRL1,ARPayment,PRINT,OR
FRL1,APInvoice,NEW,OR
FRL1,APInvoice,UPDATE,OR
FRL1,APInvoice,DETAILS,OR
FRL1,APInvoice,GENERAL,OR
FRL1,Customer,TENANTMANAGEMENT,OR
FRL1,Customer,QUESTIONNAIREANSWERS,OR
FRL1,Customer,TOTANGO,OR
FRL1,Customer,SETASPOTENTIAL,OR
FRL1,Customer,QUICKSEARCHALL,OR
FRL1,Customer,CUSTOMERS,OR
FRL1,Customer,Customer.Feature.PotentialCustomers,OR
FRL1,Customer,Customer.Feature.ActiveCustomers,OR
FRL1,Customer,Customer.Feature.InactiveCustomers,OR
FRL1,CustomerSize,CustomerSize.Tab.General,OR
FRL1,CustomerSize,CustomerSize.Tab.Events,OR
FRL1,CustomerSize,ALLCUSTOMERSIZES,OR
FRL1,LogitudeLead,READ,OR
FRL1,LogitudeLead,NEW,OR
FRL1,LogitudeLead,UPDATE,OR
FRL1,Measurement,READ,OR
FRL1,Measurement,NEW,OR
FRL1,Measurement,UPDATE,OR
FRL1,OpportunityClosingReason,READ,OR
FRL1,OpportunityClosingReason,NEW,OR
FRL1,OpportunityClosingReason,UPDATE,OR
FRL1,Questionnaire,READ,OR
FRL1,Questionnaire,NEW,OR
FRL1,Questionnaire,UPDATE,OR
FRL1,QuestionnaireAnswer,READ,OR
FRL1,QuestionnaireAnswer,NEW,OR
FRL1,QuestionnaireAnswer,UPDATE,OR
FRL1,QuoteStage,READ,OR
FRL1,QuoteStage,NEW,OR
FRL1,QuoteStage,UPDATE,OR
FRL1,Region,READ,OR
FRL1,Region,NEW,OR
FRL1,Region,UPDATE,OR
FRL1,Report,MONTHLYCONVERSION,OR
FRL1,Questionnaire,Questionnaire.Q.AllQuestionnaires,OR
FRL1,General,CountryCity.M.Cities,OR
FRL1,General,CUSTOMERSIZES,OR
FRL1,General,General.Features.TenantManagement,OR
FRL1,General,PAYMENTTERMS,OR
FRL1,General,CURRENCIES,OR
FRL1,General,VATTYPES,OR
FRL1,General,CHARGESTYPES,OR
FRL1,General,PORTS,OR
FRL1,General,COUNTRIES,OR
FRL1,General,GLOBALZONES,OR
FRL1,General,BRANCHES,OR
FRL1,General,DEPARTMENTS,OR
FRL1,AnalyzeQueue,ANALYZEQUEUEERRORS,OR
FRL1,General,STATES,OR
FRL1,General,DOCUMENTTYPES,OR
FRL1,General,EVENTTYPES,OR
FRL1,General,PACKAGETYPES,OR
FRL1,General,VESSELS,OR
FRL1,General,WAREHOUSES,OR
FRL1,General,RATESTABLES,OR
FRL1,General,MASTERS,OR
FRL1,General,APINVOICES,OR
FRL1,General,GETTINGSTARTED,OR
FRL1,AdditionalService,NEW,OR
FRL1,General,EVENTS,OR
FRL1,General,DOCSIN,OR
FRL1,General,BUILDQUERIES,OR
FRL1,General,CUSTOMIZATION,OR
FRL1,General,PERSONALSETTINGS,OR
FRL1,Commodity,Commodity.M.Commodities,OR
FRL1,State,READ,OR
FRL1,DocumentType,NEW,OR
FRL1,DocumentType,UPDATE,OR
FRL1,DocumentType,GENERAL,OR
FRL1,DocumentType,TEMPLATES,OR
FRL1,DocumentType,HTMLTEMPLATES,OR
FRL1,DocumentType,CUSTOMEFIELD,OR
FRL1,DocumentType,EVENTS,OR
FRL1,DocumentType,READ,OR
FRL1,EventType,NEW,OR
FRL1,Customer,Customer.Feature.MyCustomers,OR
FRL1,EventType,UPDATE,OR
FRL1,EventType,GENERAL,OR
FRL1,EventType,EVENTS,OR
FRL1,EventType,READ,OR
FRL1,Vessel,NEW,OR
FRL1,Vessel,UPDATE,OR
FRL1,Vessel,GENERAL,OR
FRL1,Vessel,EVENTS,OR
FRL1,Vessel,READ,OR
FRL1,Warehouse,NEW,OR
FRL1,Contact,UPCOMINGBIRTHDAYSCONTACTS,OR
FRL1,Warehouse,UPDATE,OR
FRL1,Warehouse,GENERAL,OR
FRL1,Warehouse,BILLING,OR
FRL1,Warehouse,ADDRESSES,OR
FRL1,Warehouse,CONTACTS,OR
FRL1,Warehouse,EVENTS,OR
FRL1,Warehouse,READ,OR
FRL1,ARInvoice,NEW,OR
FRL1,ARInvoice,UPDATE,OR
FRL1,ARInvoice,DETAILS,OR
FRL1,Contact,NOREMINDERSCONTACTS,OR
FRL1,ARInvoice,GENERAL,OR
FRL1,ARInvoice,DOCSOUT,OR
FRL1,ARInvoice,DOCSIN,OR
FRL1,ARInvoice,ARPAYMENTS,OR
FRL1,User,User.Query.AllUsers,OR
FRL1,User,User.Query.InactiveUsers,OR
FRL1,General,General.Features.Customization,OR
FRL1,Customs.NotificationDefinition,READ,OR
FRL1,Customs.NotificationDefinition,UPDATE,OR
FRL1,Customs.NotificationDefinition,EVENTS,OR
FRL1,Customs.NotificationDefinition,GENERAL,OR
FRL1,Customs.NotificationDefinition,NOTIFICATIONDEFINITION,OR
FRL1,Customs.Declaration,ITEMVEHICLES,OR
FRL1,Customs.Declaration,PRINTTDECLARATIONFORM,OR
FRL1,Customs.Declaration,PRINTTZRUFA,OR
FRL1,Customs.Declaration,NOTIFICATION,OR
FRL1,Customs.Notification,READ,OR
FRL1,Customs.Notification,UPDATE,OR
FRL1,Activity,Activity.Q.MeetingsSummary,OR
FRL1,Customer,BYLASTSHIPMETN,OR
FRL1,Quote,OVERVIEW,OR
FRL1,Quote,DETAILS,OR
FRL1,Quote,Quote.Followups,OR
FRL1,Opportunity,Cancel,OR
FRL1,Opportunity,TenantManagement,OR
FRL1,Opportunity,Totango,OR
FRL1,Activity,Copy,OR
FRL1,Activity,Activity.Q.CancelledActivities,OR
FRL1,Opportunity,Opportunity.Q.CancelledOpportunities,OR
FRL1,Quote,OPENQUOTES,OR
FRL1,Shipment,Shipment.Followups,OR
FRL1,AWBMessagingStock,READ,OR
FRL1,AWBMessagingStock,NEW,OR
FRL1,AWBMessagingStock,UPDATE,OR
FRL1,AWBMessagingStock,AWBMessagingStock.Action.Cancel,OR
FRL1,AWBMessagingStock,AWBMessagingStock.Tab.General,OR
FRL1,AWBMessagingStock,AWBMessagingStock.Q.AllQuery,OR
FRL1,Contact,PARTNERS,OR
FRL1,CountryCity,READ,OR
FRL1,CountryCity,NEW,OR
FRL1,CountryCity,UPDATE,OR
FRL1,General,CONTACTS,OR
FRL1,General,CUSTOMAGENTS,OR
FRL1,General,SHIPPINGAGENTS,OR
FRL1,General,AIRLINES,OR
FRL1,General,AGENTS,OR
FRL1,General,VENDORS,OR
FRL1,General,SHIPPINGLINES,OR
FRL1,General,TRUCKERS,OR
FRL1,QuoteTemplate,SETTINGS,OR
FRL1,General,INCOTERMS,OR
FRL1,Customs.CustomsBookType,READ,OR
FRL1,Customs.PaymentType,READ,OR
FRL1,Customs.SalesTaxExemptionType,READ,OR
FRL1,Customs.Declaration,SENDDECLARATION,OR
FRL1,Customs.Declaration,COMMUNICATIONS,OR
FRL1,Customs.CustomsVendor,COMMUNICATIONS,OR
FRL1,Customs.Declaration,TAXES,OR
FRL1,Customs.PaymentOrder,READ,OR
FRL1,Customs.PaymentOrder,GENERAL,OR
FRL1,Customs.PaymentOrder,EVENTS,OR
FRL1,Customs.PaymentOrder,PAYMENTORDERS,OR
FRL1,Customs.PaymentOrder,NEW,OR
FRL1,Customs.PaymentOrder,UPDATE,OR
FRL1,Customs.Client,GENERAL,OR
FRL1,Customs.Client,EVENTS,OR
FRL1,Customs.Client,CLIENTS,OR
FRL1,Customs.Client,NEW,OR
FRL1,Customs.Client,ADDRESSES,OR
FRL1,Customs.PaymentOrder,SENDPAYMENTORDER,OR
FRL1,Customs.Declaration,PAYMENTS,OR
FRL1,Customs.CustomsVendor,SAVEVENDOR,OR
FRL1,General,CUSTOMBANK,OR
FRL1,Customs.CustomBank,READ,OR
FRL1,Customs.CustomBank,GENERAL,OR
FRL1,Customs.CustomBank,EVENTS,OR
FRL1,Customs.CustomBank,CUSTOMBANKS,OR
FRL1,Customs.CustomBank,NEW,OR
FRL1,Customs.CustomBank,UPDATE,OR
FRL1,Customs.PaymentOrder,COMMUNICATIONS,OR
FRL1,Activity,NEW,OR
FRL1,Activity,READ,OR
FRL1,Activity,UPDATE,OR
FRL1,Activity,Activity.Q.MyOpenActivities,OR
FRL1,Activity,Activity.Q.AllOpenActivities,OR
FRL1,Activity,Activity.Q.MyClosedActivities,OR
FRL1,Activity,Activity.Q.AllClosedActivities,OR
FRL1,Activity,Activity.Tab.General,OR
FRL1,Activity,Activity.Tab.Events,OR
FRL1,Activity,MarkAsComplete,OR
FRL1,Activity,Cancel,OR
FRL1,Opportunity,NEW,OR
FRL1,Opportunity,READ,OR
FRL1,Opportunity,UPDATE,OR
FRL1,Opportunity,Opportunity.Q.MyOpenOpportunities,OR
FRL1,Opportunity,Opportunity.Q.AllOpenOpportunities,OR
FRL1,Opportunity,Opportunity.Q.MyClosedOpportunities,OR
FRL1,Opportunity,Opportunity.Q.AllClosedOpportunities,OR
FRL1,Opportunity,Opportunity.Tab.Overview,OR
FRL1,Opportunity,Opportunity.Tab.DocsOut,OR
FRL1,Opportunity,Opportunity.Tab.DocsIn,OR
FRL1,Opportunity,Opportunity.Tab.Events,OR
FRL1,Opportunity,CloseAsWon,OR
FRL1,Opportunity,CloseAsLost,OR
FRL1,Customs.Vehicle,EVENTS,OR
FRL1,Customs.Vehicle,GENERAL,OR
FRL1,Customs.Vehicle,MOREDETAILS,OR
FRL1,Customs.Vehicle,OWNERSAFETY,OR
FRL1,Customs.Vehicle,VEHICLES,OR
FRL1,DocumentType,COPIES,OR
FRL1,DocumentType,PRINTINGOPTIONS,OR
FRL1,DocumentType,SHAREDLOGISTICS,OR
FRL1,TenantManagement,EnableTenantManagementEdit,OR
FRL1,User,User.Query.ActiveNotLicensed,OR
FRL1,User,User.Query.ActiveUsers,OR
FRL1,LeadSource,UPDATE,OR
FRL1,LeadSource,ALLLEADSOURCES,OR
FRL1,LeadSource,LeadSource.Tab.General,OR
FRL1,LeadSource,LeadSource.Tab.Events,OR
FRL1,General,LEADSOURCES,OR
FRL1,Competitor,NEW,OR
FRL1,Competitor,READ,OR
FRL1,Competitor,UPDATE,OR
FRL1,Competitor,ALLCOMPETITORS,OR
FRL1,Competitor,Competitor.Tab.General,OR
FRL1,Competitor,Competitor.Tab.Events,OR
FRL1,General,COMPETITORS,OR
FRL1,Customer,SHAREDLOGISTIC,OR
FRL1,General,SHAREDLOGISTICS,OR
FRL1,General,MOVETYPES,OR
FRL1,General,REPORTS,OR
FRL1,TenantManagement,INACTIVETENANTMGS,OR
FRL1,TenantManagement,TRAILTENANTMGS,OR
FRL1,TenantManagement,PAYINGTENANTMGS,OR
FRL1,ErrorLog,ALLERRORLOG,OR
FRL1,MoveType,GENERAL,OR
FRL1,MoveType,ALLMOVETYPES,OR
FRL1,MoveType,NEW,OR
FRL1,MoveType,UPDATE,OR
FRL1,MoveType,READ,OR
FRL1,Report,READ,OR
FRL1,Report,GENERAL,OR
FRL1,Report,EVENTS,OR
FRL1,Report,ALLREPORTS,OR
FRL1,Report,NEW,OR
FRL1,Report,UPDATE,OR
FRL1,Report,TEMPLATE,OR
FRL1,Shipment,ALLMASTERS,OR
FRL1,General,CUSTOMS,OR
FRL1,Customs.PhysicalCheck,READ,OR
FRL1,Customs.PhysicalCheck,GENERAL,OR
FRL1,Customs.PhysicalCheck,EVENTS,OR
FRL1,Customs.PhysicalCheck,BYUPCOMINGCHECK,OR
FRL1,Customs.PhysicalCheck,NEW,OR
FRL1,Customs.PhysicalCheck,UPDATE,OR
FRL1,General,CRM,OR
FRL1,General,CHAMP,OR
FRL1,TenantManagement,NOTRECURRINGTENANTS,OR
FRL1,TenantManagement,STATISTICS,OR
FRL1,Industry,NEW,OR
FRL1,Industry,READ,OR
FRL1,Industry,UPDATE,OR
FRL1,Industry,ALLINDUSTRIES,OR
FRL1,Industry,Industry.Tab.General,OR
FRL1,Industry,Industry.Tab.Events,OR
FRL1,General,INDUSTRIES,OR
FRL1,Opportunity,Opportunity.Tab.Products,OR
FRL1,General,ERRORLOG,OR
FRL1,Customs.Client,READ,OR
FRL1,Customs.Client,UPDATE,OR
FRL1,Customs.PhysicalCheck,COMMUNICATIONS,OR
FRL1,Customs.SupplierInvoice,READ,OR
FRL1,Customs.SupplierInvoice,NEW,OR
FRL1,Customs.SupplierInvoice,UPDATE,OR
FRL1,Customs.InvoiceType,READ,OR
FRL1,Customs.CurrencyType,READ,OR
FRL1,Customs.TermsOfSaleType,READ,OR
FRL1,Customs.DangerousGoodsPackingReq,READ,OR
FRL1,Customs.ItemGovernmentProcedureType,READ,OR
FRL1,Master,ACCOUNTINGOPEN,OR
FRL1,Master,ALLMASTERS,OR
FRL1,Master,CANCELLEDMASTERS,OR
FRL1,Port,PORTS,OR
FRL1,Agent,AGENTS,OR
FRL1,CustomAgent,CUSTOMAGENT,OR
FRL1,ShippingAgent,SHIPPINGAGENT,OR
FRL1,Airline,AIRLINES,OR
FRL1,Trucker,TRUCKERS,OR
FRL1,Incoterm,INCOTERMS,OR
FRL1,Customs.CustomsDocument,GENERAL,OR
FRL1,AdditionalService,AdditionalService.Tab.General,OR
FRL1,PaymentTerm,PAYMENTTERMS,OR
FRL1,AdditionalService,AdditionalService.Tab.Events,OR
FRL1,General,ADDITIONALSERVICES,OR
FRL1,ExternalSystemsTablesCode,ALLEXTERNALSYSTEMSTABLESCODES,OR
FRL1,ExternalSystemsTablesCode,EXTERNALSYSTEMSTABLESCODES,OR
FRL1,ExternalSystemsTablesCode,READ,OR
FRL1,ExternalSystemsTablesCode,UPDATE,OR
FRL1,ARInvoice,TRANSFER,OR
FRL1,AccountingTransferHeader,EVENTS,OR
FRL1,ARInvoice,NOTREADYINVOICES,OR
FRL1,Customs.CustomsDocument,NEW,OR
FRL1,ARInvoice,MARKEDASBLOCKEDFORTRANSFER,OR
FRL1,Vendor,VENDORS,OR
FRL1,General,QUOTETMPLATES,OR
FRL1,Customer,ACCOUNTING_2,OR
FRL1,Customer,COMMITMENT,OR
FRL1,Customer,POTENTIAL,OR
FRL1,Customer,DOCSIN,OR
FRL1,Customer,DOCSOUT,OR
FRL1,Customer,MYCUSTOMRERSASACCMNGR,OR
FRL1,General,SOCIALGENERAL,OR
FRL1,Customs.CustomsDocument,UPDATE,OR
FRL1,Report,STATISTICSBYAIRLINE,OR
FRL1,Report,STATISTICSBYSHIPPINGLINES,OR
FRL1,APInvoice,DOCSOUT,OR
FRL1,APInvoice,DOCSIN,OR
FRL1,APInvoice,APPAYMENTS,OR
FRL1,QuoteTemplate,GENERAL,OR
FRL1,APInvoice,EVENTS,OR
FRL1,APInvoice,READ,OR
FRL1,APInvoice,CANCELAPPROVAL,OR
FRL1,APInvoice,VOID,OR
FRL1,APInvoice,APPROVE,OR
FRL1,APPayment,NEW,OR
FRL1,APPayment,UPDATE,OR
FRL1,APPayment,DETAILS,OR
FRL1,APPayment,DOCSOUT,OR
FRL1,APPayment,DOCSIN,OR
FRL1,QuoteTemplate,EVENTS,OR
FRL1,APPayment,EVENTS,OR
FRL1,APPayment,READ,OR
FRL1,APPayment,CANCELAPPROVAL,OR
FRL1,APPayment,VOID,OR
FRL1,APPayment,APPROVE,OR
FRL1,APPayment,PRINT,OR
FRL1,General,DASHBOARD,OR
FRL1,General,QUOTES,OR
FRL1,General,ARINVOICES,OR
FRL1,General,SHIPMENTS,OR
FRL1,QuoteTemplate,QUOTETEMPLATES,OR
FRL1,General,MAINTENANCE,OR
FRL1,CustomerSize,NEW,OR
FRL1,CustomerSize,UPDATE,OR
FRL1,CountryCity,GENERAL,OR
FRL1,CountryCity,EVENTS,OR
FRL1,CountryCity,CITIES,OR
FRL1,General,QUESTIONNAIREGENERAL,OR
FRL1,General,CLOSINGREASONS,OR
FRL1,AWBMessagingStock,AWBMessagingStock.M.AWBMessagingStocks,OR
FRL1,Opportunity,ReOpen,OR
FRL1,Opportunity,Copy,OR
FRL1,Stage,NEW,OR
FRL1,Stage,READ,OR
FRL1,Stage,UPDATE,OR
FRL1,Stage,ALLSTAGES,OR
FRL1,Stage,Stage.Tab.General,OR
FRL1,Stage,Stage.Tab.Events,OR
FRL1,General,STAGES,OR
FRL1,LeadSource,NEW,OR
FRL1,LeadSource,READ,OR
FRL1,Master,OPERATIONALOPEN,OR
FRL1,AdditionalService,ALLADDITIONALSERVICES,OR
1-17,Customs.Declaration,DECLARATIONPAYMENT,NO
FROP,ARInvoice,ARPAYMENTS,OR
FROP,General,TRUCKERS,OR
FROP,ARPayment,NEW,OR
FROP,ARPayment,UPDATE,OR
FROP,ARPayment,DETAILS,OR
FROP,ARPayment,DOCSOUT,OR
FROP,ARPayment,DOCSIN,OR
FROP,ARPayment,EVENTS,OR
FROP,ARPayment,READ,OR
FROP,ARPayment,CANCELAPPROVAL,OR
FROP,ARPayment,VOID,OR
FROP,ARPayment,APPROVE,OR
FROP,ARPayment,PRINT,OR
FROP,ARPayment,ALLPAYMENTS,OR
FROP,ARPayment,OPENPAYMENTS,OR
FROP,ARPayment,DRAFTPAYMENTS,OR
FROP,MoveType,READ,OR
FROP,CreditCardType,READ,OR
FROP,User,READ,OR
FROP,Shipment,READ,OR
FROP,General,CHARGESTYPES,OR
FROP,General,CONTACTS,OR
FROP,General,COUNTRIES,OR
FROP,General,USERS,OR
FROP,Shipment,UPDATE,OR
FROP,Shipment,NEW,OR
FROP,General,SHIPMENTS,OR
FROP,Shipment,ACCOUNTINGCLOSE,OR
FROP,Shipment,OPERATIONALCLOSE,OR
FROP,Shipment,OPERATIONALREOPEN,OR
FROP,Shipment,REACTIVATE,OR
FROP,Shipment,CANCEL,OR
FROP,Shipment,ACCOUNTINGREOPEN,OR
FROP,Master,UPDATE,OR
FROP,Master,NEW,OR
FROP,General,MASTERS,OR
FROP,Master,ACCOUNTINGCLOSE,OR
FROP,Master,OPERATIONALCLOSE,OR
FROP,Master,OPERATIONALREOPEN,OR
FROP,Master,REACTIVATE,OR
FROP,Master,CANCEL,OR
FROP,Master,ACCOUNTINGREOPEN,OR
FROP,General,MAINTENANCE,OR
FROP,General,CUSTOMERS,OR
FROP,General,AGENTS,OR
FROP,General,VENDORS,OR
FROP,General,CUSTOMAGENTS,OR
FROP,General,SHIPPINGAGENTS,OR
FROP,General,AIRLINES,OR
FROP,General,SHIPPINGLINES,OR
FROP,Customer,SHAREDLOGISTIC,OR
SALE,GlobalZone,EVENTS,OR
SALE,GlobalZone,READ,OR
SALE,GlobalZone,GLOBALZONES,OR
SALE,Branch,READ,OR
SALE,Department,GENERAL,OR
SALE,Department,EVENTS,OR
SALE,Department,READ,OR
SALE,Department,DEPARTMENTS,OR
SALE,QuoteTemplate,GENERAL,OR
SALE,QuoteTemplate,EVENTS,OR
SALE,QuoteTemplate,QUOTETEMPLATES,OR
SALE,QuoteTemplate,SETTINGS,OR
SALE,Contact,NEW,OR
SALE,Contact,UPDATE,OR
SALE,Contact,GENERAL,OR
SALE,Contact,EVENTS,OR
SALE,Contact,READ,OR
SALE,Contact,CONTACTS,OR
SALE,Airline,EVENTS,OR
SALE,Airline,READ,OR
SALE,Airline,AIRLINES,OR
SALE,ShippingLine,NEW,OR
SALE,ShippingLine,UPDATE,OR
SALE,ShippingLine,GENERAL,OR
SALE,ShippingLine,ADDRESSES,OR
SALE,ShippingLine,CONTACTS,OR
SALE,ShippingLine,EVENTS,OR
SALE,ShippingLine,READ,OR
SALE,ShippingLine,SHIPPINGLINE,OR
SALE,Trucker,READ,OR
SALE,Trucker,TRUCKERS,OR
SALE,Incoterm,NEW,OR
SALE,Incoterm,UPDATE,OR
SALE,Incoterm,GENERAL,OR
SALE,Incoterm,EVENTS,OR
SALE,Incoterm,READ,OR
SALE,Incoterm,INCOTERMS,OR
SALE,PaymentTerm,GENERAL,OR
SALE,PaymentTerm,EVENTS,OR
SALE,PaymentTerm,READ,OR
SALE,PaymentTerm,PAYMENTTERMS,OR
SALE,PaymentTerm,ACCOUNTING,OR
SALE,Currency,NEW,OR
SALE,Currency,UPDATE,OR
SALE,Currency,GENERAL,OR
SALE,Currency,EVENTS,OR
SALE,Currency,READ,OR
SALE,Currency,CURRENCIES,OR
SALE,Shipment,ALLTRANSPORTMODES,OR
SALE,VatType,READ,OR
SALE,VatType,VATTYPES,OR
SALE,ChargesType,NEW,OR
SALE,ChargesType,UPDATE,OR
SALE,ChargesType,GENERAL,OR
SALE,ChargesType,EVENTS,OR
SALE,ChargesType,READ,OR
SALE,ChargesType,CHARGESTYPES,OR
SALE,Port,NEW,OR
SALE,Port,UPDATE,OR
SALE,Port,GENERAL,OR
SALE,Port,EVENTS,OR
SALE,Port,READ,OR
SALE,Port,PORTS,OR
SALE,Customer,UPDATE,OR
SALE,Customer,OVERVIEW,OR
SALE,Customer,GENERAL,OR
SALE,Customer,BILLING,OR
SALE,Customer,ADDRESSES,OR
SALE,Customer,CONTACTS,OR
SALE,Customer,SHAREDLOGISTIC,OR
SALE,Customer,EVENTS,OR
SALE,Customer,READ,OR
SALE,Customer,BYLASTSHIPMETN,OR
SALE,Customer,CUSTOMERS,OR
SALE,Customer,Customer.Feature.MyCustomers,OR
SALE,Customer,COMMITMENT,OR
SALE,Customer,MYCUSTOMRERSASACCMNGR,OR
SALE,Customer,CUSTOMERSALESMANBYPRODUCT,OR
SALE,Customer,CUSTOMERACCOUNTMANAGERBYPRODUCT,OR
SALE,Customer,CUSTOMERFORWARDERBYPRODUCT,OR
SALE,Customer,CUSTOMERMEDIATORBYPRODUCT,OR
SALE,Customer,CUSTOMERCUSTOMSAGENTBYPRODUCT,OR
SALE,Customer,ACTIVATE,OR
SALE,Customer,READYACTIVATION,OR
SALE,Customer,INACTIVE,OR
SALE,Customer,REACTIVATE,OR
SALE,Customer,SALES,OR
SALE,Customer,STATISTICS,OR
SALE,Customer,MYCUSTOMER,OR
SALE,Customer,NOTMYCUSTOMER,OR
SALE,Agent,NEW,OR
SALE,Agent,UPDATE,OR
SALE,Agent,GENERAL,OR
SALE,Agent,BILLING,OR
SALE,Agent,ADDRESSES,OR
SALE,Agent,CONTACTS,OR
SALE,Agent,EVENTS,OR
SALE,Shipment,EVENTS,OR
SALE,Agent,AGENTS,OR
SALE,Agent,SHAREDLOGISTICSAGENTS,OR
SALE,Vendor,NEW,OR
SALE,Vendor,UPDATE,OR
SALE,Vendor,GENERAL,OR
SALE,Vendor,ADDRESSES,OR
SALE,Vendor,CONTACTS,OR
SALE,Vendor,EVENTS,OR
SALE,Vendor,READ,OR
SALE,Vendor,VENDORS,OR
SALE,CustomAgent,NEW,OR
SALE,CustomAgent,UPDATE,OR
SALE,CustomAgent,GENERAL,OR
SALE,CustomAgent,ADDRESSES,OR
SALE,CustomAgent,CONTACTS,OR
SALE,CustomAgent,EVENTS,OR
SALE,CustomAgent,READ,OR
SALE,CustomAgent,CUSTOMAGENT,OR
SALE,Shipment,READ,OR
SALE,Airline,NEW,OR
SALE,Airline,UPDATE,OR
SALE,Airline,GENERAL,OR
SALE,Airline,BILLING,OR
SALE,Airline,STACK,OR
SALE,Airline,ADDRESSES,OR
SALE,Airline,CONTACTS,OR
SALE,Airline,SURCHARGETARRIF,OR
SALE,Shipment,GENERAL,OR
SALE,General,PORTS,OR
SALE,General,CHARGESTYPES,OR
SALE,General,MOVETYPES,OR
SALE,OpportunityStage,UPDATE,OR
SALE,Customer,Customer.Feature.ReadyCustomers,OR
SALE,Quote,QUOTEACCEPTED,OR
SALE,Quote,QUOTEDECLINED,OR
SALE,Master,ALLTRANSPORTMODES,OR
SALE,Master,SENDRESPONSE,OR
SALE,Master,OPERATIONALOPEN,OR
SALE,CommunicationLog,MESSAGEBODY,OR
SALE,Master,ACCOUNTINGOPEN,OR
SALE,Master,ALLMASTERS,OR
SALE,Master,CANCELLEDMASTERS,OR
SALE,General,QUOTES,OR
SALE,General,SHIPMENTS,OR
SALE,General,MAINTENANCE,OR
SALE,General,CONTACTS,OR
SALE,General,AGENTS,OR
SALE,General,CUSTOMAGENTS,OR
SALE,General,SHIPPINGAGENTS,OR
SALE,General,AIRLINES,OR
SALE,General,SHIPPINGLINES,OR
SALE,General,TRUCKERS,OR
SALE,General,CURRENCIES,OR
SALE,General,COUNTRIES,OR
SALE,General,GLOBALZONES,OR
SALE,General,STATES,OR
SALE,General,EVENTTYPES,OR
SALE,General,VESSELS,OR
SALE,Shipment,ORDERS,OR
SALE,General,WAREHOUSES,OR
SALE,General,RATESTABLES,OR
SALE,General,VENDORS,OR
SALE,General,GETTINGSTARTED,OR
SALE,General,DOCSIN,OR
SALE,General,BUILDQUERIES,OR
SALE,Shipment,PARTNERS,OR
SALE,General,CUSTOMIZATION,OR
SALE,General,SHAREDLOGISTICSMENU,OR
SALE,General,CUSTOMS,OR
SALE,General,CRM,OR
SALE,General,SOCIAL,OR
SALE,Shipment,PACKAGES,OR
SALE,General,SOCIALGENERAL,OR
SALE,General,PERSONALSETTINGS,OR
SALE,General,SYSTEMSETTINGS,OR
SALE,General,OPERATIONS,OR
SALE,Shipment,ROUTINGS,OR
SALE,General,General.Features.SystemCurrencies,OR
SALE,General,General.Features.Signature,OR
SALE,General,General.Features.ChangePassword,OR
SALE,General,General.Features.CustomerActivation,OR
SALE,Customer,NEW,OR
SALE,BusinessUnit,READ,OR
SALE,BusinessUnit,BusinessUnit.Q.AllQuery,OR
SALE,BusinessUnit,BusinessUnit.Tab.General,OR
SALE,Master,COPY,OR
SALE,BusinessUnit,BusinessUnit.M.BusinessUnits,OR
SALE,Activity,NEW,OR
SALE,Activity,READ,OR
SALE,Activity,UPDATE,OR
SALE,Activity,Activity.Q.MyOpenActivities,OR
SALE,Activity,Activity.Q.AllOpenActivities,OR
SALE,Activity,Activity.Q.MyClosedActivities,OR
SALE,Activity,Activity.Q.AllClosedActivities,OR
SALE,Master,COMMUNICATIONS,OR
SALE,Activity,Activity.Q.AllActivities,OR
SALE,Activity,Activity.Tab.General,OR
SALE,Activity,Activity.Tab.Events,OR
SALE,Activity,MarkAsComplete,OR
SALE,Activity,Cancel,OR
SALE,Activity,ReOpen,OR
SALE,Opportunity,NEW,OR
SALE,Opportunity,READ,OR
SALE,Opportunity,UPDATE,OR
SALE,Opportunity,Opportunity.Q.MyOpenOpportunities,OR
SALE,Master,SENDREQUEST,OR
SALE,Opportunity,Opportunity.Q.AllOpenOpportunities,OR
SALE,Opportunity,Opportunity.Q.MyClosedOpportunities,OR
SALE,Opportunity,Opportunity.Q.AllClosedOpportunities,OR
SALE,Opportunity,Opportunity.Q.AllOpportunities,OR
SALE,Opportunity,Opportunity.OpenByStage,OR
SALE,Opportunity,Opportunity.Tab.Overview,OR
SALE,Opportunity,Opportunity.Tab.General,OR
SALE,Opportunity,Opportunity.Tab.Products,OR
SALE,Opportunity,Opportunity.Tab.DocsOut,OR
SALE,Opportunity,Opportunity.Tab.DocsIn,OR
SALE,Master,SENDAWB,OR
SALE,Opportunity,Opportunity.Tab.Events,OR
SALE,Opportunity,CloseAsWon,OR
SALE,Opportunity,CloseAsLost,OR
SALE,Opportunity,ReOpen,OR
SALE,Opportunity,Copy,OR
SALE,Stage,NEW,OR
SALE,Stage,READ,OR
SALE,Stage,UPDATE,OR
SALE,Stage,ALLSTAGES,OR
SALE,Stage,Stage.Tab.General,OR
SALE,Master,AIREXPORTONLY,OR
SALE,Stage,Stage.Tab.Events,OR
SALE,General,STAGES,OR
SALE,OpportunityStage,NEW,OR
SALE,OpportunityStage,READ,OR
SALE,Master,BOOKING,OR
SALE,ErrorLog,GENERAL,OR
SALE,ErrorLog,EVENTS,OR
SALE,ErrorLog,ALLERRORLOG,OR
SALE,ErrorLog,EXCEPTION,OR
SALE,Report,READ,OR
SALE,Report,ALLREPORTS,OR
SALE,Master,PARTNERS,OR
SALE,Report,STATISTICSBYAIRLINE,OR
SALE,Report,STATISTICSBYSHIPPINGLINES,OR
SALE,Report,STATISTICSBYCUSTOMER,OR
SALE,Report,QUOTESSTATISTICS,OR
SALE,Master,PACKAGES,OR
SALE,Report,OCEANSHIPMENTREPORT,OR
SALE,ProductType,NEW,OR
SALE,ProductType,READ,OR
SALE,ProductType,UPDATE,OR
SALE,Shipment,UPDATE,OR
SALE,Master,ROUTINGS,OR
SALE,ProductType,ALLPRODUCTTYPES,OR
SALE,ProductType,ProductType.Tab.General,OR
SALE,ProductType,ProductType.Tab.Events,OR
SALE,General,PRODUCTTYPES,OR
SALE,Master,PAYABLES,OR
SALE,ExternalSystemsTablesCode,ALLEXTERNALSYSTEMSTABLESCODES,OR
SALE,ExternalSystemsTablesCode,READ,OR
SALE,ExternalSystemsTablesCode,UPDATE,OR
SALE,Master,RECEIVABLES,OR
SALE,Master,DOCSOUT,OR
SALE,Master,DOCSIN,OR
SALE,Master,EVENTS,OR
SALE,Master,CONSOLIDATION,OR
SALE,Commodity,NEW,OR
SALE,Commodity,UPDATE,OR
SALE,Commodity,Commodity.Q.AllQuery,OR
SALE,Commodity,Commodity.Tab.General,OR
SALE,TenantManagement,INACTIVETENANTMGS,OR
SALE,TenantManagement,TRAILTENANTMGS,OR
SALE,TenantManagement,PAYINGTENANTMGS,OR
SALE,TenantManagement,NOTRECURRINGTENANTS,OR
SALE,Master,UPDATE,OR
SALE,TenantManagement,STATISTICS,OR
SALE,RatesTable,RATESTABLE,OR
SALE,CreditCardType,GENERAL,OR
SALE,CreditCardType,ALLCREDITCARDS,OR
SALE,CreditCardType,READ,OR
SALE,LeadSource,NEW,OR
SALE,LeadSource,READ,OR
SALE,LeadSource,UPDATE,OR
SALE,Master,NEW,OR
SALE,LeadSource,ALLLEADSOURCES,OR
SALE,LeadSource,LeadSource.Tab.General,OR
SALE,LeadSource,LeadSource.Tab.Events,OR
SALE,General,LEADSOURCES,OR
SALE,Industry,NEW,OR
SALE,Industry,READ,OR
SALE,Industry,UPDATE,OR
SALE,Industry,ALLINDUSTRIES,OR
SALE,Industry,Industry.Tab.General,OR
SALE,Industry,Industry.Tab.Events,OR
SALE,Master,ACCOUNTINGREOPEN,OR
SALE,General,INDUSTRIES,OR
SALE,MoveType,GENERAL,OR
SALE,MoveType,ALLMOVETYPES,OR
SALE,MoveType,NEW,OR
SALE,MoveType,UPDATE,OR
SALE,MoveType,READ,OR
SALE,Competitor,NEW,OR
SALE,Master,OVERVIEW,OR
SALE,Competitor,READ,OR
SALE,Competitor,UPDATE,OR
SALE,Competitor,ALLCOMPETITORS,OR
SALE,Competitor,Competitor.Tab.General,OR
SALE,Competitor,Competitor.Tab.Events,OR
SALE,General,COMPETITORS,OR
SALE,AdditionalService,NEW,OR
SALE,AdditionalService,READ,OR
SALE,AdditionalService,UPDATE,OR
SALE,AdditionalService,ALLADDITIONALSERVICES,OR
SALE,Master,GENERAL,OR
SALE,AdditionalService,AdditionalService.Tab.General,OR
SALE,AdditionalService,AdditionalService.Tab.Events,OR
SALE,General,ADDITIONALSERVICES,OR
SALE,AnalyzeQueue,READ,OR
SALE,AnalyzeQueue,GENERAL,OR
SALE,AnalyzeQueue,EVENTS,OR
SALE,AnalyzeQueue,MESSAGEBODY,OR
SALE,AnalyzeQueue,ALLANALYZEQUS,OR
SALE,AnalyzeQueue,ANALYZEQUEUEERRORS,OR
SALE,ErrorLog,READ,OR
SALE,ARPayment,VOID,OR
SALE,ARPayment,APPROVE,OR
SALE,ARPayment,PRINT,OR
SALE,ARPayment,ALLPAYMENTS,OR
SALE,ARPayment,OPENPAYMENTS,OR
SALE,ARPayment,DRAFTPAYMENTS,OR
SALE,Account,ALLACCOUNTS,OR
SALE,APInvoice,NEW,OR
SALE,APInvoice,UPDATE,OR
SALE,APInvoice,DETAILS,OR
SALE,APInvoice,GENERAL,OR
SALE,APInvoice,DOCSOUT,OR
SALE,APInvoice,DOCSIN,OR
SALE,APInvoice,APPAYMENTS,OR
SALE,APInvoice,EVENTS,OR
SALE,Master,ACCOUNTINGCLOSE,OR
SALE,APInvoice,CANCELAPPROVAL,OR
SALE,APInvoice,VOID,OR
SALE,APInvoice,APPROVE,OR
SALE,APInvoice,ALLINVOICES,OR
SALE,APInvoice,WAITAPPROVAL,OR
SALE,APInvoice,UNPAIDINVOICES,OR
SALE,APPayment,NEW,OR
SALE,APPayment,UPDATE,OR
SALE,APPayment,DETAILS,OR
SALE,APPayment,DOCSOUT,OR
SALE,Master,OPERATIONALCLOSE,OR
SALE,APPayment,DOCSIN,OR
SALE,APPayment,EVENTS,OR
SALE,APPayment,CANCELAPPROVAL,OR
SALE,APPayment,VOID,OR
SALE,APPayment,APPROVE,OR
SALE,APPayment,PRINT,OR
SALE,APPayment,ALLPAYMENTS,OR
SALE,APPayment,OPENPAYMENTS,OR
SALE,APPayment,DRAFTPAYMENTS,OR
SALE,Master,OPERATIONALREOPEN,OR
SALE,ShippingAgent,NEW,OR
SALE,ShippingAgent,GENERAL,OR
SALE,ShippingAgent,ADDRESSES,OR
SALE,ShippingAgent,CONTACTS,OR
SALE,ShippingAgent,EVENTS,OR
SALE,ShippingAgent,UPDATE,OR
SALE,ShippingAgent,READ,OR
SALE,ShippingAgent,SHIPPINGAGENT,OR
SALE,Master,REACTIVATE,OR
SALE,CommunicationLog,READ,OR
SALE,CommunicationLog,GENERAL,OR
SALE,CommunicationLog,EVENTS,OR
SALE,CommunicationLog,RESEND,OR
SALE,CommunicationLog,MESSAGES,OR
SALE,CommunicationLog,ALLCOMMLOGS,OR
SALE,Tenant,GENERAL,OR
SALE,Master,CANCEL,OR
SALE,Tenant,EVENTS,OR
SALE,TenantManagement,READ,OR
SALE,TenantManagement,GENERAL,OR
SALE,TenantManagement,EVENTS,OR
SALE,TenantManagement,UPDATE,OR
SALE,TenantManagement,ALLTENANTMGS,OR
SALE,Quote,PARTNERS,OR
SALE,Quote,ROUTINGS,OR
SALE,Quote,CHARGES,OR
SALE,Quote,DOCSOUT,OR
SALE,Quote,DOCSIN,OR
SALE,Quote,EVENTS,OR
SALE,Quote,SETASSENT,OR
SALE,Quote,RETURNTODRAFT,OR
SALE,Quote,COPY,OR
SALE,Quote,CANCEL,OR
SALE,Quote,REACTIVATE,OR
SALE,Quote,BUILDSHIPMENT,OR
SALE,Shipment,ALLSHIPMENTS,OR
SALE,Quote,QUOTEQUOTATION,OR
SALE,Quote,READ,OR
SALE,Quote,COMMUNICATION,OR
SALE,Quote,CANCELLEDQUOTES,OR
SALE,Quote,ALLQUOTES,OR
SALE,Quote,EXPIREDQUOTES,OR
SALE,Quote,ACCEPTEDWITHOUTSHIPMENTS,OR
SALE,Quote,QUTALLFOLLOWUPS,OR
SALE,Shipment,CANCELLEDSHIPMENTS,OR
SALE,Quote,QUTMYFOLLOWUPS,OR
SALE,Quote,MYQUOTES,OR
SALE,Quote,PACKAGES,OR
SALE,Quote,DRAFTQUOTES,OR
SALE,Quote,SENTQUOTES,OR
SALE,Quote,ACCEPTEDQUOTES,OR
SALE,AccountingTransferHeader,DETAILS,OR
SALE,Shipment,ALLMASTERS,OR
SALE,AccountingTransferHeader,EVENTS,OR
SALE,ARInvoice,NEW,OR
SALE,ARInvoice,UPDATE,OR
SALE,ARInvoice,DETAILS,OR
SALE,ARInvoice,GENERAL,OR
SALE,ARInvoice,DOCSOUT,OR
SALE,ARInvoice,DOCSIN,OR
SALE,ARInvoice,ARPAYMENTS,OR
SALE,ARInvoice,EVENTS,OR
SALE,ARInvoice,AUTOCREDIT,OR
SALE,ARInvoice,SETASSENT,OR
SALE,ARInvoice,VOID,OR
SALE,ARInvoice,SETASDRAFT,OR
SALE,ARInvoice,SAVEANDAPPROVE,OR
SALE,ARInvoice,PRINT,OR
SALE,ARInvoice,ALLINVOICES,OR
SALE,ARInvoice,DRAFTINVOICES,OR
SALE,ARInvoice,UNPAIDINVOICES,OR
SALE,ARInvoice,NOTREADYINVOICES,OR
SALE,ARInvoice,MARKEDASBLOCKEDFORTRANSFER,OR
SALE,ARInvoice,TRANSFER,OR
SALE,ARInvoice,ERRORINTRANSFERINVOICES,OR
SALE,ARPayment,NEW,OR
SALE,ARPayment,UPDATE,OR
SALE,ARPayment,DETAILS,OR
SALE,ARPayment,DOCSOUT,OR
SALE,ARPayment,DOCSIN,OR
SALE,ARPayment,EVENTS,OR
SALE,ARPayment,CANCELAPPROVAL,OR
SALE,Contact,UPCOMINGBIRTHDAYSCONTACTS,OR
SALE,Contact,NOREMINDERSCONTACTS,OR
SALE,Contact,ACTIVEPRODUCTTYPES,OR
SALE,User,NEW,OR
SALE,User,UPDATE,OR
SALE,User,GENERAL,OR
SALE,User,ROLES,OR
SALE,User,PERMISSIONS,OR
SALE,User,EVENTS,OR
SALE,User,READ,OR
SALE,User,RESETPASSWORD,OR
SALE,State,NEW,OR
SALE,State,UPDATE,OR
SALE,State,GENERAL,OR
SALE,State,EVENTS,OR
SALE,State,READ,OR
SALE,State,STATES,OR
SALE,DocumentType,NEW,OR
SALE,DocumentType,UPDATE,OR
SALE,DocumentType,GENERAL,OR
SALE,DocumentType,TEMPLATES,OR
SALE,DocumentType,HTMLTEMPLATES,OR
SALE,DocumentType,CUSTOMEFIELD,OR
SALE,DocumentType,EVENTS,OR
SALE,DocumentType,READ,OR
SALE,DocumentType,DOCUMENTTYPES,OR
SALE,EventType,NEW,OR
SALE,EventType,UPDATE,OR
SALE,EventType,GENERAL,OR
SALE,EventType,EVENTS,OR
SALE,EventType,READ,OR
SALE,EventType,EVENTTYPES,OR
SALE,PackageType,NEW,OR
SALE,PackageType,UPDATE,OR
SALE,PackageType,GENERAL,OR
SALE,PackageType,EVENTS,OR
SALE,PackageType,READ,OR
SALE,PackageType,PACKAGETYPES,OR
SALE,Vessel,NEW,OR
SALE,Vessel,UPDATE,OR
SALE,Vessel,GENERAL,OR
SALE,Vessel,EVENTS,OR
SALE,Vessel,READ,OR
SALE,Vessel,VESSELS,OR
SALE,Warehouse,NEW,OR
SALE,Warehouse,UPDATE,OR
SALE,Warehouse,GENERAL,OR
SALE,Warehouse,ADDRESSES,OR
SALE,Warehouse,CONTACTS,OR
SALE,Warehouse,EVENTS,OR
SALE,Warehouse,READ,OR
SALE,Warehouse,WAREHOUSES,OR
SALE,Quote,NEW,OR
SALE,Quote,UPDATE,OR
SALE,Country,NEW,OR
SALE,Country,UPDATE,OR
SALE,Country,GENERAL,OR
SALE,Country,EVENTS,OR
SALE,Country,READ,OR
SALE,Country,COUNTRIES,OR
SALE,GlobalZone,NEW,OR
SALE,GlobalZone,UPDATE,OR
SALE,GlobalZone,GENERAL,OR
SLMN,Customer,CUSTOMERS,OR
SLMN,Customer,Customer.Feature.MyCustomers,OR
SLMN,Customer,COMMITMENT,OR
SLMN,Customer,MYCUSTOMRERSASACCMNGR,OR
SLMN,Customer,CUSTOMERSALESMANBYPRODUCT,OR
SLMN,Customer,CUSTOMERACCOUNTMANAGERBYPRODUCT,OR
SLMN,Customer,CUSTOMERFORWARDERBYPRODUCT,OR
SLMN,Customer,CUSTOMERMEDIATORBYPRODUCT,OR
SLMN,Customer,CUSTOMERCUSTOMSAGENTBYPRODUCT,OR
SLMN,Customer,ACTIVATE,OR
SLMN,Customer,READYACTIVATION,OR
SLMN,Customer,INACTIVE,OR
SLMN,Customer,REACTIVATE,OR
SLMN,Customer,SALES,OR
SLMN,Customer,STATISTICS,OR
SLMN,Customer,MYCUSTOMER,OR
SLMN,Customer,NOTMYCUSTOMER,OR
SLMN,Agent,NEW,OR
SLMN,Agent,UPDATE,OR
SLMN,Agent,GENERAL,OR
SLMN,Agent,BILLING,OR
SLMN,Agent,ADDRESSES,OR
SLMN,Agent,CONTACTS,OR
SLMN,Agent,EVENTS,OR
SLMN,Shipment,EVENTS,OR
SLMN,Agent,AGENTS,OR
SLMN,Agent,SHAREDLOGISTICSAGENTS,OR
SLMN,Vendor,NEW,OR
SLMN,Vendor,UPDATE,OR
SLMN,Vendor,GENERAL,OR
SLMN,Vendor,ADDRESSES,OR
SLMN,Vendor,CONTACTS,OR
SLMN,Vendor,EVENTS,OR
SLMN,Vendor,READ,OR
SLMN,Vendor,VENDORS,OR
SLMN,CustomAgent,NEW,OR
SLMN,CustomAgent,UPDATE,OR
SLMN,CustomAgent,GENERAL,OR
SLMN,CustomAgent,ADDRESSES,OR
SLMN,CustomAgent,CONTACTS,OR
SLMN,CustomAgent,EVENTS,OR
SLMN,CustomAgent,READ,OR
SLMN,CustomAgent,CUSTOMAGENT,OR
SLMN,Shipment,READ,OR
SLMN,Airline,NEW,OR
SLMN,Airline,UPDATE,OR
SLMN,Airline,GENERAL,OR
SLMN,Airline,BILLING,OR
SLMN,Airline,STACK,OR
SLMN,Airline,ADDRESSES,OR
SLMN,Airline,CONTACTS,OR
SLMN,Airline,SURCHARGETARRIF,OR
SLMN,Shipment,GENERAL,OR
SLMN,General,PORTS,OR
SLMN,Master,PACKAGES,OR
SLMN,Report,OCEANSHIPMENTREPORT,OR
SLMN,ProductType,NEW,OR
SLMN,ProductType,READ,OR
SLMN,ProductType,UPDATE,OR
SLMN,Shipment,UPDATE,OR
SLMN,Master,ROUTINGS,OR
SLMN,ProductType,ALLPRODUCTTYPES,OR
SLMN,ProductType,ProductType.Tab.General,OR
SLMN,ProductType,ProductType.Tab.Events,OR
SLMN,General,PRODUCTTYPES,OR
SLMN,Master,PAYABLES,OR
SLMN,ExternalSystemsTablesCode,ALLEXTERNALSYSTEMSTABLESCODES,OR
SLMN,ExternalSystemsTablesCode,READ,OR
SLMN,ExternalSystemsTablesCode,UPDATE,OR
SLMN,Master,RECEIVABLES,OR
SLMN,Master,DOCSOUT,OR
SLMN,Master,DOCSIN,OR
SLMN,Master,EVENTS,OR
SLMN,Master,CONSOLIDATION,OR
SLMN,Commodity,NEW,OR
SLMN,Commodity,UPDATE,OR
SLMN,Commodity,Commodity.Q.AllQuery,OR
SLMN,Commodity,Commodity.Tab.General,OR
SLMN,TenantManagement,INACTIVETENANTMGS,OR
SLMN,TenantManagement,TRAILTENANTMGS,OR
SLMN,TenantManagement,PAYINGTENANTMGS,OR
SLMN,TenantManagement,NOTRECURRINGTENANTS,OR
SLMN,Master,UPDATE,OR
SLMN,PaymentTerm,EVENTS,OR
SLMN,PaymentTerm,READ,OR
SLMN,PaymentTerm,PAYMENTTERMS,OR
SLMN,PaymentTerm,ACCOUNTING,OR
SLMN,Currency,NEW,OR
SLMN,Currency,UPDATE,OR
SLMN,Currency,GENERAL,OR
SLMN,Currency,EVENTS,OR
SLMN,Currency,READ,OR
SLMN,Currency,CURRENCIES,OR
SLMN,Shipment,ALLTRANSPORTMODES,OR
SLMN,VatType,READ,OR
SLMN,VatType,VATTYPES,OR
SLMN,ChargesType,NEW,OR
SLMN,ChargesType,UPDATE,OR
SLMN,ChargesType,GENERAL,OR
SLMN,ChargesType,EVENTS,OR
SLMN,ChargesType,READ,OR
SLMN,ChargesType,CHARGESTYPES,OR
SLMN,Port,NEW,OR
SLMN,Port,UPDATE,OR
SLMN,Port,GENERAL,OR
SLMN,Port,EVENTS,OR
SLMN,Port,READ,OR
SLMN,Port,PORTS,OR
SLMN,Customer,UPDATE,OR
SLMN,Customer,OVERVIEW,OR
SLMN,Customer,GENERAL,OR
SLMN,Customer,BILLING,OR
SLMN,Customer,ADDRESSES,OR
SLMN,Customer,CONTACTS,OR
SLMN,Customer,SHAREDLOGISTIC,OR
SLMN,Customer,EVENTS,OR
SLMN,Customer,READ,OR
SLMN,Customer,BYLASTSHIPMETN,OR
SLMN,General,General.Features.CustomerActivation,OR
SLMN,Customer,NEW,OR
SLMN,BusinessUnit,READ,OR
SLMN,BusinessUnit,BusinessUnit.Q.AllQuery,OR
SLMN,BusinessUnit,BusinessUnit.Tab.General,OR
SLMN,Master,COPY,OR
SLMN,BusinessUnit,BusinessUnit.M.BusinessUnits,OR
SLMN,Activity,NEW,OR
SLMN,Activity,READ,OR
SLMN,Activity,UPDATE,OR
SLMN,Activity,Activity.Q.MyOpenActivities,OR
SLMN,Activity,Activity.Q.AllOpenActivities,OR
SLMN,Activity,Activity.Q.MyClosedActivities,OR
SLMN,Activity,Activity.Q.AllClosedActivities,OR
SLMN,Master,COMMUNICATIONS,OR
SLMN,Activity,Activity.Q.AllActivities,OR
SLMN,Activity,Activity.Tab.General,OR
SLMN,Activity,Activity.Tab.Events,OR
SLMN,Activity,MarkAsComplete,OR
SLMN,Activity,Cancel,OR
SLMN,Activity,ReOpen,OR
SLMN,Opportunity,NEW,OR
SLMN,Opportunity,READ,OR
SLMN,Opportunity,UPDATE,OR
SLMN,Opportunity,Opportunity.Q.MyOpenOpportunities,OR
SLMN,Master,SENDREQUEST,OR
SLMN,Opportunity,Opportunity.Q.AllOpenOpportunities,OR
SLMN,Opportunity,Opportunity.Q.MyClosedOpportunities,OR
SLMN,Opportunity,Opportunity.Q.AllClosedOpportunities,OR
SLMN,Opportunity,Opportunity.Q.AllOpportunities,OR
SLMN,Opportunity,Opportunity.OpenByStage,OR
SLMN,Opportunity,Opportunity.Tab.Overview,OR
SLMN,Opportunity,Opportunity.Tab.General,OR
SLMN,Opportunity,Opportunity.Tab.Products,OR
SLMN,Opportunity,Opportunity.Tab.DocsOut,OR
SLMN,Opportunity,Opportunity.Tab.DocsIn,OR
SLMN,Master,SENDAWB,OR
SLMN,Opportunity,Opportunity.Tab.Events,OR
SLMN,Opportunity,CloseAsWon,OR
SLMN,Opportunity,CloseAsLost,OR
SLMN,Opportunity,ReOpen,OR
SLMN,Opportunity,Copy,OR
SLMN,Stage,NEW,OR
SLMN,Stage,READ,OR
SLMN,Stage,UPDATE,OR
SLMN,Stage,ALLSTAGES,OR
SLMN,Stage,Stage.Tab.General,OR
SLMN,Master,AIREXPORTONLY,OR
SLMN,Stage,Stage.Tab.Events,OR
SLMN,General,STAGES,OR
SLMN,OpportunityStage,NEW,OR
SLMN,OpportunityStage,READ,OR
SLMN,Master,BOOKING,OR
SLMN,ErrorLog,GENERAL,OR
SLMN,ErrorLog,EVENTS,OR
SLMN,ErrorLog,ALLERRORLOG,OR
SLMN,ErrorLog,EXCEPTION,OR
SLMN,Report,READ,OR
SLMN,Report,ALLREPORTS,OR
SLMN,Master,PARTNERS,OR
SLMN,Report,STATISTICSBYAIRLINE,OR
SLMN,Report,STATISTICSBYSHIPPINGLINES,OR
SLMN,Report,STATISTICSBYCUSTOMER,OR
SLMN,Report,QUOTESSTATISTICS,OR
SLMN,ShippingLine,CONTACTS,OR
SLMN,ShippingLine,EVENTS,OR
SLMN,ShippingLine,READ,OR
SLMN,ShippingLine,SHIPPINGLINE,OR
SLMN,Trucker,READ,OR
SLMN,Trucker,TRUCKERS,OR
SLMN,Incoterm,NEW,OR
SLMN,Incoterm,UPDATE,OR
SLMN,Incoterm,GENERAL,OR
SLMN,Incoterm,EVENTS,OR
SLMN,Incoterm,READ,OR
SLMN,Incoterm,INCOTERMS,OR
SLMN,PaymentTerm,GENERAL,OR
SLMN,General,MOVETYPES,OR
SLMN,OpportunityStage,UPDATE,OR
SLMN,Customer,Customer.Feature.ReadyCustomers,OR
SLMN,Quote,QUOTEACCEPTED,OR
SLMN,Quote,QUOTEDECLINED,OR
SLMN,Master,ALLTRANSPORTMODES,OR
SLMN,Master,SENDRESPONSE,OR
SLMN,Master,OPERATIONALOPEN,OR
SLMN,CommunicationLog,MESSAGEBODY,OR
SLMN,Master,ACCOUNTINGOPEN,OR
SLMN,Master,ALLMASTERS,OR
SLMN,Master,CANCELLEDMASTERS,OR
SLMN,General,QUOTES,OR
SLMN,General,SHIPMENTS,OR
SLMN,General,MAINTENANCE,OR
SLMN,General,CONTACTS,OR
SLMN,General,AGENTS,OR
SLMN,General,CUSTOMAGENTS,OR
SLMN,General,SHIPPINGAGENTS,OR
SLMN,General,AIRLINES,OR
SLMN,General,SHIPPINGLINES,OR
SLMN,General,TRUCKERS,OR
SLMN,General,CURRENCIES,OR
SLMN,General,CHARGESTYPES,OR
SLMN,General,COUNTRIES,OR
SLMN,General,GLOBALZONES,OR
SLMN,General,STATES,OR
SLMN,General,EVENTTYPES,OR
SLMN,General,VESSELS,OR
SLMN,Shipment,ORDERS,OR
SLMN,General,WAREHOUSES,OR
SLMN,General,RATESTABLES,OR
SLMN,General,VENDORS,OR
SLMN,General,GETTINGSTARTED,OR
SLMN,General,DOCSIN,OR
SLMN,General,BUILDQUERIES,OR
SLMN,Shipment,PARTNERS,OR
SLMN,General,CUSTOMIZATION,OR
SLMN,General,SHAREDLOGISTICSMENU,OR
SLMN,General,CUSTOMS,OR
SLMN,General,CRM,OR
SLMN,General,SOCIAL,OR
SLMN,Shipment,PACKAGES,OR
SLMN,General,SOCIALGENERAL,OR
SLMN,General,PERSONALSETTINGS,OR
SLMN,General,SYSTEMSETTINGS,OR
SLMN,General,OPERATIONS,OR
SLMN,Shipment,ROUTINGS,OR
SLMN,General,General.Features.SystemCurrencies,OR
SLMN,General,General.Features.Signature,OR
SLMN,General,General.Features.ChangePassword,OR
SLMN,DocumentType,READ,OR
SLMN,DocumentType,DOCUMENTTYPES,OR
SLMN,EventType,NEW,OR
SLMN,EventType,UPDATE,OR
SLMN,EventType,GENERAL,OR
SLMN,EventType,EVENTS,OR
SLMN,EventType,READ,OR
SLMN,EventType,EVENTTYPES,OR
SLMN,PackageType,NEW,OR
SLMN,PackageType,UPDATE,OR
SLMN,PackageType,GENERAL,OR
SLMN,PackageType,EVENTS,OR
SLMN,PackageType,READ,OR
SLMN,PackageType,PACKAGETYPES,OR
SLMN,Vessel,NEW,OR
SLMN,Vessel,UPDATE,OR
SLMN,Vessel,GENERAL,OR
SLMN,Vessel,EVENTS,OR
SLMN,Vessel,READ,OR
SLMN,Vessel,VESSELS,OR
SLMN,Warehouse,NEW,OR
SLMN,Warehouse,UPDATE,OR
SLMN,Warehouse,GENERAL,OR
SLMN,Warehouse,ADDRESSES,OR
SLMN,Warehouse,CONTACTS,OR
SLMN,Warehouse,EVENTS,OR
SLMN,Warehouse,READ,OR
SLMN,Warehouse,WAREHOUSES,OR
SLMN,Quote,NEW,OR
SLMN,Quote,UPDATE,OR
SLMN,Country,NEW,OR
SLMN,Country,UPDATE,OR
SLMN,Country,GENERAL,OR
SLMN,Country,EVENTS,OR
SLMN,Country,READ,OR
SLMN,Country,COUNTRIES,OR
SLMN,GlobalZone,NEW,OR
SLMN,GlobalZone,UPDATE,OR
SLMN,GlobalZone,GENERAL,OR
SLMN,GlobalZone,EVENTS,OR
SLMN,GlobalZone,READ,OR
SLMN,GlobalZone,GLOBALZONES,OR
SLMN,Branch,READ,OR
SLMN,Department,GENERAL,OR
SLMN,Department,EVENTS,OR
SLMN,Department,READ,OR
SLMN,Department,DEPARTMENTS,OR
SLMN,QuoteTemplate,GENERAL,OR
SLMN,QuoteTemplate,EVENTS,OR
SLMN,QuoteTemplate,QUOTETEMPLATES,OR
SLMN,QuoteTemplate,SETTINGS,OR
SLMN,Contact,NEW,OR
SLMN,Contact,UPDATE,OR
SLMN,Contact,GENERAL,OR
SLMN,Contact,EVENTS,OR
SLMN,Contact,READ,OR
SLMN,Contact,CONTACTS,OR
SLMN,Airline,EVENTS,OR
SLMN,Airline,READ,OR
SLMN,Airline,AIRLINES,OR
SLMN,ShippingLine,NEW,OR
SLMN,ShippingLine,UPDATE,OR
SLMN,ShippingLine,GENERAL,OR
SLMN,ShippingLine,ADDRESSES,OR
SLMN,Quote,ACCEPTEDWITHOUTSHIPMENTS,OR
SLMN,Quote,QUTALLFOLLOWUPS,OR
SLMN,Shipment,CANCELLEDSHIPMENTS,OR
SLMN,Quote,QUTMYFOLLOWUPS,OR
SLMN,Quote,MYQUOTES,OR
SLMN,Quote,PACKAGES,OR
SLMN,Quote,DRAFTQUOTES,OR
SLMN,Quote,SENTQUOTES,OR
SLMN,Quote,ACCEPTEDQUOTES,OR
SLMN,AccountingTransferHeader,DETAILS,OR
SLMN,Shipment,ALLMASTERS,OR
SLMN,AccountingTransferHeader,EVENTS,OR
SLMN,ARInvoice,NEW,OR
SLMN,ARInvoice,UPDATE,OR
SLMN,ARInvoice,DETAILS,OR
SLMN,ARInvoice,GENERAL,OR
SLMN,ARInvoice,DOCSOUT,OR
SLMN,ARInvoice,DOCSIN,OR
SLMN,ARInvoice,ARPAYMENTS,OR
SLMN,ARInvoice,EVENTS,OR
SLMN,ARInvoice,AUTOCREDIT,OR
SLMN,ARInvoice,SETASSENT,OR
SLMN,ARInvoice,VOID,OR
SLMN,ARInvoice,SETASDRAFT,OR
SLMN,ARInvoice,SAVEANDAPPROVE,OR
SLMN,ARInvoice,PRINT,OR
SLMN,ARInvoice,ALLINVOICES,OR
SLMN,ARInvoice,DRAFTINVOICES,OR
SLMN,ARInvoice,UNPAIDINVOICES,OR
SLMN,ARInvoice,NOTREADYINVOICES,OR
SLMN,ARInvoice,MARKEDASBLOCKEDFORTRANSFER,OR
SLMN,ARInvoice,TRANSFER,OR
SLMN,ARInvoice,ERRORINTRANSFERINVOICES,OR
SLMN,ARPayment,NEW,OR
SLMN,ARPayment,UPDATE,OR
SLMN,ARPayment,DETAILS,OR
SLMN,ARPayment,DOCSOUT,OR
SLMN,ARPayment,DOCSIN,OR
SLMN,ARPayment,EVENTS,OR
SLMN,ARPayment,CANCELAPPROVAL,OR
SLMN,Contact,UPCOMINGBIRTHDAYSCONTACTS,OR
SLMN,Contact,NOREMINDERSCONTACTS,OR
SLMN,Contact,ACTIVEPRODUCTTYPES,OR
SLMN,User,NEW,OR
SLMN,User,UPDATE,OR
SLMN,User,GENERAL,OR
SLMN,User,ROLES,OR
SLMN,User,PERMISSIONS,OR
SLMN,User,EVENTS,OR
SLMN,User,READ,OR
SLMN,User,RESETPASSWORD,OR
SLMN,State,NEW,OR
SLMN,State,UPDATE,OR
SLMN,State,GENERAL,OR
SLMN,State,EVENTS,OR
SLMN,State,READ,OR
SLMN,State,STATES,OR
SLMN,DocumentType,NEW,OR
SLMN,DocumentType,UPDATE,OR
SLMN,DocumentType,GENERAL,OR
SLMN,DocumentType,TEMPLATES,OR
SLMN,DocumentType,HTMLTEMPLATES,OR
SLMN,DocumentType,CUSTOMEFIELD,OR
SLMN,DocumentType,EVENTS,OR
SLMN,Master,ACCOUNTINGCLOSE,OR
SLMN,APInvoice,CANCELAPPROVAL,OR
SLMN,APInvoice,VOID,OR
SLMN,APInvoice,APPROVE,OR
SLMN,APInvoice,ALLINVOICES,OR
SLMN,APInvoice,WAITAPPROVAL,OR
SLMN,APInvoice,UNPAIDINVOICES,OR
SLMN,APPayment,NEW,OR
SLMN,APPayment,UPDATE,OR
SLMN,APPayment,DETAILS,OR
SLMN,APPayment,DOCSOUT,OR
SLMN,Master,OPERATIONALCLOSE,OR
SLMN,APPayment,DOCSIN,OR
SLMN,APPayment,EVENTS,OR
SLMN,APPayment,CANCELAPPROVAL,OR
SLMN,APPayment,VOID,OR
SLMN,APPayment,APPROVE,OR
SLMN,APPayment,PRINT,OR
SLMN,APPayment,ALLPAYMENTS,OR
SLMN,APPayment,OPENPAYMENTS,OR
SLMN,APPayment,DRAFTPAYMENTS,OR
SLMN,Master,OPERATIONALREOPEN,OR
SLMN,ShippingAgent,NEW,OR
SLMN,ShippingAgent,GENERAL,OR
SLMN,ShippingAgent,ADDRESSES,OR
SLMN,ShippingAgent,CONTACTS,OR
SLMN,ShippingAgent,EVENTS,OR
SLMN,ShippingAgent,UPDATE,OR
SLMN,ShippingAgent,READ,OR
SLMN,ShippingAgent,SHIPPINGAGENT,OR
SLMN,Master,REACTIVATE,OR
SLMN,CommunicationLog,READ,OR
SLMN,CommunicationLog,GENERAL,OR
SLMN,CommunicationLog,EVENTS,OR
SLMN,CommunicationLog,RESEND,OR
SLMN,CommunicationLog,MESSAGES,OR
SLMN,CommunicationLog,ALLCOMMLOGS,OR
SLMN,Tenant,GENERAL,OR
SLMN,Master,CANCEL,OR
SLMN,Tenant,EVENTS,OR
SLMN,TenantManagement,READ,OR
SLMN,TenantManagement,GENERAL,OR
SLMN,TenantManagement,EVENTS,OR
SLMN,TenantManagement,UPDATE,OR
SLMN,TenantManagement,ALLTENANTMGS,OR
SLMN,Quote,PARTNERS,OR
SLMN,Quote,ROUTINGS,OR
SLMN,Quote,CHARGES,OR
SLMN,Quote,DOCSOUT,OR
SLMN,Quote,DOCSIN,OR
SLMN,Quote,EVENTS,OR
SLMN,Quote,SETASSENT,OR
SLMN,Quote,RETURNTODRAFT,OR
SLMN,Quote,COPY,OR
SLMN,Quote,CANCEL,OR
SLMN,Quote,REACTIVATE,OR
SLMN,Quote,BUILDSHIPMENT,OR
SLMN,Shipment,ALLSHIPMENTS,OR
SLMN,Quote,QUOTEQUOTATION,OR
SLMN,Quote,READ,OR
SLMN,Quote,COMMUNICATION,OR
SLMN,Quote,CANCELLEDQUOTES,OR
SLMN,Quote,ALLQUOTES,OR
SLMN,Quote,EXPIREDQUOTES,OR
SLMN,TenantManagement,STATISTICS,OR
SLMN,RatesTable,RATESTABLE,OR
SLMN,CreditCardType,GENERAL,OR
SLMN,CreditCardType,ALLCREDITCARDS,OR
SLMN,CreditCardType,READ,OR
SLMN,LeadSource,NEW,OR
SLMN,LeadSource,READ,OR
SLMN,LeadSource,UPDATE,OR
SLMN,Master,NEW,OR
SLMN,LeadSource,ALLLEADSOURCES,OR
SLMN,LeadSource,LeadSource.Tab.General,OR
SLMN,LeadSource,LeadSource.Tab.Events,OR
SLMN,General,LEADSOURCES,OR
SLMN,Industry,NEW,OR
SLMN,Industry,READ,OR
SLMN,Industry,UPDATE,OR
SLMN,Industry,ALLINDUSTRIES,OR
SLMN,Industry,Industry.Tab.General,OR
SLMN,Industry,Industry.Tab.Events,OR
SLMN,Master,ACCOUNTINGREOPEN,OR
SLMN,General,INDUSTRIES,OR
SLMN,MoveType,GENERAL,OR
SLMN,MoveType,ALLMOVETYPES,OR
SLMN,MoveType,NEW,OR
SLMN,MoveType,UPDATE,OR
SLMN,MoveType,READ,OR
SLMN,Competitor,NEW,OR
SLMN,Master,OVERVIEW,OR
SLMN,Competitor,READ,OR
SLMN,Competitor,UPDATE,OR
SLMN,Competitor,ALLCOMPETITORS,OR
SLMN,Competitor,Competitor.Tab.General,OR
SLMN,Competitor,Competitor.Tab.Events,OR
SLMN,General,COMPETITORS,OR
SLMN,AdditionalService,NEW,OR
SLMN,AdditionalService,READ,OR
SLMN,AdditionalService,UPDATE,OR
SLMN,AdditionalService,ALLADDITIONALSERVICES,OR
SLMN,Master,GENERAL,OR
SLMN,AdditionalService,AdditionalService.Tab.General,OR
SLMN,AdditionalService,AdditionalService.Tab.Events,OR
SLMN,General,ADDITIONALSERVICES,OR
SLMN,AnalyzeQueue,READ,OR
SLMN,AnalyzeQueue,GENERAL,OR
SLMN,AnalyzeQueue,EVENTS,OR
SLMN,AnalyzeQueue,MESSAGEBODY,OR
SLMN,AnalyzeQueue,ALLANALYZEQUS,OR
SLMN,AnalyzeQueue,ANALYZEQUEUEERRORS,OR
SLMN,ErrorLog,READ,OR
SLMN,ARPayment,VOID,OR
SLMN,ARPayment,APPROVE,OR
SLMN,ARPayment,PRINT,OR
SLMN,ARPayment,ALLPAYMENTS,OR
SLMN,ARPayment,OPENPAYMENTS,OR
SLMN,ARPayment,DRAFTPAYMENTS,OR
SLMN,Account,ALLACCOUNTS,OR
SLMN,APInvoice,NEW,OR
SLMN,APInvoice,UPDATE,OR
SLMN,APInvoice,DETAILS,OR
SLMN,APInvoice,GENERAL,OR
SLMN,APInvoice,DOCSOUT,OR
SLMN,APInvoice,DOCSIN,OR
SLMN,APInvoice,APPAYMENTS,OR
SLMN,APInvoice,EVENTS,OR
VPSL,Customer,CUSTOMERS,OR
VPSL,Customer,Customer.Feature.MyCustomers,OR
VPSL,Customer,COMMITMENT,OR
VPSL,Customer,MYCUSTOMRERSASACCMNGR,OR
VPSL,Customer,CUSTOMERSALESMANBYPRODUCT,OR
VPSL,Customer,CUSTOMERACCOUNTMANAGERBYPRODUCT,OR
VPSL,Customer,CUSTOMERFORWARDERBYPRODUCT,OR
VPSL,Customer,CUSTOMERMEDIATORBYPRODUCT,OR
VPSL,Customer,CUSTOMERCUSTOMSAGENTBYPRODUCT,OR
VPSL,Customer,ACTIVATE,OR
VPSL,Customer,READYACTIVATION,OR
VPSL,Customer,INACTIVE,OR
VPSL,Customer,REACTIVATE,OR
VPSL,Customer,SALES,OR
VPSL,Customer,STATISTICS,OR
VPSL,Customer,MYCUSTOMER,OR
VPSL,Customer,NOTMYCUSTOMER,OR
VPSL,Agent,NEW,OR
VPSL,Agent,UPDATE,OR
VPSL,Agent,GENERAL,OR
VPSL,Agent,BILLING,OR
VPSL,Agent,ADDRESSES,OR
VPSL,Agent,CONTACTS,OR
VPSL,Agent,EVENTS,OR
VPSL,Shipment,EVENTS,OR
VPSL,Agent,AGENTS,OR
VPSL,Agent,SHAREDLOGISTICSAGENTS,OR
VPSL,Vendor,NEW,OR
VPSL,Vendor,UPDATE,OR
VPSL,Vendor,GENERAL,OR
VPSL,Vendor,ADDRESSES,OR
VPSL,Vendor,CONTACTS,OR
VPSL,Vendor,EVENTS,OR
VPSL,Vendor,READ,OR
VPSL,Vendor,VENDORS,OR
VPSL,CustomAgent,NEW,OR
VPSL,CustomAgent,UPDATE,OR
VPSL,CustomAgent,GENERAL,OR
VPSL,CustomAgent,ADDRESSES,OR
VPSL,CustomAgent,CONTACTS,OR
VPSL,CustomAgent,EVENTS,OR
VPSL,CustomAgent,READ,OR
VPSL,CustomAgent,CUSTOMAGENT,OR
VPSL,Shipment,READ,OR
VPSL,Airline,NEW,OR
VPSL,Airline,UPDATE,OR
VPSL,Airline,GENERAL,OR
VPSL,Airline,BILLING,OR
VPSL,Airline,STACK,OR
VPSL,Airline,ADDRESSES,OR
VPSL,Airline,CONTACTS,OR
VPSL,Airline,SURCHARGETARRIF,OR
VPSL,Shipment,GENERAL,OR
VPSL,General,PORTS,OR
VPSL,QuoteTemplate,EVENTS,OR
VPSL,QuoteTemplate,QUOTETEMPLATES,OR
VPSL,QuoteTemplate,SETTINGS,OR
VPSL,Contact,NEW,OR
VPSL,Contact,UPDATE,OR
VPSL,Contact,GENERAL,OR
VPSL,Contact,EVENTS,OR
VPSL,Contact,READ,OR
VPSL,Contact,CONTACTS,OR
VPSL,Airline,EVENTS,OR
VPSL,Airline,READ,OR
VPSL,Airline,AIRLINES,OR
VPSL,ShippingLine,NEW,OR
VPSL,ShippingLine,UPDATE,OR
VPSL,ShippingLine,GENERAL,OR
VPSL,ShippingLine,ADDRESSES,OR
VPSL,ShippingLine,CONTACTS,OR
VPSL,ShippingLine,EVENTS,OR
VPSL,ShippingLine,READ,OR
VPSL,ShippingLine,SHIPPINGLINE,OR
VPSL,Trucker,READ,OR
VPSL,Trucker,TRUCKERS,OR
VPSL,Incoterm,NEW,OR
VPSL,Incoterm,UPDATE,OR
VPSL,Incoterm,GENERAL,OR
VPSL,Incoterm,EVENTS,OR
VPSL,Incoterm,READ,OR
VPSL,Incoterm,INCOTERMS,OR
VPSL,PaymentTerm,GENERAL,OR
VPSL,PaymentTerm,EVENTS,OR
VPSL,PaymentTerm,READ,OR
VPSL,PaymentTerm,PAYMENTTERMS,OR
VPSL,PaymentTerm,ACCOUNTING,OR
VPSL,Currency,NEW,OR
VPSL,Currency,UPDATE,OR
VPSL,Currency,GENERAL,OR
VPSL,Currency,EVENTS,OR
VPSL,Currency,READ,OR
VPSL,Currency,CURRENCIES,OR
VPSL,Shipment,ALLTRANSPORTMODES,OR
VPSL,VatType,READ,OR
VPSL,VatType,VATTYPES,OR
VPSL,ChargesType,NEW,OR
VPSL,ChargesType,UPDATE,OR
VPSL,ChargesType,GENERAL,OR
VPSL,ChargesType,EVENTS,OR
VPSL,ChargesType,READ,OR
VPSL,ChargesType,CHARGESTYPES,OR
VPSL,Port,NEW,OR
VPSL,Port,UPDATE,OR
VPSL,Port,GENERAL,OR
VPSL,Port,EVENTS,OR
VPSL,Port,READ,OR
VPSL,Port,PORTS,OR
VPSL,Customer,UPDATE,OR
VPSL,Customer,OVERVIEW,OR
VPSL,Customer,GENERAL,OR
VPSL,Customer,BILLING,OR
VPSL,Customer,ADDRESSES,OR
VPSL,Customer,CONTACTS,OR
VPSL,Customer,SHAREDLOGISTIC,OR
VPSL,Customer,EVENTS,OR
VPSL,Customer,READ,OR
VPSL,Customer,BYLASTSHIPMETN,OR
VPSL,User,EVENTS,OR
VPSL,User,READ,OR
VPSL,User,RESETPASSWORD,OR
VPSL,State,NEW,OR
VPSL,State,UPDATE,OR
VPSL,State,GENERAL,OR
VPSL,State,EVENTS,OR
VPSL,State,READ,OR
VPSL,State,STATES,OR
VPSL,DocumentType,NEW,OR
VPSL,DocumentType,UPDATE,OR
VPSL,DocumentType,GENERAL,OR
VPSL,DocumentType,TEMPLATES,OR
VPSL,DocumentType,HTMLTEMPLATES,OR
VPSL,DocumentType,CUSTOMEFIELD,OR
VPSL,DocumentType,EVENTS,OR
VPSL,DocumentType,READ,OR
VPSL,DocumentType,DOCUMENTTYPES,OR
VPSL,EventType,NEW,OR
VPSL,EventType,UPDATE,OR
VPSL,EventType,GENERAL,OR
VPSL,EventType,EVENTS,OR
VPSL,EventType,READ,OR
VPSL,EventType,EVENTTYPES,OR
VPSL,PackageType,NEW,OR
VPSL,PackageType,UPDATE,OR
VPSL,PackageType,GENERAL,OR
VPSL,PackageType,EVENTS,OR
VPSL,PackageType,READ,OR
VPSL,PackageType,PACKAGETYPES,OR
VPSL,Vessel,NEW,OR
VPSL,Vessel,UPDATE,OR
VPSL,Vessel,GENERAL,OR
VPSL,Vessel,EVENTS,OR
VPSL,Vessel,READ,OR
VPSL,Vessel,VESSELS,OR
VPSL,Warehouse,NEW,OR
VPSL,Warehouse,UPDATE,OR
VPSL,Warehouse,GENERAL,OR
VPSL,Warehouse,ADDRESSES,OR
VPSL,Warehouse,CONTACTS,OR
VPSL,Warehouse,EVENTS,OR
VPSL,Warehouse,READ,OR
VPSL,Warehouse,WAREHOUSES,OR
VPSL,Quote,NEW,OR
VPSL,Quote,UPDATE,OR
VPSL,Country,NEW,OR
VPSL,Country,UPDATE,OR
VPSL,Country,GENERAL,OR
VPSL,Country,EVENTS,OR
VPSL,Country,READ,OR
VPSL,Country,COUNTRIES,OR
VPSL,GlobalZone,NEW,OR
VPSL,GlobalZone,UPDATE,OR
VPSL,GlobalZone,GENERAL,OR
VPSL,GlobalZone,EVENTS,OR
VPSL,GlobalZone,READ,OR
VPSL,GlobalZone,GLOBALZONES,OR
VPSL,Branch,READ,OR
VPSL,Department,GENERAL,OR
VPSL,Department,EVENTS,OR
VPSL,Department,READ,OR
VPSL,Department,DEPARTMENTS,OR
VPSL,QuoteTemplate,GENERAL,OR
VPSL,Quote,DOCSOUT,OR
VPSL,Quote,DOCSIN,OR
VPSL,Quote,EVENTS,OR
VPSL,Quote,SETASSENT,OR
VPSL,Quote,RETURNTODRAFT,OR
VPSL,Quote,COPY,OR
VPSL,Quote,CANCEL,OR
VPSL,Quote,REACTIVATE,OR
VPSL,Quote,BUILDSHIPMENT,OR
VPSL,Shipment,ALLSHIPMENTS,OR
VPSL,Quote,QUOTEQUOTATION,OR
VPSL,Quote,READ,OR
VPSL,Quote,COMMUNICATION,OR
VPSL,Quote,CANCELLEDQUOTES,OR
VPSL,Quote,ALLQUOTES,OR
VPSL,Quote,EXPIREDQUOTES,OR
VPSL,Quote,ACCEPTEDWITHOUTSHIPMENTS,OR
VPSL,Quote,QUTALLFOLLOWUPS,OR
VPSL,Shipment,CANCELLEDSHIPMENTS,OR
VPSL,Quote,QUTMYFOLLOWUPS,OR
VPSL,Quote,MYQUOTES,OR
VPSL,Quote,PACKAGES,OR
VPSL,Quote,DRAFTQUOTES,OR
VPSL,Quote,SENTQUOTES,OR
VPSL,Quote,ACCEPTEDQUOTES,OR
VPSL,AccountingTransferHeader,DETAILS,OR
VPSL,Shipment,ALLMASTERS,OR
VPSL,AccountingTransferHeader,EVENTS,OR
VPSL,ARInvoice,NEW,OR
VPSL,ARInvoice,UPDATE,OR
VPSL,ARInvoice,DETAILS,OR
VPSL,ARInvoice,GENERAL,OR
VPSL,ARInvoice,DOCSOUT,OR
VPSL,ARInvoice,DOCSIN,OR
VPSL,ARInvoice,ARPAYMENTS,OR
VPSL,ARInvoice,EVENTS,OR
VPSL,ARInvoice,AUTOCREDIT,OR
VPSL,ARInvoice,SETASSENT,OR
VPSL,ARInvoice,VOID,OR
VPSL,ARInvoice,SETASDRAFT,OR
VPSL,ARInvoice,SAVEANDAPPROVE,OR
VPSL,ARInvoice,PRINT,OR
VPSL,ARInvoice,ALLINVOICES,OR
VPSL,ARInvoice,DRAFTINVOICES,OR
VPSL,ARInvoice,UNPAIDINVOICES,OR
VPSL,ARInvoice,NOTREADYINVOICES,OR
VPSL,ARInvoice,MARKEDASBLOCKEDFORTRANSFER,OR
VPSL,ARInvoice,TRANSFER,OR
VPSL,ARInvoice,ERRORINTRANSFERINVOICES,OR
VPSL,ARPayment,NEW,OR
VPSL,ARPayment,UPDATE,OR
VPSL,ARPayment,DETAILS,OR
VPSL,ARPayment,DOCSOUT,OR
VPSL,ARPayment,DOCSIN,OR
VPSL,ARPayment,EVENTS,OR
VPSL,ARPayment,CANCELAPPROVAL,OR
VPSL,Contact,UPCOMINGBIRTHDAYSCONTACTS,OR
VPSL,Contact,NOREMINDERSCONTACTS,OR
VPSL,Contact,ACTIVEPRODUCTTYPES,OR
VPSL,User,NEW,OR
VPSL,User,UPDATE,OR
VPSL,User,GENERAL,OR
VPSL,User,ROLES,OR
VPSL,User,PERMISSIONS,OR
VPSL,ErrorLog,READ,OR
VPSL,ARPayment,VOID,OR
VPSL,ARPayment,APPROVE,OR
VPSL,ARPayment,PRINT,OR
VPSL,ARPayment,ALLPAYMENTS,OR
VPSL,ARPayment,OPENPAYMENTS,OR
VPSL,ARPayment,DRAFTPAYMENTS,OR
VPSL,Account,ALLACCOUNTS,OR
VPSL,APInvoice,NEW,OR
VPSL,APInvoice,UPDATE,OR
VPSL,APInvoice,DETAILS,OR
VPSL,APInvoice,GENERAL,OR
VPSL,APInvoice,DOCSOUT,OR
VPSL,APInvoice,DOCSIN,OR
VPSL,APInvoice,APPAYMENTS,OR
VPSL,APInvoice,EVENTS,OR
VPSL,Master,ACCOUNTINGCLOSE,OR
VPSL,APInvoice,CANCELAPPROVAL,OR
VPSL,APInvoice,VOID,OR
VPSL,APInvoice,APPROVE,OR
VPSL,APInvoice,ALLINVOICES,OR
VPSL,APInvoice,WAITAPPROVAL,OR
VPSL,APInvoice,UNPAIDINVOICES,OR
VPSL,APPayment,NEW,OR
VPSL,APPayment,UPDATE,OR
VPSL,APPayment,DETAILS,OR
VPSL,APPayment,DOCSOUT,OR
VPSL,Master,OPERATIONALCLOSE,OR
VPSL,APPayment,DOCSIN,OR
VPSL,APPayment,EVENTS,OR
VPSL,APPayment,CANCELAPPROVAL,OR
VPSL,APPayment,VOID,OR
VPSL,APPayment,APPROVE,OR
VPSL,APPayment,PRINT,OR
VPSL,APPayment,ALLPAYMENTS,OR
VPSL,APPayment,OPENPAYMENTS,OR
VPSL,APPayment,DRAFTPAYMENTS,OR
VPSL,Master,OPERATIONALREOPEN,OR
VPSL,ShippingAgent,NEW,OR
VPSL,ShippingAgent,GENERAL,OR
VPSL,ShippingAgent,ADDRESSES,OR
VPSL,ShippingAgent,CONTACTS,OR
VPSL,ShippingAgent,EVENTS,OR
VPSL,ShippingAgent,UPDATE,OR
VPSL,ShippingAgent,READ,OR
VPSL,ShippingAgent,SHIPPINGAGENT,OR
VPSL,Master,REACTIVATE,OR
VPSL,CommunicationLog,READ,OR
VPSL,CommunicationLog,GENERAL,OR
VPSL,CommunicationLog,EVENTS,OR
VPSL,CommunicationLog,RESEND,OR
VPSL,CommunicationLog,MESSAGES,OR
VPSL,CommunicationLog,ALLCOMMLOGS,OR
VPSL,Tenant,GENERAL,OR
VPSL,Master,CANCEL,OR
VPSL,Tenant,EVENTS,OR
VPSL,TenantManagement,READ,OR
VPSL,TenantManagement,GENERAL,OR
VPSL,TenantManagement,EVENTS,OR
VPSL,TenantManagement,UPDATE,OR
VPSL,TenantManagement,ALLTENANTMGS,OR
VPSL,Quote,PARTNERS,OR
VPSL,Quote,ROUTINGS,OR
VPSL,Quote,CHARGES,OR
VPSL,ExternalSystemsTablesCode,READ,OR
VPSL,ExternalSystemsTablesCode,UPDATE,OR
VPSL,Master,RECEIVABLES,OR
VPSL,Master,DOCSOUT,OR
VPSL,Master,DOCSIN,OR
VPSL,Master,EVENTS,OR
VPSL,Master,CONSOLIDATION,OR
VPSL,Commodity,NEW,OR
VPSL,Commodity,UPDATE,OR
VPSL,Commodity,Commodity.Q.AllQuery,OR
VPSL,Commodity,Commodity.Tab.General,OR
VPSL,TenantManagement,INACTIVETENANTMGS,OR
VPSL,TenantManagement,TRAILTENANTMGS,OR
VPSL,TenantManagement,PAYINGTENANTMGS,OR
VPSL,TenantManagement,NOTRECURRINGTENANTS,OR
VPSL,Master,UPDATE,OR
VPSL,TenantManagement,STATISTICS,OR
VPSL,RatesTable,RATESTABLE,OR
VPSL,CreditCardType,GENERAL,OR
VPSL,CreditCardType,ALLCREDITCARDS,OR
VPSL,CreditCardType,READ,OR
VPSL,LeadSource,NEW,OR
VPSL,LeadSource,READ,OR
VPSL,LeadSource,UPDATE,OR
VPSL,Master,NEW,OR
VPSL,LeadSource,ALLLEADSOURCES,OR
VPSL,LeadSource,LeadSource.Tab.General,OR
VPSL,LeadSource,LeadSource.Tab.Events,OR
VPSL,General,LEADSOURCES,OR
VPSL,Industry,NEW,OR
VPSL,Industry,READ,OR
VPSL,Industry,UPDATE,OR
VPSL,Industry,ALLINDUSTRIES,OR
VPSL,Industry,Industry.Tab.General,OR
VPSL,Industry,Industry.Tab.Events,OR
VPSL,Master,ACCOUNTINGREOPEN,OR
VPSL,General,INDUSTRIES,OR
VPSL,MoveType,GENERAL,OR
VPSL,MoveType,ALLMOVETYPES,OR
VPSL,MoveType,NEW,OR
VPSL,MoveType,UPDATE,OR
VPSL,MoveType,READ,OR
VPSL,Competitor,NEW,OR
VPSL,Master,OVERVIEW,OR
VPSL,Competitor,READ,OR
VPSL,Competitor,UPDATE,OR
VPSL,Competitor,ALLCOMPETITORS,OR
VPSL,Competitor,Competitor.Tab.General,OR
VPSL,Competitor,Competitor.Tab.Events,OR
VPSL,General,COMPETITORS,OR
VPSL,AdditionalService,NEW,OR
VPSL,AdditionalService,READ,OR
VPSL,AdditionalService,UPDATE,OR
VPSL,AdditionalService,ALLADDITIONALSERVICES,OR
VPSL,Master,GENERAL,OR
VPSL,AdditionalService,AdditionalService.Tab.General,OR
VPSL,AdditionalService,AdditionalService.Tab.Events,OR
VPSL,General,ADDITIONALSERVICES,OR
VPSL,AnalyzeQueue,READ,OR
VPSL,AnalyzeQueue,GENERAL,OR
VPSL,AnalyzeQueue,EVENTS,OR
VPSL,AnalyzeQueue,MESSAGEBODY,OR
VPSL,AnalyzeQueue,ALLANALYZEQUS,OR
VPSL,AnalyzeQueue,ANALYZEQUEUEERRORS,OR
VPSL,Activity,Activity.Q.AllClosedActivities,OR
VPSL,Master,COMMUNICATIONS,OR
VPSL,Activity,Activity.Q.AllActivities,OR
VPSL,Activity,Activity.Tab.General,OR
VPSL,Activity,Activity.Tab.Events,OR
VPSL,Activity,MarkAsComplete,OR
VPSL,Activity,Cancel,OR
VPSL,Activity,ReOpen,OR
VPSL,Opportunity,NEW,OR
VPSL,Opportunity,READ,OR
VPSL,Opportunity,UPDATE,OR
VPSL,Opportunity,Opportunity.Q.MyOpenOpportunities,OR
VPSL,Master,SENDREQUEST,OR
VPSL,Opportunity,Opportunity.Q.AllOpenOpportunities,OR
VPSL,Opportunity,Opportunity.Q.MyClosedOpportunities,OR
VPSL,Opportunity,Opportunity.Q.AllClosedOpportunities,OR
VPSL,Opportunity,Opportunity.Q.AllOpportunities,OR
VPSL,Opportunity,Opportunity.OpenByStage,OR
VPSL,Opportunity,Opportunity.Tab.Overview,OR
VPSL,Opportunity,Opportunity.Tab.General,OR
VPSL,Opportunity,Opportunity.Tab.Products,OR
VPSL,Opportunity,Opportunity.Tab.DocsOut,OR
VPSL,Opportunity,Opportunity.Tab.DocsIn,OR
VPSL,Master,SENDAWB,OR
VPSL,Opportunity,Opportunity.Tab.Events,OR
VPSL,Opportunity,CloseAsWon,OR
VPSL,Opportunity,CloseAsLost,OR
VPSL,Opportunity,ReOpen,OR
VPSL,Opportunity,Copy,OR
VPSL,Stage,NEW,OR
VPSL,Stage,READ,OR
VPSL,Stage,UPDATE,OR
VPSL,Stage,ALLSTAGES,OR
VPSL,Stage,Stage.Tab.General,OR
VPSL,Master,AIREXPORTONLY,OR
VPSL,Stage,Stage.Tab.Events,OR
VPSL,General,STAGES,OR
VPSL,OpportunityStage,NEW,OR
VPSL,OpportunityStage,READ,OR
VPSL,Master,BOOKING,OR
VPSL,ErrorLog,GENERAL,OR
VPSL,ErrorLog,EVENTS,OR
VPSL,ErrorLog,ALLERRORLOG,OR
VPSL,ErrorLog,EXCEPTION,OR
VPSL,Report,READ,OR
VPSL,Report,ALLREPORTS,OR
VPSL,Master,PARTNERS,OR
VPSL,Report,STATISTICSBYAIRLINE,OR
VPSL,Report,STATISTICSBYSHIPPINGLINES,OR
VPSL,Report,STATISTICSBYCUSTOMER,OR
VPSL,Report,QUOTESSTATISTICS,OR
VPSL,Master,PACKAGES,OR
VPSL,Report,OCEANSHIPMENTREPORT,OR
VPSL,ProductType,NEW,OR
VPSL,ProductType,READ,OR
VPSL,ProductType,UPDATE,OR
VPSL,Shipment,UPDATE,OR
VPSL,Master,ROUTINGS,OR
VPSL,ProductType,ALLPRODUCTTYPES,OR
VPSL,ProductType,ProductType.Tab.General,OR
VPSL,ProductType,ProductType.Tab.Events,OR
VPSL,General,PRODUCTTYPES,OR
VPSL,Master,PAYABLES,OR
VPSL,ExternalSystemsTablesCode,ALLEXTERNALSYSTEMSTABLESCODES,OR
VPSL,General,MOVETYPES,OR
VPSL,OpportunityStage,UPDATE,OR
VPSL,Customer,Customer.Feature.ReadyCustomers,OR
VPSL,Quote,QUOTEACCEPTED,OR
VPSL,Quote,QUOTEDECLINED,OR
VPSL,Master,ALLTRANSPORTMODES,OR
VPSL,Master,SENDRESPONSE,OR
VPSL,Master,OPERATIONALOPEN,OR
VPSL,CommunicationLog,MESSAGEBODY,OR
VPSL,Master,ACCOUNTINGOPEN,OR
VPSL,Master,ALLMASTERS,OR
VPSL,Master,CANCELLEDMASTERS,OR
VPSL,General,QUOTES,OR
VPSL,General,SHIPMENTS,OR
VPSL,General,MAINTENANCE,OR
VPSL,General,CONTACTS,OR
VPSL,General,AGENTS,OR
VPSL,General,CUSTOMAGENTS,OR
VPSL,General,SHIPPINGAGENTS,OR
VPSL,General,AIRLINES,OR
VPSL,General,SHIPPINGLINES,OR
VPSL,General,TRUCKERS,OR
VPSL,General,CURRENCIES,OR
VPSL,General,CHARGESTYPES,OR
VPSL,General,COUNTRIES,OR
VPSL,General,GLOBALZONES,OR
VPSL,General,STATES,OR
VPSL,General,EVENTTYPES,OR
VPSL,General,VESSELS,OR
VPSL,Shipment,ORDERS,OR
VPSL,General,WAREHOUSES,OR
VPSL,General,RATESTABLES,OR
VPSL,General,VENDORS,OR
VPSL,General,GETTINGSTARTED,OR
VPSL,General,DOCSIN,OR
VPSL,General,BUILDQUERIES,OR
VPSL,Shipment,PARTNERS,OR
VPSL,General,CUSTOMIZATION,OR
VPSL,General,SHAREDLOGISTICSMENU,OR
VPSL,General,CUSTOMS,OR
VPSL,General,CRM,OR
VPSL,General,SOCIAL,OR
VPSL,Shipment,PACKAGES,OR
VPSL,General,SOCIALGENERAL,OR
VPSL,General,PERSONALSETTINGS,OR
VPSL,General,SYSTEMSETTINGS,OR
VPSL,General,OPERATIONS,OR
VPSL,Shipment,ROUTINGS,OR
VPSL,General,General.Features.SystemCurrencies,OR
VPSL,General,General.Features.Signature,OR
VPSL,General,General.Features.ChangePassword,OR
VPSL,General,General.Features.CustomerActivation,OR
VPSL,Customer,NEW,OR
VPSL,BusinessUnit,READ,OR
VPSL,BusinessUnit,BusinessUnit.Q.AllQuery,OR
VPSL,BusinessUnit,BusinessUnit.Tab.General,OR
VPSL,Master,COPY,OR
VPSL,BusinessUnit,BusinessUnit.M.BusinessUnits,OR
VPSL,Activity,NEW,OR
VPSL,Activity,READ,OR
VPSL,Activity,UPDATE,OR
VPSL,Activity,Activity.Q.MyOpenActivities,OR
VPSL,Activity,Activity.Q.AllOpenActivities,OR
VPSL,Activity,Activity.Q.MyClosedActivities,OR
SAL2,Customer,CUSTOMERS,OR
SAL2,Customer,Customer.Feature.MyCustomers,OR
SAL2,Customer,COMMITMENT,OR
SAL2,Customer,MYCUSTOMRERSASACCMNGR,OR
SAL2,Customer,CUSTOMERSALESMANBYPRODUCT,OR
SAL2,Customer,CUSTOMERACCOUNTMANAGERBYPRODUCT,OR
SAL2,Customer,CUSTOMERFORWARDERBYPRODUCT,OR
SAL2,Customer,CUSTOMERMEDIATORBYPRODUCT,OR
SAL2,Customer,CUSTOMERCUSTOMSAGENTBYPRODUCT,OR
SAL2,Customer,ACTIVATE,OR
SAL2,Customer,READYACTIVATION,OR
SAL2,Customer,INACTIVE,OR
SAL2,Customer,REACTIVATE,OR
SAL2,Customer,SALES,OR
SAL2,Customer,STATISTICS,OR
SAL2,Customer,MYCUSTOMER,OR
SAL2,Customer,NOTMYCUSTOMER,OR
SAL2,Agent,NEW,OR
SAL2,Agent,UPDATE,OR
SAL2,Agent,GENERAL,OR
SAL2,Agent,BILLING,OR
SAL2,Agent,ADDRESSES,OR
SAL2,Agent,CONTACTS,OR
SAL2,Agent,EVENTS,OR
SAL2,Shipment,EVENTS,OR
SAL2,Agent,AGENTS,OR
SAL2,Agent,SHAREDLOGISTICSAGENTS,OR
SAL2,Vendor,NEW,OR
SAL2,Vendor,UPDATE,OR
SAL2,Vendor,GENERAL,OR
SAL2,Vendor,ADDRESSES,OR
SAL2,Vendor,CONTACTS,OR
SAL2,Vendor,EVENTS,OR
SAL2,Vendor,READ,OR
SAL2,Vendor,VENDORS,OR
SAL2,CustomAgent,NEW,OR
SAL2,CustomAgent,UPDATE,OR
SAL2,CustomAgent,GENERAL,OR
SAL2,CustomAgent,ADDRESSES,OR
SAL2,CustomAgent,CONTACTS,OR
SAL2,CustomAgent,EVENTS,OR
SAL2,CustomAgent,READ,OR
SAL2,CustomAgent,CUSTOMAGENT,OR
SAL2,Shipment,READ,OR
SAL2,Airline,NEW,OR
SAL2,Airline,UPDATE,OR
SAL2,Airline,GENERAL,OR
SAL2,Airline,BILLING,OR
SAL2,Airline,STACK,OR
SAL2,Airline,ADDRESSES,OR
SAL2,Airline,CONTACTS,OR
SAL2,Airline,SURCHARGETARRIF,OR
SAL2,Shipment,GENERAL,OR
SAL2,General,PORTS,OR
SAL2,QuoteTemplate,EVENTS,OR
SAL2,QuoteTemplate,QUOTETEMPLATES,OR
SAL2,QuoteTemplate,SETTINGS,OR
SAL2,Contact,NEW,OR
SAL2,Contact,UPDATE,OR
SAL2,Contact,GENERAL,OR
SAL2,Contact,EVENTS,OR
SAL2,Contact,READ,OR
SAL2,Contact,CONTACTS,OR
SAL2,Airline,EVENTS,OR
SAL2,Airline,READ,OR
SAL2,Airline,AIRLINES,OR
SAL2,ShippingLine,NEW,OR
SAL2,ShippingLine,UPDATE,OR
SAL2,ShippingLine,GENERAL,OR
SAL2,ShippingLine,ADDRESSES,OR
SAL2,ShippingLine,CONTACTS,OR
SAL2,ShippingLine,EVENTS,OR
SAL2,ShippingLine,READ,OR
SAL2,ShippingLine,SHIPPINGLINE,OR
SAL2,Trucker,READ,OR
SAL2,Trucker,TRUCKERS,OR
SAL2,Incoterm,NEW,OR
SAL2,Incoterm,UPDATE,OR
SAL2,Incoterm,GENERAL,OR
SAL2,Incoterm,EVENTS,OR
SAL2,Incoterm,READ,OR
SAL2,Incoterm,INCOTERMS,OR
SAL2,PaymentTerm,GENERAL,OR
SAL2,PaymentTerm,EVENTS,OR
SAL2,PaymentTerm,READ,OR
SAL2,PaymentTerm,PAYMENTTERMS,OR
SAL2,PaymentTerm,ACCOUNTING,OR
SAL2,Currency,NEW,OR
SAL2,Currency,UPDATE,OR
SAL2,Currency,GENERAL,OR
SAL2,Currency,EVENTS,OR
SAL2,Currency,READ,OR
SAL2,Currency,CURRENCIES,OR
SAL2,Shipment,ALLTRANSPORTMODES,OR
SAL2,VatType,READ,OR
SAL2,VatType,VATTYPES,OR
SAL2,ChargesType,NEW,OR
SAL2,ChargesType,UPDATE,OR
SAL2,ChargesType,GENERAL,OR
SAL2,ChargesType,EVENTS,OR
SAL2,ChargesType,READ,OR
SAL2,ChargesType,CHARGESTYPES,OR
SAL2,Port,NEW,OR
SAL2,Port,UPDATE,OR
SAL2,Port,GENERAL,OR
SAL2,Port,EVENTS,OR
SAL2,Port,READ,OR
SAL2,Port,PORTS,OR
SAL2,Customer,UPDATE,OR
SAL2,Customer,OVERVIEW,OR
SAL2,Customer,GENERAL,OR
SAL2,Customer,BILLING,OR
SAL2,Customer,ADDRESSES,OR
SAL2,Customer,CONTACTS,OR
SAL2,Customer,SHAREDLOGISTIC,OR
SAL2,Customer,EVENTS,OR
SAL2,Customer,READ,OR
SAL2,Customer,BYLASTSHIPMETN,OR
SAL2,User,EVENTS,OR
SAL2,User,READ,OR
SAL2,User,RESETPASSWORD,OR
SAL2,State,NEW,OR
SAL2,State,UPDATE,OR
SAL2,State,GENERAL,OR
SAL2,State,EVENTS,OR
SAL2,State,READ,OR
SAL2,State,STATES,OR
SAL2,DocumentType,NEW,OR
SAL2,DocumentType,UPDATE,OR
SAL2,DocumentType,GENERAL,OR
SAL2,DocumentType,TEMPLATES,OR
SAL2,DocumentType,HTMLTEMPLATES,OR
SAL2,DocumentType,CUSTOMEFIELD,OR
SAL2,DocumentType,EVENTS,OR
SAL2,DocumentType,READ,OR
SAL2,DocumentType,DOCUMENTTYPES,OR
SAL2,EventType,NEW,OR
SAL2,EventType,UPDATE,OR
SAL2,EventType,GENERAL,OR
SAL2,EventType,EVENTS,OR
SAL2,EventType,READ,OR
SAL2,EventType,EVENTTYPES,OR
SAL2,PackageType,NEW,OR
SAL2,PackageType,UPDATE,OR
SAL2,PackageType,GENERAL,OR
SAL2,PackageType,EVENTS,OR
SAL2,PackageType,READ,OR
SAL2,PackageType,PACKAGETYPES,OR
SAL2,Vessel,NEW,OR
SAL2,Vessel,UPDATE,OR
SAL2,Vessel,GENERAL,OR
SAL2,Vessel,EVENTS,OR
SAL2,Vessel,READ,OR
SAL2,Vessel,VESSELS,OR
SAL2,Warehouse,NEW,OR
SAL2,Warehouse,UPDATE,OR
SAL2,Warehouse,GENERAL,OR
SAL2,Warehouse,ADDRESSES,OR
SAL2,Warehouse,CONTACTS,OR
SAL2,Warehouse,EVENTS,OR
SAL2,Warehouse,READ,OR
SAL2,Warehouse,WAREHOUSES,OR
SAL2,Quote,NEW,OR
SAL2,Quote,UPDATE,OR
SAL2,Country,NEW,OR
SAL2,Country,UPDATE,OR
SAL2,Country,GENERAL,OR
SAL2,Country,EVENTS,OR
SAL2,Country,READ,OR
SAL2,Country,COUNTRIES,OR
SAL2,GlobalZone,NEW,OR
SAL2,GlobalZone,UPDATE,OR
SAL2,GlobalZone,GENERAL,OR
SAL2,GlobalZone,EVENTS,OR
SAL2,GlobalZone,READ,OR
SAL2,GlobalZone,GLOBALZONES,OR
SAL2,Branch,READ,OR
SAL2,Department,GENERAL,OR
SAL2,Department,EVENTS,OR
SAL2,Department,READ,OR
SAL2,Department,DEPARTMENTS,OR
SAL2,QuoteTemplate,GENERAL,OR
SAL2,Quote,DOCSOUT,OR
SAL2,Quote,DOCSIN,OR
SAL2,Quote,EVENTS,OR
SAL2,Quote,SETASSENT,OR
SAL2,Quote,RETURNTODRAFT,OR
SAL2,Quote,COPY,OR
SAL2,Quote,CANCEL,OR
SAL2,Quote,REACTIVATE,OR
SAL2,Quote,BUILDSHIPMENT,OR
SAL2,Shipment,ALLSHIPMENTS,OR
SAL2,Quote,QUOTEQUOTATION,OR
SAL2,Quote,READ,OR
SAL2,Quote,COMMUNICATION,OR
SAL2,Quote,CANCELLEDQUOTES,OR
SAL2,Quote,ALLQUOTES,OR
SAL2,Quote,EXPIREDQUOTES,OR
SAL2,Quote,ACCEPTEDWITHOUTSHIPMENTS,OR
SAL2,Quote,QUTALLFOLLOWUPS,OR
SAL2,Shipment,CANCELLEDSHIPMENTS,OR
SAL2,Quote,QUTMYFOLLOWUPS,OR
SAL2,Quote,MYQUOTES,OR
SAL2,Quote,PACKAGES,OR
SAL2,Quote,DRAFTQUOTES,OR
SAL2,Quote,SENTQUOTES,OR
SAL2,Quote,ACCEPTEDQUOTES,OR
SAL2,AccountingTransferHeader,DETAILS,OR
SAL2,Shipment,ALLMASTERS,OR
SAL2,AccountingTransferHeader,EVENTS,OR
SAL2,ARInvoice,NEW,OR
SAL2,ARInvoice,UPDATE,OR
SAL2,ARInvoice,DETAILS,OR
SAL2,ARInvoice,GENERAL,OR
SAL2,ARInvoice,DOCSOUT,OR
SAL2,ARInvoice,DOCSIN,OR
SAL2,ARInvoice,ARPAYMENTS,OR
SAL2,ARInvoice,EVENTS,OR
SAL2,ARInvoice,AUTOCREDIT,OR
SAL2,ARInvoice,SETASSENT,OR
SAL2,ARInvoice,VOID,OR
SAL2,ARInvoice,SETASDRAFT,OR
SAL2,ARInvoice,SAVEANDAPPROVE,OR
SAL2,ARInvoice,PRINT,OR
SAL2,ARInvoice,ALLINVOICES,OR
SAL2,ARInvoice,DRAFTINVOICES,OR
SAL2,ARInvoice,UNPAIDINVOICES,OR
SAL2,ARInvoice,NOTREADYINVOICES,OR
SAL2,ARInvoice,MARKEDASBLOCKEDFORTRANSFER,OR
SAL2,ARInvoice,TRANSFER,OR
SAL2,ARInvoice,ERRORINTRANSFERINVOICES,OR
SAL2,ARPayment,NEW,OR
SAL2,ARPayment,UPDATE,OR
SAL2,ARPayment,DETAILS,OR
SAL2,ARPayment,DOCSOUT,OR
SAL2,ARPayment,DOCSIN,OR
SAL2,ARPayment,EVENTS,OR
SAL2,ARPayment,CANCELAPPROVAL,OR
SAL2,Contact,UPCOMINGBIRTHDAYSCONTACTS,OR
SAL2,Contact,NOREMINDERSCONTACTS,OR
SAL2,Contact,ACTIVEPRODUCTTYPES,OR
SAL2,User,NEW,OR
SAL2,User,UPDATE,OR
SAL2,User,GENERAL,OR
SAL2,User,ROLES,OR
SAL2,User,PERMISSIONS,OR
SAL2,ErrorLog,READ,OR
SAL2,ARPayment,VOID,OR
SAL2,ARPayment,APPROVE,OR
SAL2,ARPayment,PRINT,OR
SAL2,ARPayment,ALLPAYMENTS,OR
SAL2,ARPayment,OPENPAYMENTS,OR
SAL2,ARPayment,DRAFTPAYMENTS,OR
SAL2,Account,ALLACCOUNTS,OR
SAL2,APInvoice,NEW,OR
SAL2,APInvoice,UPDATE,OR
SAL2,APInvoice,DETAILS,OR
SAL2,APInvoice,GENERAL,OR
SAL2,APInvoice,DOCSOUT,OR
SAL2,APInvoice,DOCSIN,OR
SAL2,APInvoice,APPAYMENTS,OR
SAL2,APInvoice,EVENTS,OR
SAL2,Master,ACCOUNTINGCLOSE,OR
SAL2,APInvoice,CANCELAPPROVAL,OR
SAL2,APInvoice,VOID,OR
SAL2,APInvoice,APPROVE,OR
SAL2,APInvoice,ALLINVOICES,OR
SAL2,APInvoice,WAITAPPROVAL,OR
SAL2,APInvoice,UNPAIDINVOICES,OR
SAL2,APPayment,NEW,OR
SAL2,APPayment,UPDATE,OR
SAL2,APPayment,DETAILS,OR
SAL2,APPayment,DOCSOUT,OR
SAL2,Master,OPERATIONALCLOSE,OR
SAL2,APPayment,DOCSIN,OR
SAL2,APPayment,EVENTS,OR
SAL2,APPayment,CANCELAPPROVAL,OR
SAL2,APPayment,VOID,OR
SAL2,APPayment,APPROVE,OR
SAL2,APPayment,PRINT,OR
SAL2,APPayment,ALLPAYMENTS,OR
SAL2,APPayment,OPENPAYMENTS,OR
SAL2,APPayment,DRAFTPAYMENTS,OR
SAL2,Master,OPERATIONALREOPEN,OR
SAL2,ShippingAgent,NEW,OR
SAL2,ShippingAgent,GENERAL,OR
SAL2,ShippingAgent,ADDRESSES,OR
SAL2,ShippingAgent,CONTACTS,OR
SAL2,ShippingAgent,EVENTS,OR
SAL2,ShippingAgent,UPDATE,OR
SAL2,ShippingAgent,READ,OR
SAL2,ShippingAgent,SHIPPINGAGENT,OR
SAL2,Master,REACTIVATE,OR
SAL2,CommunicationLog,READ,OR
SAL2,CommunicationLog,GENERAL,OR
SAL2,CommunicationLog,EVENTS,OR
SAL2,CommunicationLog,RESEND,OR
SAL2,CommunicationLog,MESSAGES,OR
SAL2,CommunicationLog,ALLCOMMLOGS,OR
SAL2,Tenant,GENERAL,OR
SAL2,Master,CANCEL,OR
SAL2,Tenant,EVENTS,OR
SAL2,TenantManagement,READ,OR
SAL2,TenantManagement,GENERAL,OR
SAL2,TenantManagement,EVENTS,OR
SAL2,TenantManagement,UPDATE,OR
SAL2,TenantManagement,ALLTENANTMGS,OR
SAL2,Quote,PARTNERS,OR
SAL2,Quote,ROUTINGS,OR
SAL2,Quote,CHARGES,OR
SAL2,ExternalSystemsTablesCode,READ,OR
SAL2,ExternalSystemsTablesCode,UPDATE,OR
SAL2,Master,RECEIVABLES,OR
SAL2,Master,DOCSOUT,OR
SAL2,Master,DOCSIN,OR
SAL2,Master,EVENTS,OR
SAL2,Master,CONSOLIDATION,OR
SAL2,Commodity,NEW,OR
SAL2,Commodity,UPDATE,OR
SAL2,Commodity,Commodity.Q.AllQuery,OR
SAL2,Commodity,Commodity.Tab.General,OR
SAL2,TenantManagement,INACTIVETENANTMGS,OR
SAL2,TenantManagement,TRAILTENANTMGS,OR
SAL2,TenantManagement,PAYINGTENANTMGS,OR
SAL2,TenantManagement,NOTRECURRINGTENANTS,OR
SAL2,Master,UPDATE,OR
SAL2,TenantManagement,STATISTICS,OR
SAL2,RatesTable,RATESTABLE,OR
SAL2,CreditCardType,GENERAL,OR
SAL2,CreditCardType,ALLCREDITCARDS,OR
SAL2,CreditCardType,READ,OR
SAL2,LeadSource,NEW,OR
SAL2,LeadSource,READ,OR
SAL2,LeadSource,UPDATE,OR
SAL2,Master,NEW,OR
SAL2,LeadSource,ALLLEADSOURCES,OR
SAL2,LeadSource,LeadSource.Tab.General,OR
SAL2,LeadSource,LeadSource.Tab.Events,OR
SAL2,General,LEADSOURCES,OR
SAL2,Industry,NEW,OR
SAL2,Industry,READ,OR
SAL2,Industry,UPDATE,OR
SAL2,Industry,ALLINDUSTRIES,OR
SAL2,Industry,Industry.Tab.General,OR
SAL2,Industry,Industry.Tab.Events,OR
SAL2,Master,ACCOUNTINGREOPEN,OR
SAL2,General,INDUSTRIES,OR
SAL2,MoveType,GENERAL,OR
SAL2,MoveType,ALLMOVETYPES,OR
SAL2,MoveType,NEW,OR
SAL2,MoveType,UPDATE,OR
SAL2,MoveType,READ,OR
SAL2,Competitor,NEW,OR
SAL2,Master,OVERVIEW,OR
SAL2,Competitor,READ,OR
SAL2,Competitor,UPDATE,OR
SAL2,Competitor,ALLCOMPETITORS,OR
SAL2,Competitor,Competitor.Tab.General,OR
SAL2,Competitor,Competitor.Tab.Events,OR
SAL2,General,COMPETITORS,OR
SAL2,AdditionalService,NEW,OR
SAL2,AdditionalService,READ,OR
SAL2,AdditionalService,UPDATE,OR
SAL2,AdditionalService,ALLADDITIONALSERVICES,OR
SAL2,Master,GENERAL,OR
SAL2,AdditionalService,AdditionalService.Tab.General,OR
SAL2,AdditionalService,AdditionalService.Tab.Events,OR
SAL2,General,ADDITIONALSERVICES,OR
SAL2,AnalyzeQueue,READ,OR
SAL2,AnalyzeQueue,GENERAL,OR
SAL2,AnalyzeQueue,EVENTS,OR
SAL2,AnalyzeQueue,MESSAGEBODY,OR
SAL2,AnalyzeQueue,ALLANALYZEQUS,OR
SAL2,AnalyzeQueue,ANALYZEQUEUEERRORS,OR
SAL2,Activity,Activity.Q.AllClosedActivities,OR
SAL2,Master,COMMUNICATIONS,OR
SAL2,Activity,Activity.Q.AllActivities,OR
SAL2,Activity,Activity.Tab.General,OR
SAL2,Activity,Activity.Tab.Events,OR
SAL2,Activity,MarkAsComplete,OR
SAL2,Activity,Cancel,OR
SAL2,Activity,ReOpen,OR
SAL2,Opportunity,NEW,OR
SAL2,Opportunity,READ,OR
SAL2,Opportunity,UPDATE,OR
SAL2,Opportunity,Opportunity.Q.MyOpenOpportunities,OR
SAL2,Master,SENDREQUEST,OR
SAL2,Opportunity,Opportunity.Q.AllOpenOpportunities,OR
SAL2,Opportunity,Opportunity.Q.MyClosedOpportunities,OR
SAL2,Opportunity,Opportunity.Q.AllClosedOpportunities,OR
SAL2,Opportunity,Opportunity.Q.AllOpportunities,OR
SAL2,Opportunity,Opportunity.OpenByStage,OR
SAL2,Opportunity,Opportunity.Tab.Overview,OR
SAL2,Opportunity,Opportunity.Tab.General,OR
SAL2,Opportunity,Opportunity.Tab.Products,OR
SAL2,Opportunity,Opportunity.Tab.DocsOut,OR
SAL2,Opportunity,Opportunity.Tab.DocsIn,OR
SAL2,Master,SENDAWB,OR
SAL2,Opportunity,Opportunity.Tab.Events,OR
SAL2,Opportunity,CloseAsWon,OR
SAL2,Opportunity,CloseAsLost,OR
SAL2,Opportunity,ReOpen,OR
SAL2,Opportunity,Copy,OR
SAL2,Stage,NEW,OR
SAL2,Stage,READ,OR
SAL2,Stage,UPDATE,OR
SAL2,Stage,ALLSTAGES,OR
SAL2,Stage,Stage.Tab.General,OR
SAL2,Master,AIREXPORTONLY,OR
SAL2,Stage,Stage.Tab.Events,OR
SAL2,General,STAGES,OR
SAL2,OpportunityStage,NEW,OR
SAL2,OpportunityStage,READ,OR
SAL2,Master,BOOKING,OR
SAL2,ErrorLog,GENERAL,OR
SAL2,ErrorLog,EVENTS,OR
SAL2,ErrorLog,ALLERRORLOG,OR
SAL2,ErrorLog,EXCEPTION,OR
SAL2,Report,READ,OR
SAL2,Report,ALLREPORTS,OR
SAL2,Master,PARTNERS,OR
SAL2,Report,STATISTICSBYAIRLINE,OR
SAL2,Report,STATISTICSBYSHIPPINGLINES,OR
SAL2,Report,STATISTICSBYCUSTOMER,OR
SAL2,Report,QUOTESSTATISTICS,OR
SAL2,Master,PACKAGES,OR
SAL2,Report,OCEANSHIPMENTREPORT,OR
SAL2,ProductType,NEW,OR
SAL2,ProductType,READ,OR
SAL2,ProductType,UPDATE,OR
SAL2,Shipment,UPDATE,OR
SAL2,Master,ROUTINGS,OR
SAL2,ProductType,ALLPRODUCTTYPES,OR
SAL2,ProductType,ProductType.Tab.General,OR
SAL2,ProductType,ProductType.Tab.Events,OR
SAL2,General,PRODUCTTYPES,OR
SAL2,Master,PAYABLES,OR
SAL2,ExternalSystemsTablesCode,ALLEXTERNALSYSTEMSTABLESCODES,OR
SAL2,General,MOVETYPES,OR
SAL2,OpportunityStage,UPDATE,OR
SAL2,Customer,Customer.Feature.ReadyCustomers,OR
SAL2,Quote,QUOTEACCEPTED,OR
SAL2,Quote,QUOTEDECLINED,OR
SAL2,Master,ALLTRANSPORTMODES,OR
SAL2,Master,SENDRESPONSE,OR
SAL2,Master,OPERATIONALOPEN,OR
SAL2,CommunicationLog,MESSAGEBODY,OR
SAL2,Master,ACCOUNTINGOPEN,OR
SAL2,Master,ALLMASTERS,OR
SAL2,Master,CANCELLEDMASTERS,OR
SAL2,General,QUOTES,OR
SAL2,General,SHIPMENTS,OR
SAL2,General,MAINTENANCE,OR
SAL2,General,CONTACTS,OR
SAL2,General,AGENTS,OR
SAL2,General,CUSTOMAGENTS,OR
SAL2,General,SHIPPINGAGENTS,OR
SAL2,General,AIRLINES,OR
SAL2,General,SHIPPINGLINES,OR
SAL2,General,TRUCKERS,OR
SAL2,General,CURRENCIES,OR
SAL2,General,CHARGESTYPES,OR
SAL2,General,COUNTRIES,OR
SAL2,General,GLOBALZONES,OR
SAL2,General,STATES,OR
SAL2,General,EVENTTYPES,OR
SAL2,General,VESSELS,OR
SAL2,Shipment,ORDERS,OR
SAL2,General,WAREHOUSES,OR
SAL2,General,RATESTABLES,OR
SAL2,General,VENDORS,OR
SAL2,General,GETTINGSTARTED,OR
SAL2,General,DOCSIN,OR
SAL2,General,BUILDQUERIES,OR
SAL2,Shipment,PARTNERS,OR
SAL2,General,CUSTOMIZATION,OR
SAL2,General,SHAREDLOGISTICSMENU,OR
SAL2,General,CUSTOMS,OR
SAL2,General,CRM,OR
SAL2,General,SOCIAL,OR
SAL2,Shipment,PACKAGES,OR
SAL2,General,SOCIALGENERAL,OR
SAL2,General,PERSONALSETTINGS,OR
SAL2,General,SYSTEMSETTINGS,OR
SAL2,General,OPERATIONS,OR
SAL2,Shipment,ROUTINGS,OR
SAL2,General,General.Features.SystemCurrencies,OR
SAL2,General,General.Features.Signature,OR
SAL2,General,General.Features.ChangePassword,OR
SAL2,General,General.Features.CustomerActivation,OR
SAL2,Customer,NEW,OR
SAL2,BusinessUnit,READ,OR
SAL2,BusinessUnit,BusinessUnit.Q.AllQuery,OR
SAL2,BusinessUnit,BusinessUnit.Tab.General,OR
SAL2,Master,COPY,OR
SAL2,BusinessUnit,BusinessUnit.M.BusinessUnits,OR
SAL2,Activity,NEW,OR
SAL2,Activity,READ,OR
SAL2,Activity,UPDATE,OR
SAL2,Activity,Activity.Q.MyOpenActivities,OR
SAL2,Activity,Activity.Q.AllOpenActivities,OR
SAL2,Activity,Activity.Q.MyClosedActivities,OR
DIST,LogitudeLead,UPDATE,OR
DIST,Measurement,READ,OR
DIST,Measurement,NEW,OR
DIST,Measurement,UPDATE,OR
DIST,OpportunityClosingReason,READ,OR
DIST,OpportunityClosingReason,NEW,OR
DIST,OpportunityClosingReason,UPDATE,OR
DIST,Questionnaire,READ,OR
DIST,Questionnaire,NEW,OR
DIST,Questionnaire,UPDATE,OR
DIST,QuestionnaireAnswer,READ,OR
DIST,QuestionnaireAnswer,NEW,OR
DIST,QuestionnaireAnswer,UPDATE,OR
DIST,QuoteStage,READ,OR
DIST,QuoteStage,NEW,OR
DIST,QuoteStage,UPDATE,OR
DIST,Region,READ,OR
DIST,Region,NEW,OR
DIST,Region,UPDATE,OR
DIST,Report,MONTHLYCONVERSION,OR
DIST,Questionnaire,Questionnaire.Q.AllQuestionnaires,OR
DIST,General,CountryCity.M.Cities,OR
DIST,General,CUSTOMERSIZES,OR
DIST,General,General.Features.TenantManagement,OR
DIST,General,LOGITUDELEADS,OR
DIST,Measurement,Measurement.M.Measurements,OR
DIST,General,QUESTIONNAIRE,OR
DIST,QuoteStage,QuoteStage.M.QuoteStages,OR
DIST,General,REGIONS,OR
DIST,LogitudeLead,GENERAL,OR
DIST,LogitudeLead,LogitudeLead.Q.AllLogitudeLeads,OR
DIST,Measurement,Measurement.Tab.General,OR
DIST,Measurement,Measurement.Tab.Events,OR
DIST,Measurement,Measurement.Q.AllQuery,OR
DIST,OpportunityClosingReason,ALLCLOSINGREASONS,OR
DIST,QuoteStage,QuoteStage.Tab.General,OR
DIST,QuoteStage,QuoteStage.Q.AllQuery,OR
DIST,Region,GENERAL,OR
DIST,Region,EVENTS,OR
DIST,Region,ALLREGIONS,OR
DIST,User,PRODUCTS,OR
DIST,Distributor,Distributor.M.Distributors,OR
DIST,Distributor,READ,OR
DIST,Distributor,UPDATE,OR
DIST,Distributor,NEW,OR
DIST,Distributor,Distributor.Tab.General,OR
DIST,Distributor,Distributor.Tab.Tenants,OR
DIST,Distributor,Distributor.Tab.Events,OR
DIST,Distributor,Distributor.Q.AllDistributors,OR
DIST,TenantManagement,AWB.MESSAGING.STOCK,OR
DIST,Customs.CustomDocumentTypeMetaData,READ,OR
DIST,Customs.CustomDocumentTypeMetaData,GENERAL,OR
DIST,Customs.CustomDocumentTypeMetaData,NEW,OR
DIST,Customs.CustomDocumentTypeMetaData,UPDATE,OR
DIST,Customs.Declaration,DOCSIN,OR
DIST,Customs.Declaration,CUSTOMDOCUMENTS,OR
DIST,User,PERMISSIONS,OR
DIST,ErrorLog,EXCEPTION,OR
DIST,General,SHIPPERSANDCONSIGNEES,OR
DIST,General,SPECIALSERVICESTYPES,OR
DIST,General,EMAILALERTSETTINGS,OR
DIST,SpecialServicesType,READ,OR
DIST,SpecialServicesType,NEW,OR
DIST,SpecialServicesType,UPDATE,OR
DIST,SpecialServicesType,GENERAL,OR
DIST,SpecialServicesType,EVENTS,OR
DIST,SpecialServicesType,ALLSPECIALSERVICES,OR
DIST,CommunicationLog,ERROR,OR
DIST,Activity,Activity.Q.MeetingsSummary,OR
DIST,Customer,BYLASTSHIPMETN,OR
DIST,Quote,OVERVIEW,OR
DIST,Quote,DETAILS,OR
DIST,Quote,Quote.Followups,OR
DIST,Opportunity,Cancel,OR
DIST,Opportunity,TenantManagement,OR
DIST,Opportunity,Totango,OR
DIST,Activity,Copy,OR
DIST,Activity,Activity.Q.CancelledActivities,OR
DIST,Opportunity,Opportunity.Q.CancelledOpportunities,OR
DIST,Quote,OPENQUOTES,OR
DIST,Shipment,Shipment.Followups,OR
DIST,AWBMessagingStock,READ,OR
DIST,AWBMessagingStock,NEW,OR
DIST,AWBMessagingStock,UPDATE,OR
DIST,AWBMessagingStock,AWBMessagingStock.Action.Cancel,OR
DIST,AWBMessagingStock,AWBMessagingStock.Tab.General,OR
DIST,AWBMessagingStock,AWBMessagingStock.Q.AllQuery,OR
DIST,Contact,PARTNERS,OR
DIST,CountryCity,READ,OR
DIST,CountryCity,NEW,OR
DIST,CountryCity,UPDATE,OR
DIST,CustomerSize,READ,OR
DIST,CustomerSize,NEW,OR
DIST,CustomerSize,UPDATE,OR
DIST,CountryCity,GENERAL,OR
DIST,CountryCity,EVENTS,OR
DIST,CountryCity,CITIES,OR
DIST,General,QUESTIONNAIREGENERAL,OR
DIST,General,CLOSINGREASONS,OR
DIST,AWBMessagingStock,AWBMessagingStock.M.AWBMessagingStocks,OR
DIST,Customer,TENANTMANAGEMENT,OR
DIST,Customer,QUESTIONNAIREANSWERS,OR
DIST,Customer,TOTANGO,OR
DIST,Customer,SETASPOTENTIAL,OR
DIST,Customer,QUICKSEARCHALL,OR
DIST,Customer,CUSTOMERS,OR
DIST,Customer,Customer.Feature.PotentialCustomers,OR
DIST,Customer,Customer.Feature.ActiveCustomers,OR
DIST,Customer,Customer.Feature.InactiveCustomers,OR
DIST,CustomerSize,CustomerSize.Tab.General,OR
DIST,CustomerSize,CustomerSize.Tab.Events,OR
DIST,CustomerSize,ALLCUSTOMERSIZES,OR
DIST,LogitudeLead,READ,OR
DIST,LogitudeLead,NEW,OR
DIST,General,LEADSOURCES,OR
DIST,Competitor,NEW,OR
DIST,Competitor,READ,OR
DIST,Competitor,UPDATE,OR
DIST,Competitor,ALLCOMPETITORS,OR
DIST,Competitor,Competitor.Tab.General,OR
DIST,Competitor,Competitor.Tab.Events,OR
DIST,General,COMPETITORS,OR
DIST,Customer,SHAREDLOGISTIC,OR
DIST,General,SHAREDLOGISTICS,OR
DIST,General,MOVETYPES,OR
DIST,General,REPORTS,OR
DIST,TenantManagement,INACTIVETENANTMGS,OR
DIST,TenantManagement,TRAILTENANTMGS,OR
DIST,TenantManagement,PAYINGTENANTMGS,OR
DIST,ErrorLog,ALLERRORLOG,OR
DIST,MoveType,GENERAL,OR
DIST,MoveType,ALLMOVETYPES,OR
DIST,MoveType,NEW,OR
DIST,MoveType,UPDATE,OR
DIST,MoveType,READ,OR
DIST,Report,READ,OR
DIST,Report,GENERAL,OR
DIST,Report,EVENTS,OR
DIST,Report,ALLREPORTS,OR
DIST,Report,NEW,OR
DIST,Report,UPDATE,OR
DIST,Report,TEMPLATE,OR
DIST,Shipment,ALLMASTERS,OR
DIST,General,CUSTOMS,OR
DIST,Customs.PhysicalCheck,READ,OR
DIST,Customs.PhysicalCheck,GENERAL,OR
DIST,Customs.PhysicalCheck,EVENTS,OR
DIST,Customs.PhysicalCheck,BYUPCOMINGCHECK,OR
DIST,Customs.PhysicalCheck,NEW,OR
DIST,Customs.PhysicalCheck,UPDATE,OR
DIST,General,CRM,OR
DIST,General,CHAMP,OR
DIST,TenantManagement,NOTRECURRINGTENANTS,OR
DIST,TenantManagement,STATISTICS,OR
DIST,Industry,NEW,OR
DIST,Industry,READ,OR
DIST,Industry,UPDATE,OR
DIST,Industry,ALLINDUSTRIES,OR
DIST,Industry,Industry.Tab.General,OR
DIST,Industry,Industry.Tab.Events,OR
DIST,General,INDUSTRIES,OR
DIST,Opportunity,Opportunity.Tab.Products,OR
DIST,General,ERRORLOG,OR
DIST,General,OPERATIONS,OR
DIST,General,SHAREDLOGISTICSMENU,OR
DIST,General,HOWTOACCOUNTINGSETTINGS,OR
DIST,General,CANCELINVOICE,OR
DIST,Customer,SHAREDLOGISTICSCUSTOMERS,OR
DIST,Master,SENDAWB,OR
DIST,Master,AIREXPORTONLY,OR
DIST,Master,ALLTRANSPORTMODES,OR
DIST,Master,SENDRESPONSE,OR
DIST,Agent,SHAREDLOGISTICSAGENTS,OR
DIST,ShippingLine,SHIPPINGLINE,OR
DIST,Customs.CustomsDocumentMetaDataValue,READ,OR
DIST,Customs.CustomsDocumentMetaDataValue,GENERAL,OR
DIST,Customs.CustomsDocumentMetaDataValue,NEW,OR
DIST,Customs.CustomsDocumentMetaDataValue,UPDATE,OR
DIST,Customs.Declaration,COMMUNICATIONS,OR
DIST,Customs.CustomsVendor,COMMUNICATIONS,OR
DIST,Customs.Declaration,TAXES,OR
DIST,Customs.PaymentOrder,READ,OR
DIST,Customs.PaymentOrder,GENERAL,OR
DIST,Customs.PaymentOrder,EVENTS,OR
DIST,Customs.PaymentOrder,PAYMENTORDERS,OR
DIST,Customs.PaymentOrder,NEW,OR
DIST,Customs.PaymentOrder,UPDATE,OR
DIST,Customs.Client,GENERAL,OR
DIST,Customs.Client,EVENTS,OR
DIST,Customs.Client,CLIENTS,OR
DIST,Customs.Client,NEW,OR
DIST,Customs.Client,ADDRESSES,OR
DIST,Customs.PaymentOrder,SENDPAYMENTORDER,OR
DIST,Customs.Declaration,PAYMENTS,OR
DIST,Customs.CustomsVendor,SAVEVENDOR,OR
DIST,General,CUSTOMBANK,OR
DIST,Customs.CustomBank,READ,OR
DIST,Customs.CustomBank,GENERAL,OR
DIST,Customs.CustomBank,EVENTS,OR
DIST,Customs.CustomBank,CUSTOMBANKS,OR
DIST,Customs.CustomBank,NEW,OR
DIST,Customs.CustomBank,UPDATE,OR
DIST,Customs.PaymentOrder,COMMUNICATIONS,OR
DIST,Activity,NEW,OR
DIST,Activity,READ,OR
DIST,Activity,UPDATE,OR
DIST,Activity,Activity.Q.MyOpenActivities,OR
DIST,Activity,Activity.Q.AllOpenActivities,OR
DIST,Activity,Activity.Q.MyClosedActivities,OR
DIST,Activity,Activity.Q.AllClosedActivities,OR
DIST,Activity,Activity.Tab.General,OR
DIST,Activity,Activity.Tab.Events,OR
DIST,Activity,MarkAsComplete,OR
DIST,Activity,Cancel,OR
DIST,Opportunity,NEW,OR
DIST,Opportunity,READ,OR
DIST,Opportunity,UPDATE,OR
DIST,Opportunity,Opportunity.Q.MyOpenOpportunities,OR
DIST,Opportunity,Opportunity.Q.AllOpenOpportunities,OR
DIST,Opportunity,Opportunity.Q.MyClosedOpportunities,OR
DIST,Opportunity,Opportunity.Q.AllClosedOpportunities,OR
DIST,Opportunity,Opportunity.Tab.Overview,OR
DIST,Opportunity,Opportunity.Tab.DocsOut,OR
DIST,Opportunity,Opportunity.Tab.DocsIn,OR
DIST,Opportunity,Opportunity.Tab.Events,OR
DIST,Opportunity,CloseAsWon,OR
DIST,Opportunity,CloseAsLost,OR
DIST,Opportunity,ReOpen,OR
DIST,Opportunity,Copy,OR
DIST,Stage,NEW,OR
DIST,Stage,READ,OR
DIST,Stage,UPDATE,OR
DIST,Stage,ALLSTAGES,OR
DIST,Stage,Stage.Tab.General,OR
DIST,Stage,Stage.Tab.Events,OR
DIST,General,STAGES,OR
DIST,LeadSource,NEW,OR
DIST,LeadSource,READ,OR
DIST,LeadSource,UPDATE,OR
DIST,LeadSource,ALLLEADSOURCES,OR
DIST,LeadSource,LeadSource.Tab.General,OR
DIST,LeadSource,LeadSource.Tab.Events,OR
DIST,Vessel,VESSELS,OR
DIST,Warehouse,WAREHOUSES,OR
DIST,ARInvoice,ALLINVOICES,OR
DIST,ARInvoice,DRAFTINVOICES,OR
DIST,ARInvoice,UNPAIDINVOICES,OR
DIST,ARPayment,ALLPAYMENTS,OR
DIST,ARPayment,OPENPAYMENTS,OR
DIST,ARPayment,DRAFTPAYMENTS,OR
DIST,Account,ALLACCOUNTS,OR
DIST,APInvoice,ALLINVOICES,OR
DIST,APInvoice,WAITAPPROVAL,OR
DIST,APInvoice,UNPAIDINVOICES,OR
DIST,APPayment,ALLPAYMENTS,OR
DIST,APPayment,OPENPAYMENTS,OR
DIST,APPayment,DRAFTPAYMENTS,OR
DIST,CommunicationLog,ALLCOMMLOGS,OR
DIST,TenantManagement,ALLTENANTMGS,OR
DIST,AnalyzeQueue,ALLANALYZEQUS,OR
DIST,CreditCardType,GENERAL,OR
DIST,Shipment,SHIPMENTS,OR
DIST,Shipment,MASTERS,OR
DIST,Shipment,OPENRECEIVABLESSHIPMENTS,OR
DIST,Shipment,OPENPAYABLESMASTERS,OR
DIST,Shipment,AIRLINESUPDATES,OR
DIST,General,CREDITCARDTYPES,OR
DIST,CreditCardType,ALLCREDITCARDS,OR
DIST,CreditCardType,NEW,OR
DIST,CreditCardType,UPDATE,OR
DIST,CreditCardType,READ,OR
DIST,AccountingTransferHeader,NEW,OR
DIST,AccountingTransferHeader,UPDATE,OR
DIST,AccountingTransferHeader,READ,OR
DIST,AccountingTransferHeader,DETAILS,OR
DIST,General,ACCOUNTINGTRANSFER,OR
DIST,ErrorLog,READ,OR
DIST,ErrorLog,GENERAL,OR
DIST,ErrorLog,EVENTS,OR
DIST,Customs.Declaration,READ,OR
DIST,Customs.Declaration,GENERAL,OR
DIST,Customs.Declaration,EVENTS,OR
DIST,Customs.Declaration,DECLARATION,OR
DIST,Customs.Declaration,NEW,OR
DIST,Customs.Declaration,UPDATE,OR
DIST,Customs.CustomsVendor,READ,OR
DIST,Customs.CustomsVendor,GENERAL,OR
DIST,Customs.CustomsVendor,EVENTS,OR
DIST,Customs.CustomsVendor,NEW,OR
DIST,Customs.CustomsVendor,UPDATE,OR
DIST,Customs.Declaration,INVOICES,OR
DIST,Customs.Client,READ,OR
DIST,Customs.Client,UPDATE,OR
DIST,Customs.PhysicalCheck,COMMUNICATIONS,OR
DIST,Customs.SupplierInvoice,READ,OR
DIST,Customs.SupplierInvoice,NEW,OR
DIST,Customs.SupplierInvoice,UPDATE,OR
DIST,Customs.InvoiceType,READ,OR
DIST,Customs.CurrencyType,READ,OR
DIST,Customs.TermsOfSaleType,READ,OR
DIST,Customs.DangerousGoodsPackingReq,READ,OR
DIST,Customs.ItemGovernmentProcedureType,READ,OR
DIST,Customs.CustomsBookType,READ,OR
DIST,Customs.PaymentType,READ,OR
DIST,Customs.SalesTaxExemptionType,READ,OR
DIST,Customs.Declaration,SENDDECLARATION,OR
DIST,General,DEPARTMENTS,OR
DIST,General,STATES,OR
DIST,General,DOCUMENTTYPES,OR
DIST,General,EVENTTYPES,OR
DIST,General,PACKAGETYPES,OR
DIST,General,VESSELS,OR
DIST,General,WAREHOUSES,OR
DIST,General,RATESTABLES,OR
DIST,General,MASTERS,OR
DIST,General,APINVOICES,OR
DIST,General,GETTINGSTARTED,OR
DIST,General,EVENTS,OR
DIST,General,DOCSIN,OR
DIST,General,BUILDQUERIES,OR
DIST,General,CUSTOMIZATION,OR
DIST,General,PERSONALSETTINGS,OR
DIST,General,SYSTEMSETTINGS,OR
DIST,CommunicationLog,READ,OR
DIST,CommunicationLog,GENERAL,OR
DIST,CommunicationLog,EVENTS,OR
DIST,CommunicationLog,RESEND,OR
DIST,CommunicationLog,MESSAGES,OR
DIST,Tenant,GENERAL,OR
DIST,Tenant,EVENTS,OR
DIST,TenantManagement,READ,OR
DIST,TenantManagement,GENERAL,OR
DIST,TenantManagement,EVENTS,OR
DIST,TenantManagement,UPDATE,OR
DIST,Shipment,SENDAWB,OR
DIST,Shipment,SENDRESPONSE,OR
DIST,AnalyzeQueue,READ,OR
DIST,AnalyzeQueue,GENERAL,OR
DIST,AnalyzeQueue,EVENTS,OR
DIST,AnalyzeQueue,MESSAGEBODY,OR
DIST,Shipment,CONSOLIDATION,OR
DIST,Shipment,EXPECTEDDEPATURE,OR
DIST,Shipment,ALLFOLLOWUPS,OR
DIST,Shipment,MYFOLLOWUPS,OR
DIST,Shipment,ALLSHIPMENTS,OR
DIST,Shipment,CANCELLEDSHIPMENTS,OR
DIST,Master,OPERATIONALOPEN,OR
DIST,Master,ACCOUNTINGOPEN,OR
DIST,Master,ALLMASTERS,OR
DIST,Master,CANCELLEDMASTERS,OR
DIST,Port,PORTS,OR
DIST,Agent,AGENTS,OR
DIST,CustomAgent,CUSTOMAGENT,OR
DIST,ShippingAgent,SHIPPINGAGENT,OR
DIST,Airline,AIRLINES,OR
DIST,Trucker,TRUCKERS,OR
DIST,Incoterm,INCOTERMS,OR
DIST,PaymentTerm,PAYMENTTERMS,OR
DIST,Currency,CURRENCIES,OR
DIST,VatType,VATTYPES,OR
DIST,PackageType,PACKAGETYPES,OR
DIST,ChargesType,CHARGESTYPES,OR
DIST,Country,COUNTRIES,OR
DIST,GlobalZone,GLOBALZONES,OR
DIST,Branch,BRANCHES,OR
DIST,Department,DEPARTMENTS,OR
DIST,Contact,CONTACTS,OR
DIST,State,STATES,OR
DIST,DocumentType,DOCUMENTTYPES,OR
DIST,EventType,EVENTTYPES,OR
DIST,ARInvoice,READ,OR
DIST,ARInvoice,AUTOCREDIT,OR
DIST,ARInvoice,SETASSENT,OR
DIST,ARInvoice,VOID,OR
DIST,ARInvoice,SETASDRAFT,OR
DIST,ARInvoice,SAVEANDAPPROVE,OR
DIST,ARInvoice,PRINT,OR
DIST,ARPayment,NEW,OR
DIST,ARPayment,UPDATE,OR
DIST,ARPayment,DETAILS,OR
DIST,ARPayment,DOCSOUT,OR
DIST,ARPayment,DOCSIN,OR
DIST,ARPayment,EVENTS,OR
DIST,ARPayment,READ,OR
DIST,ARPayment,CANCELAPPROVAL,OR
DIST,ARPayment,VOID,OR
DIST,ARPayment,APPROVE,OR
DIST,ARPayment,PRINT,OR
DIST,APInvoice,NEW,OR
DIST,APInvoice,UPDATE,OR
DIST,APInvoice,DETAILS,OR
DIST,APInvoice,GENERAL,OR
DIST,APInvoice,DOCSOUT,OR
DIST,APInvoice,DOCSIN,OR
DIST,APInvoice,APPAYMENTS,OR
DIST,APInvoice,EVENTS,OR
DIST,APInvoice,READ,OR
DIST,APInvoice,CANCELAPPROVAL,OR
DIST,APInvoice,VOID,OR
DIST,APInvoice,APPROVE,OR
DIST,APPayment,NEW,OR
DIST,APPayment,UPDATE,OR
DIST,APPayment,DETAILS,OR
DIST,APPayment,DOCSOUT,OR
DIST,APPayment,DOCSIN,OR
DIST,APPayment,EVENTS,OR
DIST,APPayment,READ,OR
DIST,APPayment,CANCELAPPROVAL,OR
DIST,APPayment,VOID,OR
DIST,APPayment,APPROVE,OR
DIST,APPayment,PRINT,OR
DIST,General,DASHBOARD,OR
DIST,General,QUOTES,OR
DIST,General,ARINVOICES,OR
DIST,General,SHIPMENTS,OR
DIST,General,MAINTENANCE,OR
DIST,General,CONTACTS,OR
DIST,General,CUSTOMAGENTS,OR
DIST,General,SHIPPINGAGENTS,OR
DIST,General,AIRLINES,OR
DIST,General,CUSTOMERS,OR
DIST,General,AGENTS,OR
DIST,General,VENDORS,OR
DIST,General,SHIPPINGLINES,OR
DIST,General,TRUCKERS,OR
DIST,General,INCOTERMS,OR
DIST,General,PAYMENTTERMS,OR
DIST,General,CURRENCIES,OR
DIST,General,VATTYPES,OR
DIST,General,CHARGESTYPES,OR
DIST,General,PORTS,OR
DIST,General,COUNTRIES,OR
DIST,General,GLOBALZONES,OR
DIST,General,BRANCHES,OR
DIST,GlobalZone,GENERAL,OR
DIST,GlobalZone,EVENTS,OR
DIST,GlobalZone,READ,OR
DIST,Branch,NEW,OR
DIST,Branch,UPDATE,OR
DIST,Branch,GENERAL,OR
DIST,Branch,EVENTS,OR
DIST,Branch,READ,OR
DIST,Department,NEW,OR
DIST,Department,UPDATE,OR
DIST,Department,GENERAL,OR
DIST,Department,EVENTS,OR
DIST,Department,READ,OR
DIST,Contact,NEW,OR
DIST,Contact,UPDATE,OR
DIST,Contact,GENERAL,OR
DIST,Contact,EVENTS,OR
DIST,Contact,READ,OR
DIST,User,NEW,OR
DIST,User,UPDATE,OR
DIST,User,GENERAL,OR
DIST,User,ROLES,OR
DIST,User,EVENTS,OR
DIST,User,READ,OR
DIST,User,RESETPASSWORD,OR
DIST,State,NEW,OR
DIST,State,UPDATE,OR
DIST,State,GENERAL,OR
DIST,State,EVENTS,OR
DIST,State,READ,OR
DIST,DocumentType,NEW,OR
DIST,DocumentType,UPDATE,OR
DIST,DocumentType,GENERAL,OR
DIST,DocumentType,TEMPLATES,OR
DIST,DocumentType,HTMLTEMPLATES,OR
DIST,DocumentType,CUSTOMEFIELD,OR
DIST,DocumentType,EVENTS,OR
DIST,DocumentType,READ,OR
DIST,EventType,NEW,OR
DIST,EventType,UPDATE,OR
DIST,EventType,GENERAL,OR
DIST,EventType,EVENTS,OR
DIST,EventType,READ,OR
DIST,Vessel,NEW,OR
DIST,Vessel,UPDATE,OR
DIST,Vessel,GENERAL,OR
DIST,Vessel,EVENTS,OR
DIST,Vessel,READ,OR
DIST,Warehouse,NEW,OR
DIST,Warehouse,UPDATE,OR
DIST,Warehouse,GENERAL,OR
DIST,Warehouse,BILLING,OR
DIST,Warehouse,ADDRESSES,OR
DIST,Warehouse,CONTACTS,OR
DIST,Warehouse,EVENTS,OR
DIST,Warehouse,READ,OR
DIST,ARInvoice,NEW,OR
DIST,ARInvoice,UPDATE,OR
DIST,ARInvoice,DETAILS,OR
DIST,ARInvoice,GENERAL,OR
DIST,ARInvoice,DOCSOUT,OR
DIST,ARInvoice,DOCSIN,OR
DIST,ARInvoice,ARPAYMENTS,OR
DIST,ARInvoice,EVENTS,OR
DIST,Airline,NEW,OR
DIST,Airline,UPDATE,OR
DIST,Airline,GENERAL,OR
DIST,Airline,BILLING,OR
DIST,Airline,STACK,OR
DIST,Airline,ADDRESSES,OR
DIST,Airline,CONTACTS,OR
DIST,Airline,SURCHARGETARRIF,OR
DIST,Airline,EVENTS,OR
DIST,Airline,READ,OR
DIST,ShippingLine,NEW,OR
DIST,ShippingLine,UPDATE,OR
DIST,ShippingLine,GENERAL,OR
DIST,ShippingLine,BILLING,OR
DIST,ShippingLine,ADDRESSES,OR
DIST,ShippingLine,CONTACTS,OR
DIST,ShippingLine,EVENTS,OR
DIST,ShippingLine,READ,OR
DIST,Trucker,NEW,OR
DIST,Trucker,UPDATE,OR
DIST,Trucker,GENERAL,OR
DIST,Trucker,BILLING,OR
DIST,Trucker,ADDRESSES,OR
DIST,Trucker,CONTACTS,OR
DIST,Trucker,EVENTS,OR
DIST,Trucker,READ,OR
DIST,Incoterm,NEW,OR
DIST,Incoterm,UPDATE,OR
DIST,Incoterm,GENERAL,OR
DIST,Incoterm,EVENTS,OR
DIST,Incoterm,READ,OR
DIST,PaymentTerm,NEW,OR
DIST,PaymentTerm,UPDATE,OR
DIST,PaymentTerm,GENERAL,OR
DIST,PaymentTerm,EVENTS,OR
DIST,PaymentTerm,READ,OR
DIST,Currency,NEW,OR
DIST,Currency,UPDATE,OR
DIST,Currency,GENERAL,OR
DIST,Currency,EVENTS,OR
DIST,Currency,READ,OR
DIST,VatType,NEW,OR
DIST,VatType,UPDATE,OR
DIST,VatType,GENERAL,OR
DIST,VatType,PERCENTAGES,OR
DIST,VatType,EVENTS,OR
DIST,VatType,READ,OR
DIST,PackageType,NEW,OR
DIST,PackageType,UPDATE,OR
DIST,PackageType,GENERAL,OR
DIST,PackageType,EVENTS,OR
DIST,PackageType,READ,OR
DIST,ChargesType,NEW,OR
DIST,ChargesType,UPDATE,OR
DIST,ChargesType,GENERAL,OR
DIST,ChargesType,EVENTS,OR
DIST,ChargesType,READ,OR
DIST,Country,NEW,OR
DIST,Country,UPDATE,OR
DIST,Country,GENERAL,OR
DIST,Country,EVENTS,OR
DIST,Country,READ,OR
DIST,GlobalZone,NEW,OR
DIST,GlobalZone,UPDATE,OR
DIST,Master,NEW,OR
DIST,Master,ACCOUNTINGREOPEN,OR
DIST,Master,OVERVIEW,OR
DIST,Master,GENERAL,OR
DIST,Master,BOOKING,OR
DIST,Master,PARTNERS,OR
DIST,Master,PACKAGES,OR
DIST,Master,ROUTINGS,OR
DIST,Master,PAYABLES,OR
DIST,Master,RECEIVABLES,OR
DIST,Master,DOCSOUT,OR
DIST,Master,DOCSIN,OR
DIST,Master,EVENTS,OR
DIST,Master,CONSOLIDATION,OR
DIST,Master,READ,OR
DIST,Master,COPY,OR
DIST,Master,COMMUNICATIONS,OR
DIST,Master,SENDREQUEST,OR
DIST,Port,NEW,OR
DIST,Port,UPDATE,OR
DIST,Port,GENERAL,OR
DIST,Port,EVENTS,OR
DIST,Port,READ,OR
DIST,Customer,NEW,OR
DIST,Customer,UPDATE,OR
DIST,Customer,OVERVIEW,OR
DIST,Customer,GENERAL,OR
DIST,Customer,BILLING,OR
DIST,Customer,ADDRESSES,OR
DIST,Customer,CONTACTS,OR
DIST,Customer,EVENTS,OR
DIST,Customer,READ,OR
DIST,Agent,NEW,OR
DIST,Agent,UPDATE,OR
DIST,Agent,GENERAL,OR
DIST,Agent,BILLING,OR
DIST,Agent,ADDRESSES,OR
DIST,Agent,CONTACTS,OR
DIST,Agent,EVENTS,OR
DIST,Agent,READ,OR
DIST,Vendor,NEW,OR
DIST,Vendor,UPDATE,OR
DIST,Vendor,GENERAL,OR
DIST,Vendor,BILLING,OR
DIST,Vendor,ADDRESSES,OR
DIST,Vendor,CONTACTS,OR
DIST,Vendor,EVENTS,OR
DIST,Vendor,READ,OR
DIST,CustomAgent,NEW,OR
DIST,CustomAgent,UPDATE,OR
DIST,CustomAgent,GENERAL,OR
DIST,CustomAgent,BILLING,OR
DIST,CustomAgent,ADDRESSES,OR
DIST,CustomAgent,CONTACTS,OR
DIST,CustomAgent,EVENTS,OR
DIST,CustomAgent,READ,OR
DIST,ShippingAgent,NEW,OR
DIST,ShippingAgent,GENERAL,OR
DIST,ShippingAgent,BILLING,OR
DIST,ShippingAgent,ADDRESSES,OR
DIST,ShippingAgent,CONTACTS,OR
DIST,ShippingAgent,EVENTS,OR
DIST,ShippingAgent,UPDATE,OR
DIST,ShippingAgent,READ,OR
DIST,Quote,PARTNERS,OR
DIST,Quote,CHARGES,OR
DIST,Quote,DOCSOUT,OR
DIST,Quote,DOCSIN,OR
DIST,Quote,EVENTS,OR
DIST,Quote,COMMUNICATION,OR
DIST,Quote,ROUTINGS,OR
DIST,Quote,PACKAGES,OR
DIST,Quote,CANCELLEDQUOTES,OR
DIST,Quote,ALLQUOTES,OR
DIST,Quote,EXPIREDQUOTES,OR
DIST,Quote,ACCEPTEDWITHOUTSHIPMENTS,OR
DIST,Quote,QUTALLFOLLOWUPS,OR
DIST,Quote,QUTMYFOLLOWUPS,OR
DIST,Quote,MYQUOTES,OR
DIST,Quote,DRAFTQUOTES,OR
DIST,Quote,SENTQUOTES,OR
DIST,Quote,ACCEPTEDQUOTES,OR
DIST,ARInvoice,ERRORINTRANSFERINVOICES,OR
DIST,Shipment,CUSTOMSFILE,OR
DIST,Shipment,FREIGHTFILES,OR
DIST,CommunicationLog,MESSAGEBODY,OR
DIST,Customer,MYCUSTOMER,OR
DIST,Customer,NOTMYCUSTOMER,OR
DIST,Customer,SALES,OR
DIST,Customer,STATISTICS,OR
DIST,Customer,Customer.Feature.ReadyCustomers,OR
DIST,PaymentTerm,ACCOUNTING,OR
DIST,Shipment,DOCSOUT,OR
DIST,Shipment,DOCSIN,OR
DIST,General,General.Features.CustomerActivation,OR
DIST,RatesTable,RATESTABLE,OR
DIST,General,USERS,OR
DIST,Shipment,ACCOUNTINGCLOSE,OR
DIST,Shipment,OPERATIONALCLOSE,OR
DIST,Shipment,OPERATIONALREOPEN,OR
DIST,Shipment,REACTIVATE,OR
DIST,Shipment,CANCEL,OR
DIST,Shipment,UPDATE,OR
DIST,Shipment,NEW,OR
DIST,Shipment,ACCOUNTINGREOPEN,OR
DIST,Shipment,OVERVIEW,OR
DIST,Shipment,GENERAL,OR
DIST,Shipment,ORDERS,OR
DIST,Shipment,PARTNERS,OR
DIST,Shipment,PACKAGES,OR
DIST,Shipment,ROUTINGS,OR
DIST,Shipment,PAYABLES,OR
DIST,Shipment,RECEIVABLES,OR
DIST,Shipment,EVENTS,OR
DIST,Shipment,MASTER,OR
DIST,Shipment,CONVERTHOUSETODIRECT,OR
DIST,Shipment,CONVERTDIRECTTOHOUSE,OR
DIST,Shipment,COPY,OR
DIST,Shipment,AIREXPORTONLY,OR
DIST,Shipment,ALLTRANSPORTMODES,OR
DIST,Shipment,COMMUNICATIONS,OR
DIST,Shipment,SENDREQUEST,OR
DIST,Master,ACCOUNTINGCLOSE,OR
DIST,Master,OPERATIONALCLOSE,OR
DIST,Master,OPERATIONALREOPEN,OR
DIST,Master,REACTIVATE,OR
DIST,Master,CANCEL,OR
DIST,Master,UPDATE,OR
DIST,Customer,POTENTIAL,OR
DIST,Customer,DOCSIN,OR
DIST,Customer,DOCSOUT,OR
DIST,Customer,MYCUSTOMRERSASACCMNGR,OR
DIST,General,SOCIALGENERAL,OR
DIST,Report,STATISTICSBYAIRLINE,OR
DIST,Report,STATISTICSBYSHIPPINGLINES,OR
DIST,Report,PROFITBYSHIPMENTSTATISTICS,OR
DIST,Report,STATISTICSBYCUSTOMER,OR
DIST,Report,STATEMENT,OR
DIST,Report,INVOICEBYPARTNER,OR
DIST,Report,QUOTESSTATISTICS,OR
DIST,Report,ARINVOICEINCLUDEVAT,OR
DIST,Report,AGEDACCOUNTSRECIEVABLES,OR
DIST,Report,OPENFORMATREPORT,OR
DIST,Report,IATASTATISTICS,OR
DIST,Report,ACCOUNTINGLEDGER,OR
DIST,Report,APINVOICEINCLUDEVAT,OR
DIST,Report,OCEANSHIPMENTREPORT,OR
DIST,Report,STATEMENTBYINVOICEDATE,OR
DIST,Report,STAGECHANGINGREPORT,OR
DIST,Activity,Activity.Q.AllActivities,OR
DIST,Opportunity,Opportunity.Q.AllOpportunities,OR
DIST,Opportunity,Opportunity.OpenByStage,OR
DIST,OpportunityStage,NEW,OR
DIST,OpportunityStage,READ,OR
DIST,OpportunityStage,UPDATE,OR
DIST,Customer,CUSTOMERSALESMANBYPRODUCT,OR
DIST,Customer,CUSTOMERACCOUNTMANAGERBYPRODUCT,OR
DIST,Customer,CUSTOMERFORWARDERBYPRODUCT,OR
DIST,Customer,CUSTOMERMEDIATORBYPRODUCT,OR
DIST,Customer,CUSTOMERCUSTOMSAGENTBYPRODUCT,OR
DIST,Customer,ACTIVATE,OR
DIST,Customer,READYACTIVATION,OR
DIST,Customer,INACTIVE,OR
DIST,Customer,REACTIVATE,OR
DIST,Contact,ACTIVEPRODUCTTYPES,OR
DIST,ProductType,NEW,OR
DIST,ProductType,READ,OR
DIST,ProductType,UPDATE,OR
DIST,ProductType,ALLPRODUCTTYPES,OR
DIST,ProductType,ProductType.Tab.General,OR
DIST,ProductType,ProductType.Tab.Events,OR
DIST,General,PRODUCTTYPES,OR
DIST,BusinessUnit,NEW,OR
DIST,BusinessUnit,READ,OR
DIST,BusinessUnit,UPDATE,OR
DIST,BusinessUnit,BusinessUnit.Q.AllQuery,OR
DIST,BusinessUnit,BusinessUnit.Tab.General,OR
DIST,BusinessUnit,BusinessUnit.M.BusinessUnits,OR
DIST,Shipment,IMPORTSHIPMETNS,OR
DIST,Shipment,READ,OR
DIST,Quote,READ,OR
DIST,Quote,UPDATE,OR
DIST,Quote,NEW,OR
DIST,Quote,SETASSENT,OR
DIST,Quote,COPY,OR
DIST,Quote,CANCEL,OR
DIST,Quote,REACTIVATE,OR
DIST,Quote,RETURNTODRAFT,OR
DIST,Quote,BUILDSHIPMENT,OR
DIST,Quote,QUOTEQUOTATION,OR
DIST,Quote,QUOTEACCEPTED,OR
DIST,Quote,QUOTEDECLINED,OR
DIST,General,SOCIAL,OR
DIST,Opportunity,Opportunity.Tab.General,OR
DIST,Customer,AWBSTOCK,OR
DIST,Customs.CustomsDocument,READ,OR
DIST,Customs.CustomsDocument,GENERAL,OR
DIST,Customs.CustomsDocument,NEW,OR
DIST,Customs.CustomsDocument,UPDATE,OR
DIST,Customs.CustomsDocumentPointer,READ,OR
DIST,Customs.CustomsDocumentPointer,GENERAL,OR
DIST,Customs.CustomsDocumentPointer,NEW,OR
DIST,Customs.CustomsDocumentPointer,UPDATE,OR
DIST,Customs.DeclarationConstraint,READ,OR
DIST,Customs.DeclarationConstraint,GENERAL,OR
DIST,Customs.DeclarationConstraint,NEW,OR
DIST,Customs.DeclarationConstraint,UPDATE,OR
DIST,Customs.ConstraintType,READ,OR
DIST,Customs.ConstraintStatus,READ,OR
DIST,Customs.Declaration,CUSTOMSANSWERS,OR
DIST,Activity,ReOpen,OR
DIST,Customs.CustomsPaymentTerm,READ,OR
DIST,General,COUNTERS,OR
DIST,General,General.Features.CompanyAddress,OR
DIST,General,General.Features.SystemDefaults,OR
DIST,General,General.Features.CompanyLogo,OR
DIST,General,General.Features.SystemCurrencies,OR
DIST,General,General.Features.LocalSettings,OR
DIST,General,General.Features.InvoiceSettings,OR
DIST,General,General.Features.Signature,OR
DIST,General,General.Features.ChangePassword,OR
DIST,Commodity,NEW,OR
DIST,Commodity,READ,OR
DIST,Commodity,UPDATE,OR
DIST,Commodity,Commodity.Q.AllQuery,OR
DIST,Commodity,Commodity.Tab.General,OR
DIST,Commodity,Commodity.M.Commodities,OR
DIST,Customer,Customer.Feature.MyCustomers,OR
DIST,Contact,UPCOMINGBIRTHDAYSCONTACTS,OR
DIST,Contact,NOREMINDERSCONTACTS,OR
DIST,Shipment,SENTFSR,OR
DIST,Customer,ACCOUNTINGTRANSFERE,OR
DIST,QuoteTemplate,GENERAL,OR
DIST,QuoteTemplate,EVENTS,OR
DIST,QuoteTemplate,QUOTETEMPLATES,OR
DIST,QuoteTemplate,SETTINGS,OR
DIST,AnalyzeQueue,ANALYZEQUEUEERRORS,OR
DIST,AdditionalService,NEW,OR
DIST,AdditionalService,READ,OR
DIST,AdditionalService,UPDATE,OR
DIST,AdditionalService,ALLADDITIONALSERVICES,OR
DIST,AdditionalService,AdditionalService.Tab.General,OR
DIST,AdditionalService,AdditionalService.Tab.Events,OR
DIST,General,ADDITIONALSERVICES,OR
DIST,ExternalSystemsTablesCode,ALLEXTERNALSYSTEMSTABLESCODES,OR
DIST,ExternalSystemsTablesCode,EXTERNALSYSTEMSTABLESCODES,OR
DIST,ExternalSystemsTablesCode,READ,OR
DIST,ExternalSystemsTablesCode,UPDATE,OR
DIST,ARInvoice,TRANSFER,OR
DIST,AccountingTransferHeader,EVENTS,OR
DIST,ARInvoice,NOTREADYINVOICES,OR
DIST,ARInvoice,MARKEDASBLOCKEDFORTRANSFER,OR
DIST,Vendor,VENDORS,OR
DIST,General,QUOTETMPLATES,OR
DIST,Customer,ACCOUNTING_2,OR
DIST,Customer,COMMITMENT,OR
