DXML File,LXML File,Element Type,DXML Element Name,LXML Element Name,Attribute Type,DXML Attribute Value,LXML Attribute Value
AcceptanceStatus.dxml,AcceptanceStatus.lxml,Table,AcceptanceStatuses,AcceptanceStatuses,DBType,Main,
AcceptanceStatus.dxml,AcceptanceStatus.lxml,Table,AcceptanceStatuses,AcceptanceStatuses,Schema,Customs,
AccumalationState.dxml,AccumalationState.lxml,Table,AccumalationStates,AccumalationStates,DBType,Main,
AccumalationState.dxml,AccumalationState.lxml,Table,AccumalationStates,AccumalationStates,Schema,Customs,
ActionCode.dxml,ActionCode.lxml,Table,ActionCodes,ActionCodes,DBType,Main,
ActionCode.dxml,ActionCode.lxml,Table,ActionCodes,ActionCodes,Schema,Customs,
AddressContactState.dxml,AddressContactState.lxml,Table,AddressContactStates,AddressContactStates,DBType,Main,
AddressContactState.dxml,AddressContactState.lxml,Table,AddressContactStates,AddressContactStates,Schema,Customs,
AddressPurpose.dxml,AddressPurpose.lxml,Table,AddressPurposes,AddressPurposes,DBType,Main,
AddressPurpose.dxml,AddressPurpose.lxml,Table,AddressPurposes,AddressPurposes,Schema,Customs,
AgentTalkBackType.dxml,AgentTalkBackType.lxml,Table,AgentTalkBackTypes,AgentTalkBackTypes,DBType,Main,
AgentTalkBackType.dxml,AgentTalkBackType.lxml,Table,AgentTalkBackTypes,AgentTalkBackTypes,Schema,Customs,
AmendmentFieldReasonType.dxml,AmendmentFieldReasonType.lxml,Table,AmendmentFieldReasonTypes,AmendmentFieldReasonTypes,DBType,Main,
AmendmentFieldReasonType.dxml,AmendmentFieldReasonType.lxml,Table,AmendmentFieldReasonTypes,AmendmentFieldReasonTypes,Schema,Customs,
AmendmentRequestStatus.dxml,AmendmentRequestStatus.lxml,Table,AmendmentRequestStatuses,AmendmentRequestStatuses,DBType,Main,
AmendmentRequestStatus.dxml,AmendmentRequestStatus.lxml,Table,AmendmentRequestStatuses,AmendmentRequestStatuses,Schema,Customs,
AmendmentStatus.dxml,AmendmentStatus.lxml,Table,AmendmentStatuses,AmendmentStatuses,DBType,Main,
AmendmentStatus.dxml,AmendmentStatus.lxml,Table,AmendmentStatuses,AmendmentStatuses,Schema,Customs,
ApprovedProfession.dxml,ApprovedProfession.lxml,Table,ApprovedProfessions,ApprovedProfessions,DBType,Main,
ApprovedProfession.dxml,ApprovedProfession.lxml,Table,ApprovedProfessions,ApprovedProfessions,Schema,Customs,
AssigneeNotificationType.dxml,AssigneeNotificationType.lxml,Table,AssigneeNotificationTypes,AssigneeNotificationTypes,DBType,Main,
AssigneeNotificationType.dxml,AssigneeNotificationType.lxml,Table,AssigneeNotificationTypes,AssigneeNotificationTypes,Schema,Customs,
AttachmentType.dxml,AttachmentType.lxml,Table,AttachmentTypes,AttachmentTypes,DBType,Main,
AttachmentType.dxml,AttachmentType.lxml,Table,AttachmentTypes,AttachmentTypes,Schema,Customs,
Authority.dxml,Authority.lxml,Table,Authorities,Authorities,DBType,Main,
Authority.dxml,Authority.lxml,Table,Authorities,Authorities,Schema,Customs,
AuthorizedSignerPermit.dxml,AuthorizedSignerPermit.lxml,Table,AuthorizedSignerPermits,AuthorizedSignerPermits,DBType,Main,
AuthorizedSignerPermit.dxml,AuthorizedSignerPermit.lxml,Table,AuthorizedSignerPermits,AuthorizedSignerPermits,Schema,Customs,
AutonomyType.dxml,AutonomyType.lxml,Table,AutonomyTypes,AutonomyTypes,DBType,Main,
AutonomyType.dxml,AutonomyType.lxml,Table,AutonomyTypes,AutonomyTypes,Schema,Customs,
Bank.dxml,Bank.lxml,Table,Banks,Banks,DBType,Main,
Bank.dxml,Bank.lxml,Table,Banks,Banks,Schema,Customs,
CargoIdentifireType.dxml,CargoIdentifireType.lxml,Table,CargoIdentifireTypes,CargoIdentifireTypes,DBType,Main,
CargoIdentifireType.dxml,CargoIdentifireType.lxml,Table,CargoIdentifireTypes,CargoIdentifireTypes,Schema,Customs,
CargoIdentityQualifier.dxml,CargoIdentityQualifier.lxml,Table,CargoIdentityQualifiers,CargoIdentityQualifiers,DBType,Main,
CargoIdentityQualifier.dxml,CargoIdentityQualifier.lxml,Table,CargoIdentityQualifiers,CargoIdentityQualifiers,Schema,Customs,
CargoSplitRequestStatus.dxml,CargoSplitRequestStatus.lxml,Table,CargoSplitRequestStatuses,CargoSplitRequestStatuses,DBType,Main,
CargoSplitRequestStatus.dxml,CargoSplitRequestStatus.lxml,Table,CargoSplitRequestStatuses,CargoSplitRequestStatuses,Schema,Customs,
CargoStatus.dxml,CargoStatus.lxml,Table,CargoStatuses,CargoStatuses,DBType,Main,
CargoStatus.dxml,CargoStatus.lxml,Table,CargoStatuses,CargoStatuses,Schema,Customs,
CertificateExemptionType.dxml,CertificateExemptionType.lxml,Table,CertificateExemptionTypes,CertificateExemptionTypes,DBType,Main,
CertificateExemptionType.dxml,CertificateExemptionType.lxml,Table,CertificateExemptionTypes,CertificateExemptionTypes,Schema,Customs,
CertificatesStatus.dxml,CertificatesStatus.lxml,Table,CertificatesStatuses,CertificatesStatuses,DBType,Main,
CertificatesStatus.dxml,CertificatesStatus.lxml,Table,CertificatesStatuses,CertificatesStatuses,Schema,Customs,
CheckEntityType.dxml,CheckEntityType.lxml,Table,CheckEntityTypes,CheckEntityTypes,DBType,Main,
CheckEntityType.dxml,CheckEntityType.lxml,Table,CheckEntityTypes,CheckEntityTypes,Schema,Customs,
CheckEssenceLookup.dxml,CheckEssenceLookup.lxml,Table,CheckEssenceLookups,CheckEssenceLookups,DBType,Main,
CheckEssenceLookup.dxml,CheckEssenceLookup.lxml,Table,CheckEssenceLookups,CheckEssenceLookups,Schema,Customs,
CheckQueueType.dxml,CheckQueueType.lxml,Table,CheckQueueTypes,CheckQueueTypes,DBType,Main,
CheckQueueType.dxml,CheckQueueType.lxml,Table,CheckQueueTypes,CheckQueueTypes,Schema,Customs,
CheckRepresentativeType.dxml,CheckRepresentativeType.lxml,Table,CheckRepresentativeTypes,CheckRepresentativeTypes,DBType,Main,
CheckRepresentativeType.dxml,CheckRepresentativeType.lxml,Table,CheckRepresentativeTypes,CheckRepresentativeTypes,Schema,Customs,
CheckTypeLookup.dxml,CheckTypeLookup.lxml,Table,CheckTypeLookups,CheckTypeLookups,DBType,Main,
CheckTypeLookup.dxml,CheckTypeLookup.lxml,Table,CheckTypeLookups,CheckTypeLookups,Schema,Customs,
City.dxml,City.lxml,Table,Cities,Cities,DBType,Main,
City.dxml,City.lxml,Table,Cities,Cities,Schema,Customs,
Claim.dxml,Claim.lxml,Table,Claims,Claims,DBType,Main,
Claim.dxml,Claim.lxml,Table,Claims,Claims,Schema,Customs,
Claim.dxml,Claim.lxml,Column,ImporterClaimTypeCode,ImporterClaimTypeCode,Size,3,2
Claim.dxml,Claim.lxml,Relation,ImporterClaimTypeCode,ImporterClaimTypeCode,Referenced Table Schema,Customs,
Claim.dxml,Claim.lxml,Relation,ClientId,ClientId,Referenced Table Schema,Customs,
Claim.dxml,Claim.lxml,Relation,PassportCountryTypeCode,PassportCountryTypeCode,Referenced Table Schema,Customs,
Claim.dxml,Claim.lxml,Relation,PassportTypeCode,PassportTypeCode,Referenced Table Schema,Customs,
Claim.dxml,Claim.lxml,Relation,ClaimSubmiterTypeCode,ClaimSubmiterTypeCode,Referenced Table Schema,Customs,
Claim.dxml,Claim.lxml,Relation,BeneficiaryActivityTypeCode,BeneficiaryActivityTypeCode,Referenced Table Schema,Customs,
Claim.dxml,Claim.lxml,Relation,AccountCountryCode,AccountCountryCode,Referenced Table Schema,Customs,
Claim.dxml,Claim.lxml,Relation,BankTypeCode,BankTypeCode,Referenced Table Schema,Customs,
Claim.dxml,Claim.lxml,Relation,AccountBranchCode,AccountBranchCode,Referenced Table Schema,Customs,
Claim.dxml,Claim.lxml,Relation,AccountCurrencyTypeCode,AccountCurrencyTypeCode,Referenced Table Schema,Customs,
ClaimEntity.dxml,ClaimEntity.lxml,Table,ClaimEntities,ClaimEntities,DBType,Main,
ClaimEntity.dxml,ClaimEntity.lxml,Table,ClaimEntities,ClaimEntities,Schema,Customs,
ClaimExplanationCode.dxml,ClaimExplanationCode.lxml,Table,ClaimExplanationCodes,ClaimExplanationCodes,DBType,Main,
ClaimExplanationCode.dxml,ClaimExplanationCode.lxml,Table,ClaimExplanationCodes,ClaimExplanationCodes,Schema,Customs,
ClaimImporterDeclarsP3Loi.dxml,ClaimImporterDeclarsP3Loi.lxml,Table,ClaimImporterDeclarsP3Lois,ClaimImporterDeclarsP3Lois,DBType,Main,
ClaimImporterDeclarsP3Loi.dxml,ClaimImporterDeclarsP3Loi.lxml,Table,ClaimImporterDeclarsP3Lois,ClaimImporterDeclarsP3Lois,Schema,Customs,
ClaimImporterDeclarsP3Loi.dxml,ClaimImporterDeclarsP3Loi.lxml,Relation,ClaimId/CounterKey,ClaimId/CounterKey,Referenced Table Schema,Customs,
ClaimImporterDeclarsPage3.dxml,ClaimImporterDeclarsPage3.lxml,Table,ClaimImporterDeclarsPage3s,ClaimImporterDeclarsPage3s,DBType,Main,
ClaimImporterDeclarsPage3.dxml,ClaimImporterDeclarsPage3.lxml,Table,ClaimImporterDeclarsPage3s,ClaimImporterDeclarsPage3s,Schema,Customs,
ClaimImporterDeclarsPage3.dxml,ClaimImporterDeclarsPage3.lxml,Relation,ClaimId,ClaimId,Referenced Table Schema,Customs,
ClaimImporterDeclarsPage3.dxml,ClaimImporterDeclarsPage3.lxml,Relation,ImporterLoiDeclarationTypeCode,ImporterLoiDeclarationTypeCode,Referenced Table Schema,Customs,
ClaimImporterDeclarsPage3A.dxml,ClaimImporterDeclarsPage3A.lxml,Table,ClaimImporterDeclarsPage3As,ClaimImporterDeclarsPage3As,DBType,Main,
ClaimImporterDeclarsPage3A.dxml,ClaimImporterDeclarsPage3A.lxml,Table,ClaimImporterDeclarsPage3As,ClaimImporterDeclarsPage3As,Schema,Customs,
ClaimImporterDeclarsPage3A.dxml,ClaimImporterDeclarsPage3A.lxml,Relation,ClaimId,ClaimId,Referenced Table Schema,Customs,
ClaimImporterDeclarsPage3A.dxml,ClaimImporterDeclarsPage3A.lxml,Relation,CommercialSaleTypeCode,CommercialSaleTypeCode,Referenced Table Schema,Customs,
ClaimImporterDeclarsPage3B.dxml,ClaimImporterDeclarsPage3B.lxml,Table,ClaimImporterDeclarsPage3Bs,ClaimImporterDeclarsPage3Bs,DBType,Main,
ClaimImporterDeclarsPage3B.dxml,ClaimImporterDeclarsPage3B.lxml,Table,ClaimImporterDeclarsPage3Bs,ClaimImporterDeclarsPage3Bs,Schema,Customs,
ClaimImporterDeclarsPage3B.dxml,ClaimImporterDeclarsPage3B.lxml,Column,LineNo,LineNo,Size,0,2
ClaimImporterDeclarsPage3B.dxml,ClaimImporterDeclarsPage3B.lxml,Relation,ClaimId,ClaimId,Referenced Table Schema,Customs,
ClaimsRelatedEntitiesAmount.dxml,ClaimsRelatedEntitiesAmount.lxml,Table,ClaimsRelatedEntitiesAmounts,ClaimsRelatedEntitiesAmounts,DBType,Main,
ClaimsRelatedEntitiesAmount.dxml,ClaimsRelatedEntitiesAmount.lxml,Table,ClaimsRelatedEntitiesAmounts,ClaimsRelatedEntitiesAmounts,Schema,Customs,
ClaimsRelatedEntitiesAmount.dxml,ClaimsRelatedEntitiesAmount.lxml,Relation,ClaimId/CounterKey,ClaimId/CounterKey,Referenced Table Schema,Customs,
ClaimsRelatedEntitiesAmount.dxml,ClaimsRelatedEntitiesAmount.lxml,Relation,PaymentTypeCode,PaymentTypeCode,Referenced Table Schema,Customs,
ClaimsRelatedEntitiesReason.dxml,ClaimsRelatedEntitiesReason.lxml,Table,ClaimsRelatedEntitiesReasons,ClaimsRelatedEntitiesReasons,DBType,Main,
ClaimsRelatedEntitiesReason.dxml,ClaimsRelatedEntitiesReason.lxml,Table,ClaimsRelatedEntitiesReasons,ClaimsRelatedEntitiesReasons,Schema,Customs,
ClaimsRelatedEntitiesReason.dxml,ClaimsRelatedEntitiesReason.lxml,Relation,ClaimId/CounterKey,ClaimId/CounterKey,Referenced Table Schema,Customs,
ClaimsRelatedEntitiesReason.dxml,ClaimsRelatedEntitiesReason.lxml,Relation,ReasonListTypeCode,ReasonListTypeCode,Referenced Table Schema,Customs,
ClaimsRelatedEntitiesRefund.dxml,ClaimsRelatedEntitiesRefund.lxml,Table,ClaimsRelatedEntitiesRefunds,ClaimsRelatedEntitiesRefunds,DBType,Main,
ClaimsRelatedEntitiesRefund.dxml,ClaimsRelatedEntitiesRefund.lxml,Table,ClaimsRelatedEntitiesRefunds,ClaimsRelatedEntitiesRefunds,Schema,Customs,
ClaimsRelatedEntitiesRefund.dxml,ClaimsRelatedEntitiesRefund.lxml,Relation,ClaimId/CounterKey,ClaimId/CounterKey,Referenced Table Schema,Customs,
ClaimsRelatedEntitiesSeizure.dxml,ClaimsRelatedEntitiesSeizure.lxml,Table,ClaimsRelatedEntitiesSeizures,ClaimsRelatedEntitiesSeizures,DBType,Main,
ClaimsRelatedEntitiesSeizure.dxml,ClaimsRelatedEntitiesSeizure.lxml,Table,ClaimsRelatedEntitiesSeizures,ClaimsRelatedEntitiesSeizures,Schema,Customs,
ClaimsRelatedEntitiesSeizure.dxml,ClaimsRelatedEntitiesSeizure.lxml,Relation,ClaimId/CounterKey,ClaimId/CounterKey,Referenced Table Schema,Customs,
ClaimsRelatedEntitiesSeizure.dxml,ClaimsRelatedEntitiesSeizure.lxml,Relation,SeizureFactorCode,SeizureFactorCode,Referenced Table Schema,Customs,
ClaimsRelatedEntitiesSeizure.dxml,ClaimsRelatedEntitiesSeizure.lxml,Relation,SeizureMethodCode,SeizureMethodCode,Referenced Table Schema,Customs,
ClaimsRelatedEntity.dxml,ClaimsRelatedEntity.lxml,Table,ClaimsRelatedEntities,ClaimsRelatedEntities,DBType,Main,
ClaimsRelatedEntity.dxml,ClaimsRelatedEntity.lxml,Table,ClaimsRelatedEntities,ClaimsRelatedEntities,Schema,Customs,
ClaimsRelatedEntity.dxml,ClaimsRelatedEntity.lxml,Column,DeclarationVersion,DeclarationVersion,Size,0,9
ClaimsRelatedEntity.dxml,ClaimsRelatedEntity.lxml,Column,WarehouseTypeCode,WarehouseTypeCode,Size,17,9
ClaimsRelatedEntity.dxml,ClaimsRelatedEntity.lxml,Column,ContinuousMessagesTypeCode,ContinuousMessagesTypeCode,Size,9,3
ClaimsRelatedEntity.dxml,ClaimsRelatedEntity.lxml,Column,CustomsBranchCode,CustomsBranchCode,Size,17,4
ClaimsRelatedEntity.dxml,ClaimsRelatedEntity.lxml,Relation,ClaimId,ClaimId,Referenced Table Schema,Customs,
ClaimsRelatedEntity.dxml,ClaimsRelatedEntity.lxml,Relation,ClaimEntityTypeCode,ClaimEntityTypeCode,Referenced Table Schema,Customs,
ClaimsRelatedEntity.dxml,ClaimsRelatedEntity.lxml,Relation,CourtCode,CourtCode,Referenced Table Schema,Customs,
ClaimsRelatedEntity.dxml,ClaimsRelatedEntity.lxml,Relation,SeconderyClaimEntityCode,SeconderyClaimEntityCode,Referenced Table Schema,Customs,
ClaimsRelatedEntity.dxml,ClaimsRelatedEntity.lxml,Relation,WarehouseTypeCode,WarehouseTypeCode,Referenced Table Schema,Customs,
ClaimsRelatedEntity.dxml,ClaimsRelatedEntity.lxml,Relation,ContinuousMessagesTypeCode,ContinuousMessagesTypeCode,Referenced Table Schema,Customs,
ClaimsRelatedEntity.dxml,ClaimsRelatedEntity.lxml,Relation,DecisionCode,DecisionCode,Referenced Table Schema,Customs,
ClaimsRelatedEntity.dxml,ClaimsRelatedEntity.lxml,Relation,ContinuousRequestTypeCode,ContinuousRequestTypeCode,Referenced Table Schema,Customs,
ClaimsRelatedEntsExpDeclar.dxml,ClaimsRelatedEntsExpDeclar.lxml,Table,ClaimsRelatedEntsExpDeclars,ClaimsRelatedEntsExpDeclars,DBType,Main,
ClaimsRelatedEntsExpDeclar.dxml,ClaimsRelatedEntsExpDeclar.lxml,Table,ClaimsRelatedEntsExpDeclars,ClaimsRelatedEntsExpDeclars,Schema,Customs,
ClaimsRelatedEntsExpDeclar.dxml,ClaimsRelatedEntsExpDeclar.lxml,Relation,ClaimId/CounterKey,ClaimId/CounterKey,Referenced Table Schema,Customs,
ClaimsRelatedEntsReasonsExp.dxml,ClaimsRelatedEntsReasonsExp.lxml,Table,ClaimsRelatedEntsReasonsExps,ClaimsRelatedEntsReasonsExps,DBType,Main,
ClaimsRelatedEntsReasonsExp.dxml,ClaimsRelatedEntsReasonsExp.lxml,Table,ClaimsRelatedEntsReasonsExps,ClaimsRelatedEntsReasonsExps,Schema,Customs,
ClaimsRelatedEntsReasonsExp.dxml,ClaimsRelatedEntsReasonsExp.lxml,Relation,ClaimId/CounterKey/ReasonLineNo,ClaimId/CounterKey/ReasonLineNo,Referenced Table Schema,Customs,
ClaimsRelatedEntsReasonsExp.dxml,ClaimsRelatedEntsReasonsExp.lxml,Relation,ClaimExplanationTypeCode,ClaimExplanationTypeCode,Referenced Table Schema,Customs,
Client.dxml,Client.lxml,Table,Clients,Clients,DBType,Main,
Client.dxml,Client.lxml,Table,Clients,Clients,Schema,Customs,
Client.dxml,Client.lxml,Relation,ClientTypeSpecificCode,ClientTypeSpecificCode,Referenced Table Schema,Customs,
Client.dxml,Client.lxml,Relation,GenderCode,GenderCode,Referenced Table Schema,Customs,
Client.dxml,Client.lxml,Relation,PassportCountryCode,PassportCountryCode,Referenced Table Schema,Customs,
Client.dxml,Client.lxml,Relation,PassportTypeCode,PassportTypeCode,Referenced Table Schema,Customs,
Client.dxml,Client.lxml,Relation,FacilitationTypeCode,FacilitationTypeCode,Referenced Table Schema,Customs,
ClientAddress.dxml,ClientAddress.lxml,Table,ClientAddresses,ClientAddresses,DBType,Main,
ClientAddress.dxml,ClientAddress.lxml,Table,ClientAddresses,ClientAddresses,Schema,Customs,
ClientAddress.dxml,ClientAddress.lxml,Relation,ClientId,ClientId,Referenced Table Schema,Customs,
ClientAddress.dxml,ClientAddress.lxml,Relation,ContactStateCode,ContactStateCode,Referenced Table Schema,Customs,
ClientAddress.dxml,ClientAddress.lxml,Relation,AddressTypeCode,AddressTypeCode,Referenced Table Schema,Customs,
ClientAddress.dxml,ClientAddress.lxml,Relation,AddressPurposeCode,AddressPurposeCode,Referenced Table Schema,Customs,
ClientAddress.dxml,ClientAddress.lxml,Relation,ContactRoleTypeCode,ContactRoleTypeCode,Referenced Table Schema,Customs,
ClientAddress.dxml,ClientAddress.lxml,Relation,AuthorizedSignerPermit1,AuthorizedSignerPermit1,Referenced Table Schema,Customs,
ClientAddress.dxml,ClientAddress.lxml,Relation,AuthorizedSignerPermit2,AuthorizedSignerPermit2,Referenced Table Schema,Customs,
ClientAddress.dxml,ClientAddress.lxml,Relation,AuthorizedSignerPermit3,AuthorizedSignerPermit3,Referenced Table Schema,Customs,
ClientAddress.dxml,ClientAddress.lxml,Relation,LocalCityCode,LocalCityCode,Referenced Table Schema,Customs,
ClientAddress.dxml,ClientAddress.lxml,Relation,EnglishCountryCode,EnglishCountryCode,Referenced Table Schema,Customs,
ClientAddress.dxml,ClientAddress.lxml,Relation,EnglishSubCountryCode,EnglishSubCountryCode,Referenced Table Schema,Customs,
ClientDrivingLicense.dxml,ClientDrivingLicense.lxml,Table,ClientDrivingLicenses,ClientDrivingLicenses,DBType,Main,
ClientDrivingLicense.dxml,ClientDrivingLicense.lxml,Table,ClientDrivingLicenses,ClientDrivingLicenses,Schema,Customs,
ClientDrivingLicense.dxml,ClientDrivingLicense.lxml,Relation,ClientId,ClientId,Referenced Table Schema,Customs,
ClientDrivingLicense.dxml,ClientDrivingLicense.lxml,Relation,DrivingLicenseCountryID,DrivingLicenseCountryID,Referenced Table Schema,Customs,
ClientDrivingLicenseType.dxml,ClientDrivingLicenseType.lxml,Table,ClientDrivingLicenseTypes,ClientDrivingLicenseTypes,DBType,Main,
ClientDrivingLicenseType.dxml,ClientDrivingLicenseType.lxml,Table,ClientDrivingLicenseTypes,ClientDrivingLicenseTypes,Schema,Customs,
ClientDrivingLicenseType.dxml,ClientDrivingLicenseType.lxml,Relation,ClientId/ClientDrivingLicenseLine,ClientId/ClientDrivingLicenseLine,Referenced Table Schema,Customs,
ClientsAddressCommType.dxml,ClientsAddressCommType.lxml,Table,ClientsAddressCommTypes,ClientsAddressCommTypes,DBType,Main,
ClientsAddressCommType.dxml,ClientsAddressCommType.lxml,Table,ClientsAddressCommTypes,ClientsAddressCommTypes,Schema,Customs,
ClientsAddressCommType.dxml,ClientsAddressCommType.lxml,Relation,ClientId/AddressId,ClientId/AddressId,Referenced Table Schema,Customs,
ClientsAddressCommType.dxml,ClientsAddressCommType.lxml,Relation,CommunicationTypeCode,CommunicationTypeCode,Referenced Table Schema,Customs,
ClosedTableStatus.dxml,ClosedTableStatus.lxml,Table,ClosedTableStatus,ClosedTableStatus,DBType,Main,
ClosedTableStatus.dxml,ClosedTableStatus.lxml,Table,ClosedTableStatus,ClosedTableStatus,Schema,Customs,
CollateralAnswerStatus.dxml,CollateralAnswerStatus.lxml,Table,CollateralAnswerStatus,CollateralAnswerStatus,DBType,Main,
CollateralAnswerStatus.dxml,CollateralAnswerStatus.lxml,Table,CollateralAnswerStatus,CollateralAnswerStatus,Schema,Customs,
CollateralAnswerType.dxml,CollateralAnswerType.lxml,Table,CollateralAnswerTypes,CollateralAnswerTypes,DBType,Main,
CollateralAnswerType.dxml,CollateralAnswerType.lxml,Table,CollateralAnswerTypes,CollateralAnswerTypes,Schema,Customs,
CollateralRequestStatus.dxml,CollateralRequestStatus.lxml,Table,CollateralRequestStatus,CollateralRequestStatus,DBType,Main,
CollateralRequestStatus.dxml,CollateralRequestStatus.lxml,Table,CollateralRequestStatus,CollateralRequestStatus,Schema,Customs,
CollateralsRequestFileCond.dxml,CollateralsRequestFileCond.lxml,Table,CollateralsRequestFileConds,CollateralsRequestFileConds,DBType,Main,
CollateralsRequestFileCond.dxml,CollateralsRequestFileCond.lxml,Table,CollateralsRequestFileConds,CollateralsRequestFileConds,Schema,Customs,
CollateralsRequestFileCond.dxml,CollateralsRequestFileCond.lxml,Relation,CustomsCollateralId/LineNumber,CustomsCollateralId/LineNumber,Referenced Table Schema,Customs,
CollateralsRequestFileCond.dxml,CollateralsRequestFileCond.lxml,Relation,ConditionCode,ConditionCode,Referenced Table Schema,Customs,
CollateralType.dxml,CollateralType.lxml,Table,CollateralTypes,CollateralTypes,DBType,Main,
CollateralType.dxml,CollateralType.lxml,Table,CollateralTypes,CollateralTypes,Schema,Customs,
CommercialSale.dxml,CommercialSale.lxml,Table,CommercialSales,CommercialSales,DBType,Main,
CommercialSale.dxml,CommercialSale.lxml,Table,CommercialSales,CommercialSales,Schema,Customs,
CommunicationType.dxml,CommunicationType.lxml,Table,CommunicationTypes,CommunicationTypes,DBType,Main,
CommunicationType.dxml,CommunicationType.lxml,Table,CommunicationTypes,CommunicationTypes,Schema,Customs,
ConfirmationType.dxml,ConfirmationType.lxml,Table,ConfirmationTypes,ConfirmationTypes,DBType,Main,
ConfirmationType.dxml,ConfirmationType.lxml,Table,ConfirmationTypes,ConfirmationTypes,Schema,Customs,
Consignment.dxml,Consignment.lxml,Table,Consignments,Consignments,DBType,Main,
Consignment.dxml,Consignment.lxml,Table,Consignments,Consignments,Schema,Customs,
Consignment.dxml,Consignment.lxml,Column,StorageSiteCode,StorageSiteCode,Size,20,17
Consignment.dxml,Consignment.lxml,Column,ReceiverWarehouseCode,ReceiverWarehouseCode,Size,20,17
Consignment.dxml,Consignment.lxml,Relation,CargoTypeCode,CargoTypeCode,Referenced Table Schema,Customs,
Consignment.dxml,Consignment.lxml,Relation,UnloadPortCode,UnloadPortCode,Referenced Table Schema,Customs,
Consignment.dxml,Consignment.lxml,Relation,IsLastReleaseFromWarehous,IsLastReleaseFromWarehous,Referenced Table Schema,Customs,
Consignment.dxml,Consignment.lxml,Relation,LoadingPortCode,LoadingPortCode,Referenced Table Schema,Customs,
Consignment.dxml,Consignment.lxml,Relation,OriginCountryCode,OriginCountryCode,Referenced Table Schema,Customs,
Consignment.dxml,Consignment.lxml,Relation,StorageSiteCode,StorageSiteCode,Referenced Table Schema,Customs,
Consignment.dxml,Consignment.lxml,Relation,ReceiverWarehouseCode,ReceiverWarehouseCode,Referenced Table Schema,Customs,
ConsignmentInternalTransition.dxml,ConsignmentInternalTransition.lxml,Table,ConsignmentInternalTransitions,ConsignmentInternalTransitions,DBType,Main,
ConsignmentInternalTransition.dxml,ConsignmentInternalTransition.lxml,Table,ConsignmentInternalTransitions,ConsignmentInternalTransitions,Schema,Customs,
ConsignmentInternalTransition.dxml,ConsignmentInternalTransition.lxml,Column,SiteCode,SiteCode,Size,20,17
ConsignmentInternalTransition.dxml,ConsignmentInternalTransition.lxml,Relation,DeclarationId/ConsignmentNumber,DeclarationId/ConsignmentNumber,Referenced Table Schema,Customs,
ConsignmentInternalTransition.dxml,ConsignmentInternalTransition.lxml,Relation,SiteCode,SiteCode,Referenced Table Schema,Customs,
ConsignmentPackage.dxml,ConsignmentPackage.lxml,Table,ConsignmentPackages,ConsignmentPackages,DBType,Main,
ConsignmentPackage.dxml,ConsignmentPackage.lxml,Table,ConsignmentPackages,ConsignmentPackages,Schema,Customs,
ConsignmentPackage.dxml,ConsignmentPackage.lxml,Column,GrossMassMeasure,GrossMassMeasure,Precision,18,0
ConsignmentPackage.dxml,ConsignmentPackage.lxml,Column,PackageTypeCode,PackageTypeCode,Size,4,2
ConsignmentPackage.dxml,ConsignmentPackage.lxml,Relation,DeclarationId/ConsignmentNumber,DeclarationId/ConsignmentNumber,Referenced Table Schema,Customs,
ConsignmentPackage.dxml,ConsignmentPackage.lxml,Relation,PackageMeasureQualifierCode,PackageMeasureQualifierCode,Referenced Table Schema,Customs,
ConsignmentPackage.dxml,ConsignmentPackage.lxml,Relation,PackageTypeCode,PackageTypeCode,Referenced Table Schema,Customs,
ConsignmentPackage.dxml,ConsignmentPackage.lxml,Relation,PackageQuantityTypeCode,PackageQuantityTypeCode,Referenced Table Schema,Customs,
ConsignmentPackage.dxml,ConsignmentPackage.lxml,Relation,GrossMassMeasureTypeCode,GrossMassMeasureTypeCode,Referenced Table Schema,Customs,
ConsignmentPackDanger.dxml,ConsignmentPackDanger.lxml,Table,ConsignmentPackDangers,ConsignmentPackDangers,DBType,Main,
ConsignmentPackDanger.dxml,ConsignmentPackDanger.lxml,Table,ConsignmentPackDangers,ConsignmentPackDangers,Schema,Customs,
ConsignmentPackDanger.dxml,ConsignmentPackDanger.lxml,Relation,DeclarationId/ConsignmentNumber/LineNumber,DeclarationId/ConsignmentNumber/LineNumber,Referenced Table Schema,Customs,
ConsignmentPackDanger.dxml,ConsignmentPackDanger.lxml,Relation,UNCode,UNCode,Referenced Table Schema,Customs,
ConsignmentPackDanger.dxml,ConsignmentPackDanger.lxml,Relation,DangerousGoodsPackingReqCode,DangerousGoodsPackingReqCode,Referenced Table Schema,Customs,
ConstraintApprovalDecision.dxml,ConstraintApprovalDecision.lxml,Table,ConstraintApprovalDecisions,ConstraintApprovalDecisions,DBType,Main,
ConstraintApprovalDecision.dxml,ConstraintApprovalDecision.lxml,Table,ConstraintApprovalDecisions,ConstraintApprovalDecisions,Schema,Customs,
ConstraintProcessType.dxml,ConstraintProcessType.lxml,Table,ConstraintProcessTypes,ConstraintProcessTypes,DBType,Main,
ConstraintProcessType.dxml,ConstraintProcessType.lxml,Table,ConstraintProcessTypes,ConstraintProcessTypes,Schema,Customs,
ConstraintStatus.dxml,ConstraintStatus.lxml,Table,ConstraintStatuses,ConstraintStatuses,DBType,Main,
ConstraintStatus.dxml,ConstraintStatus.lxml,Table,ConstraintStatuses,ConstraintStatuses,Schema,Customs,
ConstraintType.dxml,ConstraintType.lxml,Table,ConstraintTypes,ConstraintTypes,DBType,Main,
ConstraintType.dxml,ConstraintType.lxml,Table,ConstraintTypes,ConstraintTypes,Schema,Customs,
ContactRoleType.dxml,ContactRoleType.lxml,Table,ContactRoleTypes,ContactRoleTypes,DBType,Main,
ContactRoleType.dxml,ContactRoleType.lxml,Table,ContactRoleTypes,ContactRoleTypes,Schema,Customs,
ContinuousMessagesTypeCode.dxml,ContinuousMessagesTypeCode.lxml,Table,ContinuousMessagesTypeCodes,ContinuousMessagesTypeCodes,DBType,Main,
ContinuousMessagesTypeCode.dxml,ContinuousMessagesTypeCode.lxml,Table,ContinuousMessagesTypeCodes,ContinuousMessagesTypeCodes,Schema,Customs,
ContinuousRequestType.dxml,ContinuousRequestType.lxml,Table,ContinuousRequestTypes,ContinuousRequestTypes,DBType,Main,
ContinuousRequestType.dxml,ContinuousRequestType.lxml,Table,ContinuousRequestTypes,ContinuousRequestTypes,Schema,Customs,
ConverterType.dxml,ConverterType.lxml,Table,ConverterTypes,ConverterTypes,DBType,Main,
ConverterType.dxml,ConverterType.lxml,Table,ConverterTypes,ConverterTypes,Schema,Customs,
CountryGroup.dxml,CountryGroup.lxml,Table,CountryGroups,CountryGroups,DBType,Main,
CountryGroup.dxml,CountryGroup.lxml,Table,CountryGroups,CountryGroups,Schema,Customs,
CourierCustomStatus.dxml,CourierCustomStatus.lxml,Table,CourierCustomStatuses,CourierCustomStatuses,DBType,Main,
CourierCustomStatus.dxml,CourierCustomStatus.lxml,Table,CourierCustomStatuses,CourierCustomStatuses,Schema,Customs,
CourierDeclaration.dxml,CourierDeclaration.lxml,Table,CourierDeclarations,CourierDeclarations,DBType,Main,
CourierDeclaration.dxml,CourierDeclaration.lxml,Table,CourierDeclarations,CourierDeclarations,Schema,Customs,
CourierDeclaration.dxml,CourierDeclaration.lxml,Relation,CourierMasterId,CourierMasterId,Referenced Table Schema,Customs,
CourierDeclarationStatus.dxml,CourierDeclarationStatus.lxml,Table,CourierDeclarationStatuses,CourierDeclarationStatuses,DBType,Main,
CourierDeclarationStatus.dxml,CourierDeclarationStatus.lxml,Table,CourierDeclarationStatuses,CourierDeclarationStatuses,Schema,Customs,
CourierManifestStatus.dxml,CourierManifestStatus.lxml,Table,CourierManifestStatuses,CourierManifestStatuses,DBType,Main,
CourierManifestStatus.dxml,CourierManifestStatus.lxml,Table,CourierManifestStatuses,CourierManifestStatuses,Schema,Customs,
CourierMaster.dxml,CourierMaster.lxml,Table,CourierMasters,CourierMasters,DBType,Main,
CourierMaster.dxml,CourierMaster.lxml,Table,CourierMasters,CourierMasters,Schema,Customs,
CourierMaster.dxml,CourierMaster.lxml,Column,GatewayPortCode,GatewayPortCode,Size,17,35
CourierMaster.dxml,CourierMaster.lxml,Column,StorageSiteCode,StorageSiteCode,Size,20,17
CourierMaster.dxml,CourierMaster.lxml,Relation,AirlineId,AirlineId,Referenced Table Schema,Customs,
CourierMaster.dxml,CourierMaster.lxml,Relation,GatewayPortCode,GatewayPortCode,Referenced Table Schema,Customs,
CourierMaster.dxml,CourierMaster.lxml,Relation,OriginPortCode,OriginPortCode,Referenced Table Schema,Customs,
CourierMaster.dxml,CourierMaster.lxml,Relation,MAWBTypeCode,MAWBTypeCode,Referenced Table Schema,Customs,
CourierMaster.dxml,CourierMaster.lxml,Relation,WeightValueCode,WeightValueCode,Referenced Table Schema,Customs,
CourierMaster.dxml,CourierMaster.lxml,Relation,StorageSiteCode,StorageSiteCode,Referenced Table Schema,Customs,
CourierPaymentStatus.dxml,CourierPaymentStatus.lxml,Table,CourierPaymentStatuses,CourierPaymentStatuses,DBType,Main,
CourierPaymentStatus.dxml,CourierPaymentStatus.lxml,Table,CourierPaymentStatuses,CourierPaymentStatuses,Schema,Customs,
CourierPendingReason.dxml,CourierPendingReason.lxml,Table,CourierPendingReasons,CourierPendingReasons,DBType,Main,
CourierPendingReason.dxml,CourierPendingReason.lxml,Table,CourierPendingReasons,CourierPendingReasons,Schema,Customs,
CourierPendingReason.dxml,CourierPendingReason.lxml,Relation,ErrorPlace,ErrorPlace,Referenced Table Schema,Customs,
CouriersVat.dxml,CouriersVat.lxml,Table,CouriersVats,CouriersVats,DBType,Main,
CouriersVat.dxml,CouriersVat.lxml,Table,CouriersVats,CouriersVats,Schema,Customs,
CourtInstance.dxml,CourtInstance.lxml,Table,CourtInstances,CourtInstances,DBType,Main,
CourtInstance.dxml,CourtInstance.lxml,Table,CourtInstances,CourtInstances,Schema,Customs,
CurrencyType.dxml,CurrencyType.lxml,Table,CurrencyTypes,CurrencyTypes,DBType,Main,
CurrencyType.dxml,CurrencyType.lxml,Table,CurrencyTypes,CurrencyTypes,Schema,Customs,
CurrencyTypeTenant.dxml,CurrencyTypeTenant.lxml,Table,CurrencyTypeTenants,CurrencyTypeTenants,DBType,Main,
CurrencyTypeTenant.dxml,CurrencyTypeTenant.lxml,Table,CurrencyTypeTenants,CurrencyTypeTenants,Schema,Customs,
CurrencyTypeTenant.dxml,CurrencyTypeTenant.lxml,Relation,Code,Code,Referenced Table Schema,Customs,
CustomBank.dxml,CustomBank.lxml,Table,CustomBanks,CustomBanks,DBType,Main,
CustomBank.dxml,CustomBank.lxml,Table,CustomBanks,CustomBanks,Schema,Customs,
CustomBank.dxml,CustomBank.lxml,Relation,BankCode,BankCode,Referenced Table Schema,Customs,
CustomBank.dxml,CustomBank.lxml,Relation,PayerTypeCode,PayerTypeCode,Referenced Table Schema,Customs,
CustomBank.dxml,CustomBank.lxml,Relation,CustomsBranchId,CustomsBranchId,Referenced Table Schema,Customs,
CustomBanksCard.dxml,CustomBanksCard.lxml,Table,CustomBanksCards,CustomBanksCards,DBType,Main,
CustomBanksCard.dxml,CustomBanksCard.lxml,Table,CustomBanksCards,CustomBanksCards,Schema,Customs,
CustomBanksCard.dxml,CustomBanksCard.lxml,Relation,CustomBankId,CustomBankId,Referenced Table Schema,Customs,
CustomDocumentType.dxml,CustomDocumentType.lxml,Table,CustomDocumentTypes,CustomDocumentTypes,DBType,Main,
CustomDocumentType.dxml,CustomDocumentType.lxml,Table,CustomDocumentTypes,CustomDocumentTypes,Schema,Customs,
CustomDocumentType.dxml,CustomDocumentType.lxml,Relation,PointerLevel,PointerLevel,Referenced Table Schema,Customs,
CustomDocumentTypeMetaData.dxml,CustomDocumentTypeMetaData.lxml,Table,CustomDocumentTypeMetaData,CustomDocumentTypeMetaData,DBType,Main,
CustomDocumentTypeMetaData.dxml,CustomDocumentTypeMetaData.lxml,Table,CustomDocumentTypeMetaData,CustomDocumentTypeMetaData,Schema,Customs,
CustomDocumentTypeMetaData.dxml,CustomDocumentTypeMetaData.lxml,Relation,MetaDataTypeCode,MetaDataTypeCode,Referenced Table Schema,Customs,
CustomDocumentTypeMetaData.dxml,CustomDocumentTypeMetaData.lxml,Relation,DocumentTypeCode,DocumentTypeCode,Referenced Table Schema,Customs,
CustomerActivityType.dxml,CustomerActivityType.lxml,Table,CustomerActivityTypes,CustomerActivityTypes,DBType,Main,
CustomerActivityType.dxml,CustomerActivityType.lxml,Table,CustomerActivityTypes,CustomerActivityTypes,Schema,Customs,
CustomerIdentifyType.dxml,CustomerIdentifyType.lxml,Table,CustomerIdentifyTypes,CustomerIdentifyTypes,DBType,Main,
CustomerIdentifyType.dxml,CustomerIdentifyType.lxml,Table,CustomerIdentifyTypes,CustomerIdentifyTypes,Schema,Customs,
CustomerRoleType.dxml,CustomerRoleType.lxml,Table,CustomerRoleTypes,CustomerRoleTypes,DBType,Main,
CustomerRoleType.dxml,CustomerRoleType.lxml,Table,CustomerRoleTypes,CustomerRoleTypes,Schema,Customs,
CustomerTypeGeneral.dxml,CustomerTypeGeneral.lxml,Table,CustomerTypeGenerals,CustomerTypeGenerals,DBType,Main,
CustomerTypeGeneral.dxml,CustomerTypeGeneral.lxml,Table,CustomerTypeGenerals,CustomerTypeGenerals,Schema,Customs,
CustomMetaDataType.dxml,CustomMetaDataType.lxml,Table,CustomMetaDataTypes,CustomMetaDataTypes,DBType,Main,
CustomMetaDataType.dxml,CustomMetaDataType.lxml,Table,CustomMetaDataTypes,CustomMetaDataTypes,Schema,Customs,
CustomsAddressType.dxml,CustomsAddressType.lxml,Table,CustomsAddressTypes,CustomsAddressTypes,DBType,Main,
CustomsAddressType.dxml,CustomsAddressType.lxml,Table,CustomsAddressTypes,CustomsAddressTypes,Schema,Customs,
CustomsAirline.dxml,CustomsAirline.lxml,Table,CustomsAirlines,CustomsAirlines,DBType,Main,
CustomsAirline.dxml,CustomsAirline.lxml,Table,CustomsAirlines,CustomsAirlines,Schema,Customs,
CustomsBook.dxml,CustomsBook.lxml,Table,CustomsBooks,CustomsBooks,DBType,Main,
CustomsBook.dxml,CustomsBook.lxml,Table,CustomsBooks,CustomsBooks,Schema,Customs,
CustomsBookType.dxml,CustomsBookType.lxml,Table,CustomsBookTypes,CustomsBookTypes,DBType,Main,
CustomsBookType.dxml,CustomsBookType.lxml,Table,CustomsBookTypes,CustomsBookTypes,Schema,Customs,
CustomsBranch.dxml,CustomsBranch.lxml,Table,CustomsBranches,CustomsBranches,DBType,Main,
CustomsBranch.dxml,CustomsBranch.lxml,Table,CustomsBranches,CustomsBranches,Schema,Customs,
CustomsBranch.dxml,CustomsBranch.lxml,Relation,BankCode,BankCode,Referenced Table Schema,Customs,
CustomsClosedTable.dxml,CustomsClosedTable.lxml,Table,CustomsClosedTables,CustomsClosedTables,DBType,Main,
CustomsClosedTable.dxml,CustomsClosedTable.lxml,Table,CustomsClosedTables,CustomsClosedTables,Schema,Customs,
CustomsClosedTable.dxml,CustomsClosedTable.lxml,Relation,StatusCode,StatusCode,Referenced Table Schema,Customs,
CustomsCollateral.dxml,CustomsCollateral.lxml,Table,CustomsCollaterals,CustomsCollaterals,DBType,Main,
CustomsCollateral.dxml,CustomsCollateral.lxml,Table,CustomsCollaterals,CustomsCollaterals,Schema,Customs,
CustomsCollateral.dxml,CustomsCollateral.lxml,Relation,CollateralRequestStatusCode,CollateralRequestStatusCode,Referenced Table Schema,Customs,
CustomsCollateral.dxml,CustomsCollateral.lxml,Relation,RequestedCollateralTypeCode,RequestedCollateralTypeCode,Referenced Table Schema,Customs,
CustomsCollateral.dxml,CustomsCollateral.lxml,Relation,OrganizationUnitTypeCode,OrganizationUnitTypeCode,Referenced Table Schema,Customs,
CustomsCollateral.dxml,CustomsCollateral.lxml,Relation,CustomsEntityTypeCode,CustomsEntityTypeCode,Referenced Table Schema,Customs,
CustomsCollateralsAnswer.dxml,CustomsCollateralsAnswer.lxml,Table,CustomsCollateralsAnswers,CustomsCollateralsAnswers,DBType,Main,
CustomsCollateralsAnswer.dxml,CustomsCollateralsAnswer.lxml,Table,CustomsCollateralsAnswers,CustomsCollateralsAnswers,Schema,Customs,
CustomsCollateralsAnswer.dxml,CustomsCollateralsAnswer.lxml,Column,AllocatedAmount,AllocatedAmount,Precision,18,0
CustomsCollateralsAnswer.dxml,CustomsCollateralsAnswer.lxml,Relation,CustomsCollateralId,CustomsCollateralId,Referenced Table Schema,Customs,
CustomsCollateralsAnswer.dxml,CustomsCollateralsAnswer.lxml,Relation,AnswerEntityTypeCode,AnswerEntityTypeCode,Referenced Table Schema,Customs,
CustomsCollateralsAnswer.dxml,CustomsCollateralsAnswer.lxml,Relation,AnswerForCollateralStatusCode,AnswerForCollateralStatusCode,Referenced Table Schema,Customs,
CustomsCollateralsAnswer.dxml,CustomsCollateralsAnswer.lxml,Relation,TapagId,TapagId,Referenced Table Schema,Customs,
CustomsCollateralsAnswer.dxml,CustomsCollateralsAnswer.lxml,Relation,RequestFileTypeCode,RequestFileTypeCode,Referenced Table Schema,Customs,
CustomsCollateralsAnswer.dxml,CustomsCollateralsAnswer.lxml,Relation,PaymentOrderId,PaymentOrderId,Referenced Table Schema,Customs,
CustomsCollateralsCondition.dxml,CustomsCollateralsCondition.lxml,Table,CustomsCollateralsConditions,CustomsCollateralsConditions,DBType,Main,
CustomsCollateralsCondition.dxml,CustomsCollateralsCondition.lxml,Table,CustomsCollateralsConditions,CustomsCollateralsConditions,Schema,Customs,
CustomsCollateralsCondition.dxml,CustomsCollateralsCondition.lxml,Column,RequestedAmount,RequestedAmount,Precision,18,0
CustomsCollateralsCondition.dxml,CustomsCollateralsCondition.lxml,Relation,CustomsCollateralId,CustomsCollateralId,Referenced Table Schema,Customs,
CustomsCollateralsCondition.dxml,CustomsCollateralsCondition.lxml,Relation,ConditionCode,ConditionCode,Referenced Table Schema,Customs,
CustomsCountry.dxml,CustomsCountry.lxml,Table,CustomsCountries,CustomsCountries,DBType,Main,
CustomsCountry.dxml,CustomsCountry.lxml,Table,CustomsCountries,CustomsCountries,Schema,Customs,
CustomsCountry.dxml,CustomsCountry.lxml,Relation,TarriffCode,TarriffCode,Referenced Table Schema,Customs,
CustomsDocument.dxml,CustomsDocument.lxml,Table,CustomsDocuments,CustomsDocuments,DBType,Main,
CustomsDocument.dxml,CustomsDocument.lxml,Table,CustomsDocuments,CustomsDocuments,Schema,Customs,
CustomsDocument.dxml,CustomsDocument.lxml,Relation,DocumentStatusCode,DocumentStatusCode,Referenced Table Schema,Customs,
CustomsDocument.dxml,CustomsDocument.lxml,Relation,DocumentTypeCode,DocumentTypeCode,Referenced Table Schema,Customs,
CustomsDocumentMetaDataValue.dxml,CustomsDocumentMetaDataValue.lxml,Table,CustomsDocumentMetaDataValues,CustomsDocumentMetaDataValues,DBType,Main,
CustomsDocumentMetaDataValue.dxml,CustomsDocumentMetaDataValue.lxml,Table,CustomsDocumentMetaDataValues,CustomsDocumentMetaDataValues,Schema,Customs,
CustomsDocumentMetaDataValue.dxml,CustomsDocumentMetaDataValue.lxml,Relation,CustomsDocumentId,CustomsDocumentId,Referenced Table Schema,Customs,
CustomsDocumentMetaDataValue.dxml,CustomsDocumentMetaDataValue.lxml,Relation,MetaDataTypeCode,MetaDataTypeCode,Referenced Table Schema,Customs,
CustomsDocumentPointer.dxml,CustomsDocumentPointer.lxml,Table,CustomsDocumentPointers,CustomsDocumentPointers,DBType,Main,
CustomsDocumentPointer.dxml,CustomsDocumentPointer.lxml,Table,CustomsDocumentPointers,CustomsDocumentPointers,Schema,Customs,
CustomsDocumentPointer.dxml,CustomsDocumentPointer.lxml,Relation,CustomsDocumentsTicketId,CustomsDocumentsTicketId,Referenced Table Schema,Customs,
CustomsDocumentsDefinition.dxml,CustomsDocumentsDefinition.lxml,Table,CustomsDocumentsDefinitions,CustomsDocumentsDefinitions,DBType,Main,
CustomsDocumentsDefinition.dxml,CustomsDocumentsDefinition.lxml,Table,CustomsDocumentsDefinitions,CustomsDocumentsDefinitions,Schema,Customs,
CustomsDocumentsDefinition.dxml,CustomsDocumentsDefinition.lxml,Relation,DocumentTypeCode,DocumentTypeCode,Referenced Table Schema,Customs,
CustomsDocumentsDefinition.dxml,CustomsDocumentsDefinition.lxml,Relation,TransportationTypeCode,TransportationTypeCode,Referenced Table Schema,Customs,
CustomsDocumentsDefinition.dxml,CustomsDocumentsDefinition.lxml,Relation,ProcessTypeCode,ProcessTypeCode,Referenced Table Schema,Customs,
CustomsDocumentsDefinition.dxml,CustomsDocumentsDefinition.lxml,Relation,CargoTypeCode,CargoTypeCode,Referenced Table Schema,Customs,
CustomsDocumentStatusType.dxml,CustomsDocumentStatusType.lxml,Table,CustomsDocumentStatusTypes,CustomsDocumentStatusTypes,DBType,Main,
CustomsDocumentStatusType.dxml,CustomsDocumentStatusType.lxml,Table,CustomsDocumentStatusTypes,CustomsDocumentStatusTypes,Schema,Customs,
CustomsDocumentsTicket.dxml,CustomsDocumentsTicket.lxml,Table,CustomsDocumentsTickets,CustomsDocumentsTickets,DBType,Main,
CustomsDocumentsTicket.dxml,CustomsDocumentsTicket.lxml,Table,CustomsDocumentsTickets,CustomsDocumentsTickets,Schema,Customs,
CustomsDocumentsTicket.dxml,CustomsDocumentsTicket.lxml,Relation,DocumentTypeCode,DocumentTypeCode,Referenced Table Schema,Customs,
CustomsDocumentsTicket.dxml,CustomsDocumentsTicket.lxml,Relation,VerificationStatusTypeCode,VerificationStatusTypeCode,Referenced Table Schema,Customs,
CustomsEnvoirmentType.dxml,CustomsEnvoirmentType.lxml,Table,CustomsEnvoirmentTypes,CustomsEnvoirmentTypes,DBType,Main,
CustomsEnvoirmentType.dxml,CustomsEnvoirmentType.lxml,Table,CustomsEnvoirmentTypes,CustomsEnvoirmentTypes,Schema,Customs,
CustomsExchangeRate.dxml,CustomsExchangeRate.lxml,Table,CustomsExchangeRates,CustomsExchangeRates,DBType,Main,
CustomsExchangeRate.dxml,CustomsExchangeRate.lxml,Table,CustomsExchangeRates,CustomsExchangeRates,Schema,Customs,
CustomsExchangeRate.dxml,CustomsExchangeRate.lxml,Relation,CurrencyTypeCode,CurrencyTypeCode,Referenced Table Schema,Customs,
CustomsHouseTypeAdditional.dxml,CustomsHouseTypeAdditional.lxml,Relation,TransportModeId,TransportModeId,Referenced Table Schema,Customs,
CustomsHouseTypeAdditional.dxml,CustomsHouseTypeAdditional.lxml,Relation,UnloadPortCode,UnloadPortCode,Referenced Table Schema,Customs,
CustomsItem.dxml,CustomsItem.lxml,Table,CustomsItems,CustomsItems,DBType,Main,
CustomsItem.dxml,CustomsItem.lxml,Table,CustomsItems,CustomsItems,Schema,Customs,
CustomsItemDetailsHistory.dxml,CustomsItemDetailsHistory.lxml,Table,CustomsItemDetailsHistorys,CustomsItemDetailsHistorys,DBType,Main,
CustomsItemDetailsHistory.dxml,CustomsItemDetailsHistory.lxml,Table,CustomsItemDetailsHistorys,CustomsItemDetailsHistorys,Schema,Customs,
CustomsItemDetailsHistory.dxml,CustomsItemDetailsHistory.lxml,Column,StartDate,StartDate,Type,datetime,date
CustomsItemDetailsHistory.dxml,CustomsItemDetailsHistory.lxml,Column,StartDate,StartDate,Nullable,False,True
CustomsItemDetailsHistory.dxml,CustomsItemDetailsHistory.lxml,Column,EndDate,EndDate,Type,datetime,date
CustomsItemDetailsHistory.dxml,CustomsItemDetailsHistory.lxml,Column,EndDate,EndDate,Nullable,False,True
CustomsItemDetailsHistory.dxml,CustomsItemDetailsHistory.lxml,Relation,CustomsItemID,CustomsItemID,Referenced Table Schema,Customs,
CustomsPartnerFtp.dxml,CustomsPartnerFtp.lxml,Table,CustomsPartnerFtps,CustomsPartnerFtps,DBType,Main,
CustomsPartnerFtp.dxml,CustomsPartnerFtp.lxml,Table,CustomsPartnerFtps,CustomsPartnerFtps,Schema,Customs,
CustomsPartnersItem.dxml,CustomsPartnersItem.lxml,Relation,CustomerId,CustomerId,Referenced Table Schema,Customs,
CustomsPartnersItem.dxml,CustomsPartnersItem.lxml,Relation,VendorId,VendorId,Referenced Table Schema,Customs,
CustomsPaymentTerm.dxml,CustomsPaymentTerm.lxml,Table,CustomsPaymentTerms,CustomsPaymentTerms,DBType,Main,
CustomsPaymentTerm.dxml,CustomsPaymentTerm.lxml,Table,CustomsPaymentTerms,CustomsPaymentTerms,Schema,Customs,
CustomsRequestsSheet.dxml,CustomsRequestsSheet.lxml,Table,CustomsRequestsSheets,CustomsRequestsSheets,DBType,Main,
CustomsRequestsSheet.dxml,CustomsRequestsSheet.lxml,Table,CustomsRequestsSheets,CustomsRequestsSheets,Schema,Customs,
CustomsRequestsSheet.dxml,CustomsRequestsSheet.lxml,Relation,RequestStatusCode,RequestStatusCode,Referenced Table Schema,Customs,
CustomsRequestsSheet.dxml,CustomsRequestsSheet.lxml,Relation,InterfaceTypeCode,InterfaceTypeCode,Referenced Table Schema,Customs,
CustomsRequestsSheetStatus.dxml,CustomsRequestsSheetStatus.lxml,Table,CustomsRequestsSheetStatuses,CustomsRequestsSheetStatuses,DBType,Main,
CustomsRequestsSheetStatus.dxml,CustomsRequestsSheetStatus.lxml,Table,CustomsRequestsSheetStatuses,CustomsRequestsSheetStatuses,Schema,Customs,
CustomsRequiredField.dxml,CustomsRequiredField.lxml,Table,CustomsRequiredFields,CustomsRequiredFields,DBType,Main,
CustomsRequiredField.dxml,CustomsRequiredField.lxml,Table,CustomsRequiredFields,CustomsRequiredFields,Schema,Customs,
CustomsRequiredField.dxml,CustomsRequiredField.lxml,Column,ObjectfieldCode,ObjectfieldCode,Nullable,True,False
CustomsSetting.dxml,CustomsSetting.lxml,Relation,CustomsEnvoirmentTypeCode,CustomsEnvoirmentTypeCode,Referenced Table Schema,Customs,
CustomsTransportMode.dxml,CustomsTransportMode.lxml,Table,CustomsTransportModes,CustomsTransportModes,DBType,Main,
CustomsTransportMode.dxml,CustomsTransportMode.lxml,Table,CustomsTransportModes,CustomsTransportModes,Schema,Customs,
CustomsVendor.dxml,CustomsVendor.lxml,Table,CustomsVendors,CustomsVendors,DBType,Main,
CustomsVendor.dxml,CustomsVendor.lxml,Table,CustomsVendors,CustomsVendors,Schema,Customs,
CustomsVendor.dxml,CustomsVendor.lxml,Column,IsPalestinian,IsPalestinian,Size,0,1
CustomsVendor.dxml,CustomsVendor.lxml,Relation,VendorTypeCode,VendorTypeCode,Referenced Table Schema,Customs,
CustomsVendor.dxml,CustomsVendor.lxml,Relation,CountryCode,CountryCode,Referenced Table Schema,Customs,
CustomsVendor.dxml,CustomsVendor.lxml,Relation,SubCountryCode,SubCountryCode,Referenced Table Schema,Customs,
CustomsVendor.dxml,CustomsVendor.lxml,Relation,StatusCode,StatusCode,Referenced Table Schema,Customs,
CustomsVendor.dxml,CustomsVendor.lxml,Relation,TransactionTypeID,TransactionTypeID,Referenced Table Schema,Customs,
CustomsVerificationStatusType.dxml,CustomsVerificationStatusType.lxml,Table,CustomsVerificationStatusTypes,CustomsVerificationStatusTypes,DBType,Main,
CustomsVerificationStatusType.dxml,CustomsVerificationStatusType.lxml,Table,CustomsVerificationStatusTypes,CustomsVerificationStatusTypes,Schema,Customs,
DangerousGoodsPackingReq.dxml,DangerousGoodsPackingReq.lxml,Table,DangerousGoodsPackingReqs,DangerousGoodsPackingReqs,DBType,Main,
DangerousGoodsPackingReq.dxml,DangerousGoodsPackingReq.lxml,Table,DangerousGoodsPackingReqs,DangerousGoodsPackingReqs,Schema,Customs,
DebtNotificationType.dxml,DebtNotificationType.lxml,Table,DebtNotificationTypes,DebtNotificationTypes,DBType,Main,
DebtNotificationType.dxml,DebtNotificationType.lxml,Table,DebtNotificationTypes,DebtNotificationTypes,Schema,Customs,
DecCargoSplitCargoIdentifier.dxml,DecCargoSplitCargoIdentifier.lxml,Table,DecCargoSplitCargoIdentifiers,DecCargoSplitCargoIdentifiers,DBType,Main,
DecCargoSplitCargoIdentifier.dxml,DecCargoSplitCargoIdentifier.lxml,Table,DecCargoSplitCargoIdentifiers,DecCargoSplitCargoIdentifiers,Schema,Customs,
DecCargoSplitCargoIdentifier.dxml,DecCargoSplitCargoIdentifier.lxml,Relation,DeclarationCargoSplitId,DeclarationCargoSplitId,Referenced Table Schema,Customs,
DecCargoSplitCon.dxml,DecCargoSplitCon.lxml,Table,DecCargoSplitCons,DecCargoSplitCons,DBType,Main,
DecCargoSplitCon.dxml,DecCargoSplitCon.lxml,Table,DecCargoSplitCons,DecCargoSplitCons,Schema,Customs,
DecCargoSplitCon.dxml,DecCargoSplitCon.lxml,Relation,DeclarationCargoSplitId,DeclarationCargoSplitId,Referenced Table Schema,Customs,
DecCargoSplitCon.dxml,DecCargoSplitCon.lxml,Relation,ConditionCode,ConditionCode,Referenced Table Schema,Customs,
DecCargoSplitCon.dxml,DecCargoSplitCon.lxml,Relation,ProcedureCurrentCode,ProcedureCurrentCode,Referenced Table Schema,Customs,
DecCargoSplitConsItem.dxml,DecCargoSplitConsItem.lxml,Table,DecCargoSplitConsItems,DecCargoSplitConsItems,DBType,Main,
DecCargoSplitConsItem.dxml,DecCargoSplitConsItem.lxml,Table,DecCargoSplitConsItems,DecCargoSplitConsItems,Schema,Customs,
DecCargoSplitConsItem.dxml,DecCargoSplitConsItem.lxml,Column,GrossMassMeasure,GrossMassMeasure,Precision,18,0
DecCargoSplitConsItem.dxml,DecCargoSplitConsItem.lxml,Relation,DeclarationCargoSplitId/DecCargoSplitConsLineNo,DeclarationCargoSplitId/DecCargoSplitConsLineNo,Referenced Table Schema,Customs,
DecCargoSplitConsItem.dxml,DecCargoSplitConsItem.lxml,Relation,RequestReasonCode,RequestReasonCode,Referenced Table Schema,Customs,
DecCargoSplitConsPackDet.dxml,DecCargoSplitConsPackDet.lxml,Table,DecCargoSplitConsPackDets,DecCargoSplitConsPackDets,DBType,Main,
DecCargoSplitConsPackDet.dxml,DecCargoSplitConsPackDet.lxml,Table,DecCargoSplitConsPackDets,DecCargoSplitConsPackDets,Schema,Customs,
DecCargoSplitConsPackDet.dxml,DecCargoSplitConsPackDet.lxml,Column,PackageLine,PackageLine,Size,0,4
DecCargoSplitConsPackDet.dxml,DecCargoSplitConsPackDet.lxml,Column,GrossMassMeasure,GrossMassMeasure,Precision,18,0
DecCargoSplitConsPackDet.dxml,DecCargoSplitConsPackDet.lxml,Column,PackageTypeCode,PackageTypeCode,Size,4,2
DecCargoSplitConsPackDet.dxml,DecCargoSplitConsPackDet.lxml,Relation,DeclarationCargoSplitId/DecCargoSplitConsLineNo/DecCargoSplitConsItemLine,DeclarationCargoSplitId/DecCargoSplitConsLineNo/DecCargoSplitConsItemLine,Referenced Table Schema,Customs,
DecCargoSplitConsPackDet.dxml,DecCargoSplitConsPackDet.lxml,Relation,PackageTypeCode,PackageTypeCode,Referenced Table Schema,Customs,
DecDangersContacts.dxml,DecDangersContacts.lxml,Table,DecDangersContacts,DecDangersContacts,DBType,Main,
DecDangersContacts.dxml,DecDangersContacts.lxml,Table,DecDangersContacts,DecDangersContacts,Schema,Customs,
DecDangersContacts.dxml,DecDangersContacts.lxml,Column,CompanyCommTypeCode,CompanyCommTypeCode,Size,2,3
DecDangersContacts.dxml,DecDangersContacts.lxml,Column,ContactCommTypeCode,ContactCommTypeCode,Size,2,3
DecDangersContacts.dxml,DecDangersContacts.lxml,Relation,CompanyCommTypeCode,CompanyCommTypeCode,Referenced Table Schema,Customs,
DecDangersContacts.dxml,DecDangersContacts.lxml,Relation,ContactCommTypeCode,ContactCommTypeCode,Referenced Table Schema,Customs,
DecisionType.dxml,DecisionType.lxml,Table,DecisionTypes,DecisionTypes,DBType,Main,
DecisionType.dxml,DecisionType.lxml,Table,DecisionTypes,DecisionTypes,Schema,Customs,
Declaration.dxml,Declaration.lxml,Column,StorageSiteCode,StorageSiteCode,Size,20,17
Declaration.dxml,Declaration.lxml,Column,PlatformFee,PlatformFee,Precision,18,0
Declaration.dxml,Declaration.lxml,Column,PlatformFee,PlatformFee,Scale,2,3
Declaration.dxml,Declaration.lxml,Column,AcceptanceStatusCode,AcceptanceStatusCode,Size,3,1
Declaration.dxml,Declaration.lxml,Column,AmendmentStatus,AmendmentStatus,Size,3,2
Declaration.dxml,Declaration.lxml,Column,IsDiamondDeclaration,IsDiamondDeclaration,Size,0,1
Declaration.dxml,Declaration.lxml,Column,IsMissMandatoryDiamond,IsMissMandatoryDiamond,Size,0,10
Declaration.dxml,Declaration.lxml,Column,IsValidTicketsDiamond,IsValidTicketsDiamond,Size,0,3
Declaration.dxml,Declaration.lxml,Relation,ImporterId,ImporterId,Referenced Table Schema,Customs,
Declaration.dxml,Declaration.lxml,Relation,ProcedureCurrentCode,ProcedureCurrentCode,Referenced Table Schema,Customs,
Declaration.dxml,Declaration.lxml,Relation,AutonomyRegionTypeCode,AutonomyRegionTypeCode,Referenced Table Schema,Customs,
Declaration.dxml,Declaration.lxml,Relation,ImporterPassCountryCode,ImporterPassCountryCode,Referenced Table Schema,Customs,
Declaration.dxml,Declaration.lxml,Relation,TransferImporterId,TransferImporterId,Referenced Table Schema,Customs,
Declaration.dxml,Declaration.lxml,Relation,TransferImporterCountryCode,TransferImporterCountryCode,Referenced Table Schema,Customs,
Declaration.dxml,Declaration.lxml,Relation,EntitleImporterId,EntitleImporterId,Referenced Table Schema,Customs,
Declaration.dxml,Declaration.lxml,Relation,ImporterEntitlementTypeCode,ImporterEntitlementTypeCode,Referenced Table Schema,Customs,
Declaration.dxml,Declaration.lxml,Relation,EntitleImporterCountryCode,EntitleImporterCountryCode,Referenced Table Schema,Customs,
Declaration.dxml,Declaration.lxml,Relation,DeclarationDocumentTypeCode,DeclarationDocumentTypeCode,Referenced Table Schema,Customs,
Declaration.dxml,Declaration.lxml,Relation,DeclarationStatusTypeCode,DeclarationStatusTypeCode,Referenced Table Schema,Customs,
Declaration.dxml,Declaration.lxml,Relation,TransportModeId,TransportModeId,Referenced Table Schema,Customs,
Declaration.dxml,Declaration.lxml,Relation,StorageSiteCode,StorageSiteCode,Referenced Table Schema,Customs,
Declaration.dxml,Declaration.lxml,Relation,ImporterTypeCode,ImporterTypeCode,Referenced Table Schema,Customs,
Declaration.dxml,Declaration.lxml,Relation,TransferImporterTypeCode,TransferImporterTypeCode,Referenced Table Schema,Customs,
Declaration.dxml,Declaration.lxml,Relation,EntitleImporterTypeCode,EntitleImporterTypeCode,Referenced Table Schema,Customs,
Declaration.dxml,Declaration.lxml,Relation,PaymentStatusCode,PaymentStatusCode,Referenced Table Schema,Customs,
Declaration.dxml,Declaration.lxml,Relation,MainImporterEntitlemntTypeCode,MainImporterEntitlemntTypeCode,Referenced Table Schema,Customs,
Declaration.dxml,Declaration.lxml,Relation,StorageStatusCode,StorageStatusCode,Referenced Table Schema,Customs,
Declaration.dxml,Declaration.lxml,Relation,ManifestCargoStatusCode,ManifestCargoStatusCode,Referenced Table Schema,Customs,
Declaration.dxml,Declaration.lxml,Relation,CourierCustomStatusCode,CourierCustomStatusCode,Referenced Table Schema,Customs,
Declaration.dxml,Declaration.lxml,Relation,CourierSuspentionReasonCode,CourierSuspentionReasonCode,Referenced Table Schema,Customs,
Declaration.dxml,Declaration.lxml,Relation,WeightValue,WeightValue,Referenced Table Schema,Customs,
Declaration.dxml,Declaration.lxml,Relation,AcceptanceStatusCode,AcceptanceStatusCode,Referenced Table Schema,Customs,
Declaration.dxml,Declaration.lxml,Relation,CourierSuspentionCode,CourierSuspentionCode,Referenced Table Schema,Customs,
Declaration.dxml,Declaration.lxml,Relation,AmendmentStatus,AmendmentStatus,Referenced Table Schema,Customs,
Declaration.dxml,Declaration.lxml,Column,NULL,DeclarationTaxes,Name,NULL,DeclarationTaxes
DeclarationCargoSplit.dxml,DeclarationCargoSplit.lxml,Table,DeclarationCargoSplits,DeclarationCargoSplits,DBType,Main,
DeclarationCargoSplit.dxml,DeclarationCargoSplit.lxml,Table,DeclarationCargoSplits,DeclarationCargoSplits,Schema,Customs,
DeclarationCargoSplit.dxml,DeclarationCargoSplit.lxml,Relation,ActionTypeCode,ActionTypeCode,Referenced Table Schema,Customs,
DeclarationCargoSplit.dxml,DeclarationCargoSplit.lxml,Relation,RequestReason,RequestReason,Referenced Table Schema,Customs,
DeclarationCargoSplit.dxml,DeclarationCargoSplit.lxml,Relation,CargoTypeCode,CargoTypeCode,Referenced Table Schema,Customs,
DeclarationCargoSplit.dxml,DeclarationCargoSplit.lxml,Relation,ResponseStatusCode,ResponseStatusCode,Referenced Table Schema,Customs,
DeclarationConsAcceptance.dxml,DeclarationConsAcceptance.lxml,Table,DeclarationConsAcceptances,DeclarationConsAcceptances,DBType,Main,
DeclarationConsAcceptance.dxml,DeclarationConsAcceptance.lxml,Table,DeclarationConsAcceptances,DeclarationConsAcceptances,Schema,Customs,
DeclarationConsAcceptance.dxml,DeclarationConsAcceptance.lxml,Relation,PackageTypeCode,PackageTypeCode,Referenced Table Schema,Customs,
DeclarationConstraint.dxml,DeclarationConstraint.lxml,Table,DeclarationConstraints,DeclarationConstraints,DBType,Main,
DeclarationConstraint.dxml,DeclarationConstraint.lxml,Table,DeclarationConstraints,DeclarationConstraints,Schema,Customs,
DeclarationConstraint.dxml,DeclarationConstraint.lxml,Relation,ConstraintTypeCode,ConstraintTypeCode,Referenced Table Schema,Customs,
DeclarationConstraint.dxml,DeclarationConstraint.lxml,Relation,ConstraintStatusCode,ConstraintStatusCode,Referenced Table Schema,Customs,
DeclarationConstraint.dxml,DeclarationConstraint.lxml,Relation,ApprovalDecision,ApprovalDecision,Referenced Table Schema,Customs,
DeclarationConstraint.dxml,DeclarationConstraint.lxml,Relation,CustomsCollateralId,CustomsCollateralId,Referenced Table Schema,Customs,
DeclarationCourierStatus.dxml,DeclarationCourierStatus.lxml,Table,DeclarationCourierStatuses,DeclarationCourierStatuses,DBType,Main,
DeclarationCourierStatus.dxml,DeclarationCourierStatus.lxml,Table,DeclarationCourierStatuses,DeclarationCourierStatuses,Schema,Customs,
DeclarationCourierStatus.dxml,DeclarationCourierStatus.lxml,Relation,CourierPendingReasonCode,CourierPendingReasonCode,Referenced Table Schema,Customs,
DeclarationCourierStatus.dxml,DeclarationCourierStatus.lxml,Relation,StorageSiteStatusCode,StorageSiteStatusCode,Referenced Table Schema,Customs,
DeclarationErrorMapping.dxml,DeclarationErrorMapping.lxml,Table,DeclarationErrorMappings,DeclarationErrorMappings,DBType,Main,
DeclarationErrorMapping.dxml,DeclarationErrorMapping.lxml,Table,DeclarationErrorMappings,DeclarationErrorMappings,Schema,Customs,
DeclarationMamanSpecialAction.dxml,DeclarationMamanSpecialAction.lxml,Table,DeclarationMamanSpecialActions,DeclarationMamanSpecialActions,DBType,Main,
DeclarationMamanSpecialAction.dxml,DeclarationMamanSpecialAction.lxml,Table,DeclarationMamanSpecialActions,DeclarationMamanSpecialActions,Schema,Customs,
DeclarationMamanSpecialAction.dxml,DeclarationMamanSpecialAction.lxml,Relation,MamanSpecialActionCode,MamanSpecialActionCode,Referenced Table Schema,Customs,
DeclarationMamanSpecialAction.dxml,DeclarationMamanSpecialAction.lxml,Relation,MamanSpecialActionStatusCode,MamanSpecialActionStatusCode,Referenced Table Schema,Customs,
DeclarationPayment.dxml,DeclarationPayment.lxml,Table,DeclarationPayments,DeclarationPayments,DBType,Main,
DeclarationPayment.dxml,DeclarationPayment.lxml,Table,DeclarationPayments,DeclarationPayments,Schema,Customs,
DeclarationPaymentMethod.dxml,DeclarationPaymentMethod.lxml,Table,DeclarationPaymentMethods,DeclarationPaymentMethods,DBType,Main,
DeclarationPaymentMethod.dxml,DeclarationPaymentMethod.lxml,Table,DeclarationPaymentMethods,DeclarationPaymentMethods,Schema,Customs,
DeclarationPaymentMethod.dxml,DeclarationPaymentMethod.lxml,Relation,DeclarationId,DeclarationId,Referenced Table Schema,Customs,
DeclarationPaymentMethod.dxml,DeclarationPaymentMethod.lxml,Relation,PayerActivityTypeCode,PayerActivityTypeCode,Referenced Table Schema,Customs,
DeclarationPaymentMethod.dxml,DeclarationPaymentMethod.lxml,Relation,MethodTypeCode,MethodTypeCode,Referenced Table Schema,Customs,
DeclarationPaymentMethod.dxml,DeclarationPaymentMethod.lxml,Relation,BankCode,BankCode,Referenced Table Schema,Customs,
DeclarationPaymentMethod.dxml,DeclarationPaymentMethod.lxml,Relation,InternalBankId,InternalBankId,Referenced Table Schema,Customs,
DeclarationPaymentMethod.dxml,DeclarationPaymentMethod.lxml,Relation,CustomsBranchId,CustomsBranchId,Referenced Table Schema,Customs,
DeclarationPaymentProtest.dxml,DeclarationPaymentProtest.lxml,Table,DeclarationPaymentProtests,DeclarationPaymentProtests,DBType,Main,
DeclarationPaymentProtest.dxml,DeclarationPaymentProtest.lxml,Table,DeclarationPaymentProtests,DeclarationPaymentProtests,Schema,Customs,
DeclarationPaymentProtest.dxml,DeclarationPaymentProtest.lxml,Relation,DeclarationId,DeclarationId,Referenced Table Schema,Customs,
DeclarationPaymentProtest.dxml,DeclarationPaymentProtest.lxml,Relation,ProtestTypeCode,ProtestTypeCode,Referenced Table Schema,Customs,
DeclarationPending.dxml,DeclarationPending.lxml,Table,DeclarationPendings,DeclarationPendings,DBType,Main,
DeclarationPending.dxml,DeclarationPending.lxml,Table,DeclarationPendings,DeclarationPendings,Schema,Customs,
DeclarationPending.dxml,DeclarationPending.lxml,Relation,DeclarationID,DeclarationID,Referenced Table Schema,Customs,
DeclarationPending.dxml,DeclarationPending.lxml,Relation,CourierPendingReasonCode,CourierPendingReasonCode,Referenced Table Schema,Customs,
DeclarationStatementType.dxml,DeclarationStatementType.lxml,Table,DeclarationStatementTypes,DeclarationStatementTypes,DBType,Main,
DeclarationStatementType.dxml,DeclarationStatementType.lxml,Table,DeclarationStatementTypes,DeclarationStatementTypes,Schema,Customs,
DeclarationStatusType.dxml,DeclarationStatusType.lxml,Table,DeclarationStatusTypes,DeclarationStatusTypes,DBType,Main,
DeclarationStatusType.dxml,DeclarationStatusType.lxml,Table,DeclarationStatusTypes,DeclarationStatusTypes,Schema,Customs,
DeclarationTax.dxml,DeclarationTax.lxml,Table,DeclarationTaxes,DeclarationTaxes,DBType,Main,
DeclarationTax.dxml,DeclarationTax.lxml,Table,DeclarationTaxes,DeclarationTaxes,Schema,Customs,
DeclarationTax.dxml,DeclarationTax.lxml,Relation,TaxTypeCode,TaxTypeCode,Referenced Table Schema,Customs,
Deficit.dxml,Deficit.lxml,Table,Deficits,Deficits,DBType,Main,
Deficit.dxml,Deficit.lxml,Table,Deficits,Deficits,Schema,Customs,
Deficit.dxml,Deficit.lxml,Column,ProductionDate,ProductionDate,Type,datetime,date
Deficit.dxml,Deficit.lxml,Column,ValidityDateTo,ValidityDateTo,Type,datetime,date
Deficit.dxml,Deficit.lxml,Relation,NotificationTypeCode,NotificationTypeCode,Referenced Table Schema,Customs,
Deficit.dxml,Deficit.lxml,Relation,TapagId,TapagId,Referenced Table Schema,Customs,
DeficitConnFileParagraphType.dxml,DeficitConnFileParagraphType.lxml,Table,DeficitConnFileParagraphTypes,DeficitConnFileParagraphTypes,DBType,Main,
DeficitConnFileParagraphType.dxml,DeficitConnFileParagraphType.lxml,Table,DeficitConnFileParagraphTypes,DeficitConnFileParagraphTypes,Schema,Customs,
DeficitConnFileParagraphType.dxml,DeficitConnFileParagraphType.lxml,Relation,DeficitId,DeficitId,Referenced Table Schema,Customs,
DeficitConnFileParagraphType.dxml,DeficitConnFileParagraphType.lxml,Relation,ParagraphTypeCode,ParagraphTypeCode,Referenced Table Schema,Customs,
DeficitDecision.dxml,DeficitDecision.lxml,Table,DeficitDecisions,DeficitDecisions,DBType,Main,
DeficitDecision.dxml,DeficitDecision.lxml,Table,DeficitDecisions,DeficitDecisions,Schema,Customs,
DeficitDecision.dxml,DeficitDecision.lxml,Relation,DeficitId,DeficitId,Referenced Table Schema,Customs,
DeficitDecision.dxml,DeficitDecision.lxml,Relation,RequestTypeCode,RequestTypeCode,Referenced Table Schema,Customs,
DeficitDecision.dxml,DeficitDecision.lxml,Relation,ApprovedProfessionCode,ApprovedProfessionCode,Referenced Table Schema,Customs,
DeficitDecision.dxml,DeficitDecision.lxml,Relation,DecisionCode,DecisionCode,Referenced Table Schema,Customs,
DeliverySiteType.dxml,DeliverySiteType.lxml,Table,DeliverySiteTypes,DeliverySiteTypes,DBType,Main,
DeliverySiteType.dxml,DeliverySiteType.lxml,Table,DeliverySiteTypes,DeliverySiteTypes,Schema,Customs,
DemanderType.dxml,DemanderType.lxml,Table,DemanderTypes,DemanderTypes,DBType,Main,
DemanderType.dxml,DemanderType.lxml,Table,DemanderTypes,DemanderTypes,Schema,Customs,
Deposit.dxml,Deposit.lxml,Table,Deposits,Deposits,DBType,Main,
Deposit.dxml,Deposit.lxml,Table,Deposits,Deposits,Schema,Customs,
Deposit.dxml,Deposit.lxml,Relation,TapagID,TapagID,Referenced Table Schema,Customs,
Deposit.dxml,Deposit.lxml,Relation,DepositEssenceTypeCode,DepositEssenceTypeCode,Referenced Table Schema,Customs,
Deposit.dxml,Deposit.lxml,Relation,EntityTypeCode,EntityTypeCode,Referenced Table Schema,Customs,
DepositCondition.dxml,DepositCondition.lxml,Table,DepositConditions,DepositConditions,DBType,Main,
DepositCondition.dxml,DepositCondition.lxml,Table,DepositConditions,DepositConditions,Schema,Customs,
DepositCondition.dxml,DepositCondition.lxml,Relation,DepositId,DepositId,Referenced Table Schema,Customs,
DepositCondition.dxml,DepositCondition.lxml,Relation,DepositConditionCode,DepositConditionCode,Referenced Table Schema,Customs,
DepositCustomerActivity.dxml,DepositCustomerActivity.lxml,Table,DepositCustomerActivities,DepositCustomerActivities,DBType,Main,
DepositCustomerActivity.dxml,DepositCustomerActivity.lxml,Table,DepositCustomerActivities,DepositCustomerActivities,Schema,Customs,
DepositEssenceType.dxml,DepositEssenceType.lxml,Table,DepositEssenceTypes,DepositEssenceTypes,DBType,Main,
DepositEssenceType.dxml,DepositEssenceType.lxml,Table,DepositEssenceTypes,DepositEssenceTypes,Schema,Customs,
DepositFileType.dxml,DepositFileType.lxml,Table,DepositFileTypes,DepositFileTypes,DBType,Main,
DepositFileType.dxml,DepositFileType.lxml,Table,DepositFileTypes,DepositFileTypes,Schema,Customs,
DocumentTypeCustomsData.dxml,DocumentTypeCustomsData.lxml,Table,DocumentTypeCustomsData,DocumentTypeCustomsData,DBType,Main,
DocumentTypeCustomsData.dxml,DocumentTypeCustomsData.lxml,Table,DocumentTypeCustomsData,DocumentTypeCustomsData,Schema,Customs,
DocumentTypeCustomsData.dxml,DocumentTypeCustomsData.lxml,Relation,CustomsDoucumentTypeCode,CustomsDoucumentTypeCode,Referenced Table Schema,Customs,
EntitlementType.dxml,EntitlementType.lxml,Table,EntitlementTypes,EntitlementTypes,DBType,Main,
EntitlementType.dxml,EntitlementType.lxml,Table,EntitlementTypes,EntitlementTypes,Schema,Customs,
EntityTypeLookup.dxml,EntityTypeLookup.lxml,Table,EntityTypeLookups,EntityTypeLookups,DBType,Main,
EntityTypeLookup.dxml,EntityTypeLookup.lxml,Table,EntityTypeLookups,EntityTypeLookups,Schema,Customs,
FacilitationType.dxml,FacilitationType.lxml,Table,FacilitationTypes,FacilitationTypes,DBType,Main,
FacilitationType.dxml,FacilitationType.lxml,Table,FacilitationTypes,FacilitationTypes,Schema,Customs,
FaultInspectionType.dxml,FaultInspectionType.lxml,Table,FaultInspectionTypes,FaultInspectionTypes,DBType,Main,
FaultInspectionType.dxml,FaultInspectionType.lxml,Table,FaultInspectionTypes,FaultInspectionTypes,Schema,Customs,
FreightPaymentMethod.dxml,FreightPaymentMethod.lxml,Table,FreightPaymentMethods,FreightPaymentMethods,DBType,Main,
FreightPaymentMethod.dxml,FreightPaymentMethod.lxml,Table,FreightPaymentMethods,FreightPaymentMethods,Schema,Customs,
FuelType.dxml,FuelType.lxml,Table,FuelTypes,FuelTypes,DBType,Main,
FuelType.dxml,FuelType.lxml,Table,FuelTypes,FuelTypes,Schema,Customs,
GatepassRequest.dxml,GatepassRequest.lxml,Table,GatepassRequests,GatepassRequests,DBType,Main,
GatepassRequest.dxml,GatepassRequest.lxml,Table,GatepassRequests,GatepassRequests,Schema,Customs,
GatepassRequest.dxml,GatepassRequest.lxml,Column,DesignateSiteCode,DesignateSiteCode,Size,17,15
GatepassRequest.dxml,GatepassRequest.lxml,Relation,OriginSiteCode,OriginSiteCode,Referenced Table Schema,Customs,
GatepassRequest.dxml,GatepassRequest.lxml,Relation,UpdateCode,UpdateCode,Referenced Table Schema,Customs,
GatepassRequest.dxml,GatepassRequest.lxml,Relation,DesignateSiteCode,DesignateSiteCode,Referenced Table Schema,Customs,
GatepassRequest.dxml,GatepassRequest.lxml,Relation,TransportationTypeCode,TransportationTypeCode,Referenced Table Schema,Customs,
GatepassReturnCode.dxml,GatepassReturnCode.lxml,Table,GatepassReturnCodes,GatepassReturnCodes,DBType,Main,
GatepassReturnCode.dxml,GatepassReturnCode.lxml,Table,GatepassReturnCodes,GatepassReturnCodes,Schema,Customs,
Gender.dxml,Gender.lxml,Table,Genders,Genders,DBType,Main,
Gender.dxml,Gender.lxml,Table,Genders,Genders,Schema,Customs,
GovernmentProcedureType.dxml,GovernmentProcedureType.lxml,Table,GovernmentProcedureTypes,GovernmentProcedureTypes,DBType,Main,
GovernmentProcedureType.dxml,GovernmentProcedureType.lxml,Table,GovernmentProcedureTypes,GovernmentProcedureTypes,Schema,Customs,
Guarantee.dxml,Guarantee.lxml,Table,Guarantees,Guarantees,DBType,Main,
Guarantee.dxml,Guarantee.lxml,Table,Guarantees,Guarantees,Schema,Customs,
Guarantee.dxml,Guarantee.lxml,Relation,TapagID,TapagID,Referenced Table Schema,Customs,
Guarantee.dxml,Guarantee.lxml,Relation,GuaranteeRequestStatusCode,GuaranteeRequestStatusCode,Referenced Table Schema,Customs,
Guarantee.dxml,Guarantee.lxml,Relation,ClientActivityCode,ClientActivityCode,Referenced Table Schema,Customs,
Guarantee.dxml,Guarantee.lxml,Relation,CustomEntityTypeCode,CustomEntityTypeCode,Referenced Table Schema,Customs,
GuaranteeCertificateType.dxml,GuaranteeCertificateType.lxml,Table,GuaranteeCertificateTypes,GuaranteeCertificateTypes,DBType,Main,
GuaranteeCertificateType.dxml,GuaranteeCertificateType.lxml,Table,GuaranteeCertificateTypes,GuaranteeCertificateTypes,Schema,Customs,
GuaranteeCondition.dxml,GuaranteeCondition.lxml,Table,GuaranteeConditions,GuaranteeConditions,DBType,Main,
GuaranteeCondition.dxml,GuaranteeCondition.lxml,Table,GuaranteeConditions,GuaranteeConditions,Schema,Customs,
GuaranteeCondition.dxml,GuaranteeCondition.lxml,Relation,GuaranteeId,GuaranteeId,Referenced Table Schema,Customs,
GuaranteeCondition.dxml,GuaranteeCondition.lxml,Relation,ReturnConditionCode,ReturnConditionCode,Referenced Table Schema,Customs,
GuaranteeCustomerActivity.dxml,GuaranteeCustomerActivity.lxml,Table,GuaranteeCustomerActivities,GuaranteeCustomerActivities,DBType,Main,
GuaranteeCustomerActivity.dxml,GuaranteeCustomerActivity.lxml,Table,GuaranteeCustomerActivities,GuaranteeCustomerActivities,Schema,Customs,
HazardousSubstance.dxml,HazardousSubstance.lxml,Table,HazardousSubstances,HazardousSubstances,DBType,Main,
HazardousSubstance.dxml,HazardousSubstance.lxml,Table,HazardousSubstances,HazardousSubstances,Schema,Customs,
ImporterDeclarationType.dxml,ImporterDeclarationType.lxml,Table,ImporterDeclarationTypes,ImporterDeclarationTypes,DBType,Main,
ImporterDeclarationType.dxml,ImporterDeclarationType.lxml,Table,ImporterDeclarationTypes,ImporterDeclarationTypes,Schema,Customs,
ImporterDesposition.dxml,ImporterDesposition.lxml,Table,ImporterDespositions,ImporterDespositions,DBType,Main,
ImporterDesposition.dxml,ImporterDesposition.lxml,Table,ImporterDespositions,ImporterDespositions,Schema,Customs,
ImporterDesposition.dxml,ImporterDesposition.lxml,Relation,ImporterDepositionStatusCode,ImporterDepositionStatusCode,Referenced Table Schema,Customs,
ImporterDesposition.dxml,ImporterDesposition.lxml,Relation,ImporterlId,ImporterlId,Referenced Table Schema,Customs,
ImporterDesposition.dxml,ImporterDesposition.lxml,Relation,VendorID,VendorID,Referenced Table Schema,Customs,
ImporterPeriodicDeclarStatus.dxml,ImporterPeriodicDeclarStatus.lxml,Table,ImporterPeriodicDeclarStatuses,ImporterPeriodicDeclarStatuses,DBType,Main,
ImporterPeriodicDeclarStatus.dxml,ImporterPeriodicDeclarStatus.lxml,Table,ImporterPeriodicDeclarStatuses,ImporterPeriodicDeclarStatuses,Schema,Customs,
ImporterTypeForClaim.dxml,ImporterTypeForClaim.lxml,Table,ImporterTypeForClaims,ImporterTypeForClaims,DBType,Main,
ImporterTypeForClaim.dxml,ImporterTypeForClaim.lxml,Table,ImporterTypeForClaims,ImporterTypeForClaims,Schema,Customs,
InterfaceManagement.dxml,InterfaceManagement.lxml,Table,InterfaceManagements,InterfaceManagements,DBType,Main,
InterfaceManagement.dxml,InterfaceManagement.lxml,Table,InterfaceManagements,InterfaceManagements,Schema,Customs,
InterfaceManagement.dxml,InterfaceManagement.lxml,Relation,DefaultSendOptionsCode,DefaultSendOptionsCode,Referenced Table Schema,Customs,
InterfaceManagement.dxml,InterfaceManagement.lxml,Relation,SignatureTypeCode,SignatureTypeCode,Referenced Table Schema,Customs,
InterfaceSendOption.dxml,InterfaceSendOption.lxml,Table,InterfaceSendOptions,InterfaceSendOptions,DBType,Main,
InterfaceSendOption.dxml,InterfaceSendOption.lxml,Table,InterfaceSendOptions,InterfaceSendOptions,Schema,Customs,
InterfaceTenantDefinition.dxml,InterfaceTenantDefinition.lxml,Table,InterfaceTenantDefinitions,InterfaceTenantDefinitions,DBType,Main,
InterfaceTenantDefinition.dxml,InterfaceTenantDefinition.lxml,Table,InterfaceTenantDefinitions,InterfaceTenantDefinitions,Schema,Customs,
InterfaceTenantDefinition.dxml,InterfaceTenantDefinition.lxml,Relation,Code,Code,Referenced Table Schema,Customs,
InterfaceTenantDefinition.dxml,InterfaceTenantDefinition.lxml,Relation,TenantSendOptionsCode,TenantSendOptionsCode,Referenced Table Schema,Customs,
InternalBorderSiteType.dxml,InternalBorderSiteType.lxml,Table,InternalBorderSiteTypes,InternalBorderSiteTypes,DBType,Main,
InternalBorderSiteType.dxml,InternalBorderSiteType.lxml,Table,InternalBorderSiteTypes,InternalBorderSiteTypes,Schema,Customs,
InternationalSite.dxml,InternationalSite.lxml,Table,InternationalSites,InternationalSites,DBType,Main,
InternationalSite.dxml,InternationalSite.lxml,Table,InternationalSites,InternationalSites,Schema,Customs,
InternationalSite.dxml,InternationalSite.lxml,Relation,CountryTypeCode,CountryTypeCode,Referenced Table Schema,Customs,
InvoiceType.dxml,InvoiceType.lxml,Table,InvoiceTypes,InvoiceTypes,DBType,Main,
InvoiceType.dxml,InvoiceType.lxml,Table,InvoiceTypes,InvoiceTypes,Schema,Customs,
ItemGovernmentProcedureType.dxml,ItemGovernmentProcedureType.lxml,Table,ItemGovernmentProcedureTypes,ItemGovernmentProcedureTypes,DBType,Main,
ItemGovernmentProcedureType.dxml,ItemGovernmentProcedureType.lxml,Table,ItemGovernmentProcedureTypes,ItemGovernmentProcedureTypes,Schema,Customs,
LastReleaseFromWarehouse.dxml,LastReleaseFromWarehouse.lxml,Table,LastReleaseFromWarehouses,LastReleaseFromWarehouses,DBType,Main,
LastReleaseFromWarehouse.dxml,LastReleaseFromWarehouse.lxml,Table,LastReleaseFromWarehouses,LastReleaseFromWarehouses,Schema,Customs,
LeadDocumentExceptionType.dxml,LeadDocumentExceptionType.lxml,Table,LeadDocumentExceptionTypes,LeadDocumentExceptionTypes,DBType,Main,
LeadDocumentExceptionType.dxml,LeadDocumentExceptionType.lxml,Table,LeadDocumentExceptionTypes,LeadDocumentExceptionTypes,Schema,Customs,
LeadDocumentType.dxml,LeadDocumentType.lxml,Table,LeadDocumentTypes,LeadDocumentTypes,DBType,Main,
LeadDocumentType.dxml,LeadDocumentType.lxml,Table,LeadDocumentTypes,LeadDocumentTypes,Schema,Customs,
MamanSpecialAction.dxml,MamanSpecialAction.lxml,Table,MamanSpecialActions,MamanSpecialActions,DBType,Main,
MamanSpecialAction.dxml,MamanSpecialAction.lxml,Table,MamanSpecialActions,MamanSpecialActions,Schema,Customs,
MamanSpecialActionStatus.dxml,MamanSpecialActionStatus.lxml,Table,MamanSpecialActionStatuses,MamanSpecialActionStatuses,DBType,Main,
MamanSpecialActionStatus.dxml,MamanSpecialActionStatus.lxml,Table,MamanSpecialActionStatuses,MamanSpecialActionStatuses,Schema,Customs,
MamanStatus.dxml,MamanStatus.lxml,Table,MamanStatuses,MamanStatuses,DBType,Main,
MamanStatus.dxml,MamanStatus.lxml,Table,MamanStatuses,MamanStatuses,Schema,Customs,
ManifestCargoStatus.dxml,ManifestCargoStatus.lxml,Table,ManifestCargoStatuses,ManifestCargoStatuses,DBType,Main,
ManifestCargoStatus.dxml,ManifestCargoStatus.lxml,Table,ManifestCargoStatuses,ManifestCargoStatuses,Schema,Customs,
MAWBType.dxml,MAWBType.lxml,Table,MAWBTypes,MAWBTypes,DBType,Main,
MAWBType.dxml,MAWBType.lxml,Table,MAWBTypes,MAWBTypes,Schema,Customs,
MeasureQualifier.dxml,MeasureQualifier.lxml,Table,MeasureQualifier,MeasureQualifier,DBType,Main,
MeasureQualifier.dxml,MeasureQualifier.lxml,Table,MeasureQualifier,MeasureQualifier,Schema,Customs,
MeasurmentUnit.dxml,MeasurmentUnit.lxml,Table,MeasurmentUnits,MeasurmentUnits,DBType,Main,
MeasurmentUnit.dxml,MeasurmentUnit.lxml,Table,MeasurmentUnits,MeasurmentUnits,Schema,Customs,
MeasurmentUnit.dxml,MeasurmentUnit.lxml,Column,MalamId,MalamId,Size,0,15
ModificationAndDiscountType.dxml,ModificationAndDiscountType.lxml,Table,ModificationAndDiscountTypes,ModificationAndDiscountTypes,DBType,Main,
ModificationAndDiscountType.dxml,ModificationAndDiscountType.lxml,Table,ModificationAndDiscountTypes,ModificationAndDiscountTypes,Schema,Customs,
MorningMessageType.dxml,MorningMessageType.lxml,Table,MorningMessageTypes,MorningMessageTypes,DBType,Main,
MorningMessageType.dxml,MorningMessageType.lxml,Table,MorningMessageTypes,MorningMessageTypes,Schema,Customs,
Notification.dxml,Notification.lxml,Relation,NotificationDefinitionCode,NotificationDefinitionCode,Referenced Table Schema,Customs,
Notification.dxml,Notification.lxml,Relation,AssigneToNotificationTypeCode,AssigneToNotificationTypeCode,Referenced Table Schema,Customs,
Notification.dxml,Notification.lxml,Relation,CreatedByRequestID,CreatedByRequestID,Referenced Table Schema,Customs,
NotificationDefinition.dxml,NotificationDefinition.lxml,Table,NotificationDefinitions,NotificationDefinitions,DBType,Main,
NotificationDefinition.dxml,NotificationDefinition.lxml,Table,NotificationDefinitions,NotificationDefinitions,Schema,Customs,
NotificationDefinition.dxml,NotificationDefinition.lxml,Relation,AssigneeNotificationTypeCode,AssigneeNotificationTypeCode,Referenced Table Schema,Customs,
NotificationReply.dxml,NotificationReply.lxml,Table,NotificationReplies,NotificationReplies,DBType,Main,
NotificationReply.dxml,NotificationReply.lxml,Table,NotificationReplies,NotificationReplies,Schema,Customs,
NotificationReply.dxml,NotificationReply.lxml,Column,ResponseToCustoms,ResponseToCustoms,Size,-1,32000
NotificationTenantDefinition.dxml,NotificationTenantDefinition.lxml,Table,NotificationTenantDefinition,NotificationTenantDefinition,DBType,Main,
NotificationTenantDefinition.dxml,NotificationTenantDefinition.lxml,Table,NotificationTenantDefinition,NotificationTenantDefinition,Schema,Customs,
NotificationTenantDefinition.dxml,NotificationTenantDefinition.lxml,Relation,Code,Code,Referenced Table Schema,Customs,
NotificationType.dxml,NotificationType.lxml,Table,NotificationTypes,NotificationTypes,DBType,Main,
NotificationType.dxml,NotificationType.lxml,Table,NotificationTypes,NotificationTypes,Schema,Customs,
OrganizationUnitType.dxml,OrganizationUnitType.lxml,Table,OrganizationUnitTypes,OrganizationUnitTypes,DBType,Main,
OrganizationUnitType.dxml,OrganizationUnitType.lxml,Table,OrganizationUnitTypes,OrganizationUnitTypes,Schema,Customs,
PackageMeasureQualifier.dxml,PackageMeasureQualifier.lxml,Table,PackageMeasureQualifiers,PackageMeasureQualifiers,DBType,Main,
PackageMeasureQualifier.dxml,PackageMeasureQualifier.lxml,Table,PackageMeasureQualifiers,PackageMeasureQualifiers,Schema,Customs,
PackingType.dxml,PackingType.lxml,Table,PackingTypes,PackingTypes,DBType,Main,
PackingType.dxml,PackingType.lxml,Table,PackingTypes,PackingTypes,Schema,Customs,
ParagraphType.dxml,ParagraphType.lxml,Table,ParagraphTypes,ParagraphTypes,DBType,Main,
ParagraphType.dxml,ParagraphType.lxml,Table,ParagraphTypes,ParagraphTypes,Schema,Customs,
PassportType.dxml,PassportType.lxml,Table,PassportTypes,PassportTypes,DBType,Main,
PassportType.dxml,PassportType.lxml,Table,PassportTypes,PassportTypes,Schema,Customs,
PayerActivityType.dxml,PayerActivityType.lxml,Table,PayerActivityTypes,PayerActivityTypes,DBType,Main,
PayerActivityType.dxml,PayerActivityType.lxml,Table,PayerActivityTypes,PayerActivityTypes,Schema,Customs,
PayerType.dxml,PayerType.lxml,Table,PayerTypes,PayerTypes,DBType,Main,
PayerType.dxml,PayerType.lxml,Table,PayerTypes,PayerTypes,Schema,Customs,
PaymentMethodStatus.dxml,PaymentMethodStatus.lxml,Table,PaymentMethodStatus,PaymentMethodStatus,DBType,Main,
PaymentMethodStatus.dxml,PaymentMethodStatus.lxml,Table,PaymentMethodStatus,PaymentMethodStatus,Schema,Customs,
PaymentMethodType.dxml,PaymentMethodType.lxml,Table,PaymentMethodTypes,PaymentMethodTypes,DBType,Main,
PaymentMethodType.dxml,PaymentMethodType.lxml,Table,PaymentMethodTypes,PaymentMethodTypes,Schema,Customs,
PaymentOrder.dxml,PaymentOrder.lxml,Table,PaymentOrders,PaymentOrders,DBType,Main,
PaymentOrder.dxml,PaymentOrder.lxml,Table,PaymentOrders,PaymentOrders,Schema,Customs,
PaymentOrder.dxml,PaymentOrder.lxml,Column,TotalSumToPay,TotalSumToPay,Precision,18,0
PaymentOrder.dxml,PaymentOrder.lxml,Column,LastPayDate,LastPayDate,Type,datetime,date
PaymentOrder.dxml,PaymentOrder.lxml,Column,ActualPayDate,ActualPayDate,Type,datetime,date
PaymentOrder.dxml,PaymentOrder.lxml,Relation,CustomerActivityTypeCode,CustomerActivityTypeCode,Referenced Table Schema,Customs,
PaymentOrder.dxml,PaymentOrder.lxml,Relation,PaymentOrderTypeCode,PaymentOrderTypeCode,Referenced Table Schema,Customs,
PaymentOrder.dxml,PaymentOrder.lxml,Relation,PaymentProcessCode,PaymentProcessCode,Referenced Table Schema,Customs,
PaymentOrder.dxml,PaymentOrder.lxml,Relation,PaymentStatusCode,PaymentStatusCode,Referenced Table Schema,Customs,
PaymentOrder.dxml,PaymentOrder.lxml,Relation,CustomsEntityTypeCode,CustomsEntityTypeCode,Referenced Table Schema,Customs,
PaymentOrder.dxml,PaymentOrder.lxml,Relation,ImporterId,ImporterId,Referenced Table Schema,Customs,
PaymentOrderConnectionTable.dxml,PaymentOrderConnectionTable.lxml,Table,PaymentOrderConnectionTables,PaymentOrderConnectionTables,DBType,Main,
PaymentOrderConnectionTable.dxml,PaymentOrderConnectionTable.lxml,Table,PaymentOrderConnectionTables,PaymentOrderConnectionTables,Schema,Customs,
PaymentOrderConnectionTable.dxml,PaymentOrderConnectionTable.lxml,Relation,PaymentOrderId,PaymentOrderId,Referenced Table Schema,Customs,
PaymentOrderLine.dxml,PaymentOrderLine.lxml,Table,PaymentOrderLines,PaymentOrderLines,DBType,Main,
PaymentOrderLine.dxml,PaymentOrderLine.lxml,Table,PaymentOrderLines,PaymentOrderLines,Schema,Customs,
PaymentOrderLine.dxml,PaymentOrderLine.lxml,Column,Amount,Amount,Precision,18,0
PaymentOrderLine.dxml,PaymentOrderLine.lxml,Relation,PaymentOrderId,PaymentOrderId,Referenced Table Schema,Customs,
PaymentOrderLine.dxml,PaymentOrderLine.lxml,Relation,ParagraphTypeCode,ParagraphTypeCode,Referenced Table Schema,Customs,
PaymentOrderMethod.dxml,PaymentOrderMethod.lxml,Table,PaymentOrderMethods,PaymentOrderMethods,DBType,Main,
PaymentOrderMethod.dxml,PaymentOrderMethod.lxml,Table,PaymentOrderMethods,PaymentOrderMethods,Schema,Customs,
PaymentOrderMethod.dxml,PaymentOrderMethod.lxml,Relation,PaymentOrderId,PaymentOrderId,Referenced Table Schema,Customs,
PaymentOrderMethod.dxml,PaymentOrderMethod.lxml,Relation,TypeCode,TypeCode,Referenced Table Schema,Customs,
PaymentOrderMethod.dxml,PaymentOrderMethod.lxml,Relation,BankCode,BankCode,Referenced Table Schema,Customs,
PaymentOrderMethod.dxml,PaymentOrderMethod.lxml,Relation,PaymentMethodStatusCode,PaymentMethodStatusCode,Referenced Table Schema,Customs,
PaymentOrderMethod.dxml,PaymentOrderMethod.lxml,Relation,InternalBankId,InternalBankId,Referenced Table Schema,Customs,
PaymentOrderMethod.dxml,PaymentOrderMethod.lxml,Relation,CustomerActivityTypeCode,CustomerActivityTypeCode,Referenced Table Schema,Customs,
PaymentOrderMethod.dxml,PaymentOrderMethod.lxml,Relation,CustomsBranchId,CustomsBranchId,Referenced Table Schema,Customs,
PaymentOrderProtestReason.dxml,PaymentOrderProtestReason.lxml,Table,PaymentOrderProtestReasons,PaymentOrderProtestReasons,DBType,Main,
PaymentOrderProtestReason.dxml,PaymentOrderProtestReason.lxml,Table,PaymentOrderProtestReasons,PaymentOrderProtestReasons,Schema,Customs,
PaymentOrderProtestReason.dxml,PaymentOrderProtestReason.lxml,Relation,PaymentOrderId,PaymentOrderId,Referenced Table Schema,Customs,
PaymentOrderProtestReason.dxml,PaymentOrderProtestReason.lxml,Relation,ProtestTypeCode,ProtestTypeCode,Referenced Table Schema,Customs,
PaymentOrderStatus.dxml,PaymentOrderStatus.lxml,Table,PaymentOrderStatus,PaymentOrderStatus,DBType,Main,
PaymentOrderStatus.dxml,PaymentOrderStatus.lxml,Table,PaymentOrderStatus,PaymentOrderStatus,Schema,Customs,
PaymentOrderType.dxml,PaymentOrderType.lxml,Table,PaymentOrderTypes,PaymentOrderTypes,DBType,Main,
PaymentOrderType.dxml,PaymentOrderType.lxml,Table,PaymentOrderTypes,PaymentOrderTypes,Schema,Customs,
PaymentProcess.dxml,PaymentProcess.lxml,Table,PaymentProcesses,PaymentProcesses,DBType,Main,
PaymentProcess.dxml,PaymentProcess.lxml,Table,PaymentProcesses,PaymentProcesses,Schema,Customs,
PaymentProtestType.dxml,PaymentProtestType.lxml,Table,PaymentProtestTypes,PaymentProtestTypes,DBType,Main,
PaymentProtestType.dxml,PaymentProtestType.lxml,Table,PaymentProtestTypes,PaymentProtestTypes,Schema,Customs,
PaymentType.dxml,PaymentType.lxml,Table,PaymentTypes,PaymentTypes,DBType,Main,
PaymentType.dxml,PaymentType.lxml,Table,PaymentTypes,PaymentTypes,Schema,Customs,
PendingByKeyword.dxml,PendingByKeyword.lxml,Table,PendingByKeywords,PendingByKeywords,DBType,Main,
PendingByKeyword.dxml,PendingByKeyword.lxml,Table,PendingByKeywords,PendingByKeywords,Schema,Customs,
PendingByKeyword.dxml,PendingByKeyword.lxml,Relation,CourierPendingReasonCode,CourierPendingReasonCode,Referenced Table Schema,Customs,
PendingErrorPlace.dxml,PendingErrorPlace.lxml,Table,PendingErrorPlaces,PendingErrorPlaces,DBType,Main,
PendingErrorPlace.dxml,PendingErrorPlace.lxml,Table,PendingErrorPlaces,PendingErrorPlaces,Schema,Customs,
PhysicalCheck.dxml,PhysicalCheck.lxml,Table,PhysicalChecks,PhysicalChecks,DBType,Main,
PhysicalCheck.dxml,PhysicalCheck.lxml,Table,PhysicalChecks,PhysicalChecks,Schema,Customs,
PhysicalCheck.dxml,PhysicalCheck.lxml,Column,OperationCode,OperationCode,Size,4,2
PhysicalCheck.dxml,PhysicalCheck.lxml,Column,StatusMessageCode,StatusMessageCode,Size,4,2
PhysicalCheck.dxml,PhysicalCheck.lxml,Relation,StorageSiteCode,StorageSiteCode,Referenced Table Schema,Customs,
PhysicalCheck.dxml,PhysicalCheck.lxml,Relation,CheckSiteCode,CheckSiteCode,Referenced Table Schema,Customs,
PhysicalCheck.dxml,PhysicalCheck.lxml,Relation,QueueTypeCode,QueueTypeCode,Referenced Table Schema,Customs,
PhysicalCheck.dxml,PhysicalCheck.lxml,Relation,OperationCode,OperationCode,Referenced Table Schema,Customs,
PhysicalCheck.dxml,PhysicalCheck.lxml,Relation,StatusMessageCode,StatusMessageCode,Referenced Table Schema,Customs,
PhysicalCheck.dxml,PhysicalCheck.lxml,Relation,CargoTypeCode,CargoTypeCode,Referenced Table Schema,Customs,
PhysicalCheck.dxml,PhysicalCheck.lxml,Relation,InitiatorTypeCode,InitiatorTypeCode,Referenced Table Schema,Customs,
PhysicalCheck.dxml,PhysicalCheck.lxml,Relation,CargoIdentifierTypeCode,CargoIdentifierTypeCode,Referenced Table Schema,Customs,
PhysicalCheck.dxml,PhysicalCheck.lxml,Relation,CheckTypeCode,CheckTypeCode,Referenced Table Schema,Customs,
PhysicalCheckOperation.dxml,PhysicalCheckOperation.lxml,Table,PhysicalCheckOperations,PhysicalCheckOperations,DBType,Main,
PhysicalCheckOperation.dxml,PhysicalCheckOperation.lxml,Table,PhysicalCheckOperations,PhysicalCheckOperations,Schema,Customs,
PhysicalCheckStatusMessage.dxml,PhysicalCheckStatusMessage.lxml,Table,PhysicalCheckStatusMessages,PhysicalCheckStatusMessages,DBType,Main,
PhysicalCheckStatusMessage.dxml,PhysicalCheckStatusMessage.lxml,Table,PhysicalCheckStatusMessages,PhysicalCheckStatusMessages,Schema,Customs,
PointerLevel.dxml,PointerLevel.lxml,Table,PointerLevels,PointerLevels,DBType,Main,
PointerLevel.dxml,PointerLevel.lxml,Table,PointerLevels,PointerLevels,Schema,Customs,
ProceduralFault.dxml,ProceduralFault.lxml,Table,ProceduralFaults,ProceduralFaults,DBType,Main,
ProceduralFault.dxml,ProceduralFault.lxml,Table,ProceduralFaults,ProceduralFaults,Schema,Customs,
ProceduralFault.dxml,ProceduralFault.lxml,Relation,ProceduralFaultStatusCode,ProceduralFaultStatusCode,Referenced Table Schema,Customs,
ProceduralFault.dxml,ProceduralFault.lxml,Relation,InputTypeCode,InputTypeCode,Referenced Table Schema,Customs,
ProceduralFault.dxml,ProceduralFault.lxml,Relation,InspectionTypeCode,InspectionTypeCode,Referenced Table Schema,Customs,
ProceduralFault.dxml,ProceduralFault.lxml,Relation,ProceduralFaultCode,ProceduralFaultCode,Referenced Table Schema,Customs,
ProceduralFault.dxml,ProceduralFault.lxml,Relation,ProceduralFaultInputProcesCode,ProceduralFaultInputProcesCode,Referenced Table Schema,Customs,
ProceduralFault.dxml,ProceduralFault.lxml,Relation,RansomViolationTypeCode,RansomViolationTypeCode,Referenced Table Schema,Customs,
ProceduralFaultInProcessType.dxml,ProceduralFaultInProcessType.lxml,Table,ProceduralFaultInProcessTypes,ProceduralFaultInProcessTypes,DBType,Main,
ProceduralFaultInProcessType.dxml,ProceduralFaultInProcessType.lxml,Table,ProceduralFaultInProcessTypes,ProceduralFaultInProcessTypes,Schema,Customs,
ProceduralFaultInSourceType.dxml,ProceduralFaultInSourceType.lxml,Table,ProceduralFaultInSourceTypes,ProceduralFaultInSourceTypes,DBType,Main,
ProceduralFaultInSourceType.dxml,ProceduralFaultInSourceType.lxml,Table,ProceduralFaultInSourceTypes,ProceduralFaultInSourceTypes,Schema,Customs,
ProceduralFaultsConnEntity.dxml,ProceduralFaultsConnEntity.lxml,Table,ProceduralFaultsConnEntities,ProceduralFaultsConnEntities,DBType,Main,
ProceduralFaultsConnEntity.dxml,ProceduralFaultsConnEntity.lxml,Table,ProceduralFaultsConnEntities,ProceduralFaultsConnEntities,Schema,Customs,
ProceduralFaultsConnEntity.dxml,ProceduralFaultsConnEntity.lxml,Relation,ProceduralFaultId,ProceduralFaultId,Referenced Table Schema,Customs,
ProceduralFaultStatus.dxml,ProceduralFaultStatus.lxml,Table,ProceduralFaultStatuses,ProceduralFaultStatuses,DBType,Main,
ProceduralFaultStatus.dxml,ProceduralFaultStatus.lxml,Table,ProceduralFaultStatuses,ProceduralFaultStatuses,Schema,Customs,
ProceduralFaultType.dxml,ProceduralFaultType.lxml,Table,ProceduralFaultTypes,ProceduralFaultTypes,DBType,Main,
ProceduralFaultType.dxml,ProceduralFaultType.lxml,Table,ProceduralFaultTypes,ProceduralFaultTypes,Schema,Customs,
ProcessingReason.dxml,ProcessingReason.lxml,Table,ProcessingReasons,ProcessingReasons,DBType,Main,
ProcessingReason.dxml,ProcessingReason.lxml,Table,ProcessingReasons,ProcessingReasons,Schema,Customs,
ProductIdentificationType.dxml,ProductIdentificationType.lxml,Table,ProductIdentificationTypes,ProductIdentificationTypes,DBType,Main,
ProductIdentificationType.dxml,ProductIdentificationType.lxml,Table,ProductIdentificationTypes,ProductIdentificationTypes,Schema,Customs,
ProductNameType.dxml,ProductNameType.lxml,Table,ProductNameTypes,ProductNameTypes,DBType,Main,
ProductNameType.dxml,ProductNameType.lxml,Table,ProductNameTypes,ProductNameTypes,Schema,Customs,
PropertiesDetailsHistory.dxml,PropertiesDetailsHistory.lxml,Table,PropertiesDetailsHistorys,PropertiesDetailsHistorys,DBType,Main,
PropertiesDetailsHistory.dxml,PropertiesDetailsHistory.lxml,Table,PropertiesDetailsHistorys,PropertiesDetailsHistorys,Schema,Customs,
PropertiesDetailsHistory.dxml,PropertiesDetailsHistory.lxml,Column,StartDate,StartDate,Type,datetime,date
PropertiesDetailsHistory.dxml,PropertiesDetailsHistory.lxml,Column,StartDate,StartDate,Nullable,False,True
PropertiesDetailsHistory.dxml,PropertiesDetailsHistory.lxml,Column,EndDate,EndDate,Type,datetime,date
PropertiesDetailsHistory.dxml,PropertiesDetailsHistory.lxml,Column,EndDate,EndDate,Nullable,False,True
PropertiesDetailsHistory.dxml,PropertiesDetailsHistory.lxml,Column,MeasurementUnitID,MeasurementUnitID,Size,0,15
PropertiesDetailsHistory.dxml,PropertiesDetailsHistory.lxml,Relation,CustomsItemID,CustomsItemID,Referenced Table Schema,Customs,
RansomViolationType.dxml,RansomViolationType.lxml,Table,RansomViolationTypes,RansomViolationTypes,DBType,Main,
RansomViolationType.dxml,RansomViolationType.lxml,Table,RansomViolationTypes,RansomViolationTypes,Schema,Customs,
RefundCustomerActivityType.dxml,RefundCustomerActivityType.lxml,Table,RefundCustomerActivityTypes,RefundCustomerActivityTypes,DBType,Main,
RefundCustomerActivityType.dxml,RefundCustomerActivityType.lxml,Table,RefundCustomerActivityTypes,RefundCustomerActivityTypes,Schema,Customs,
RegisteredWarehouseSiteType.dxml,RegisteredWarehouseSiteType.lxml,Table,RegisteredWarehouseSiteTypes,RegisteredWarehouseSiteTypes,DBType,Main,
RegisteredWarehouseSiteType.dxml,RegisteredWarehouseSiteType.lxml,Table,RegisteredWarehouseSiteTypes,RegisteredWarehouseSiteTypes,Schema,Customs,
RequestStatus.dxml,RequestStatus.lxml,Table,RequestStatuses,RequestStatuses,DBType,Main,
RequestStatus.dxml,RequestStatus.lxml,Table,RequestStatuses,RequestStatuses,Schema,Customs,
RequestType.dxml,RequestType.lxml,Table,RequestTypes,RequestTypes,DBType,Main,
RequestType.dxml,RequestType.lxml,Table,RequestTypes,RequestTypes,Schema,Customs,
RequiredGuaranteeType.dxml,RequiredGuaranteeType.lxml,Table,RequiredGuaranteeTypes,RequiredGuaranteeTypes,DBType,Main,
RequiredGuaranteeType.dxml,RequiredGuaranteeType.lxml,Table,RequiredGuaranteeTypes,RequiredGuaranteeTypes,Schema,Customs,
RequiredGuaranteeType.dxml,RequiredGuaranteeType.lxml,Relation,GuaranteeId,GuaranteeId,Referenced Table Schema,Customs,
RequiredGuaranteeType.dxml,RequiredGuaranteeType.lxml,Relation,GuaranteeTypeCode,GuaranteeTypeCode,Referenced Table Schema,Customs,
ReturnCondition.dxml,ReturnCondition.lxml,Table,ReturnConditions,ReturnConditions,DBType,Main,
ReturnCondition.dxml,ReturnCondition.lxml,Table,ReturnConditions,ReturnConditions,Schema,Customs,
SalesTaxExemptionType.dxml,SalesTaxExemptionType.lxml,Table,SalesTaxExemptionTypes,SalesTaxExemptionTypes,DBType,Main,
SalesTaxExemptionType.dxml,SalesTaxExemptionType.lxml,Table,SalesTaxExemptionTypes,SalesTaxExemptionTypes,Schema,Customs,
SeizureFactorType.dxml,SeizureFactorType.lxml,Table,SeizureFactorTypes,SeizureFactorTypes,DBType,Main,
SeizureFactorType.dxml,SeizureFactorType.lxml,Table,SeizureFactorTypes,SeizureFactorTypes,Schema,Customs,
SeizureMethodType.dxml,SeizureMethodType.lxml,Table,SeizureMethodTypes,SeizureMethodTypes,DBType,Main,
SeizureMethodType.dxml,SeizureMethodType.lxml,Table,SeizureMethodTypes,SeizureMethodTypes,Schema,Customs,
SignatureType.dxml,SignatureType.lxml,Table,SignatureTypes,SignatureTypes,DBType,Main,
SignatureType.dxml,SignatureType.lxml,Table,SignatureTypes,SignatureTypes,Schema,Customs,
SiteLookup.dxml,SiteLookup.lxml,Table,SiteLookups,SiteLookups,DBType,Main,
SiteLookup.dxml,SiteLookup.lxml,Table,SiteLookups,SiteLookups,Schema,Customs,
SiteLookup.dxml,SiteLookup.lxml,Relation,SiteTypeCode,SiteTypeCode,Referenced Table Schema,Customs,
SiteType.dxml,SiteType.lxml,Table,SiteTypes,SiteTypes,DBType,Main,
SiteType.dxml,SiteType.lxml,Table,SiteTypes,SiteTypes,Schema,Customs,
SpecialActionDescriptionType.dxml,SpecialActionDescriptionType.lxml,Table,SpecialActionDescriptionTypes,SpecialActionDescriptionTypes,DBType,Main,
SpecialActionDescriptionType.dxml,SpecialActionDescriptionType.lxml,Table,SpecialActionDescriptionTypes,SpecialActionDescriptionTypes,Schema,Customs,
SpecializationType.dxml,SpecializationType.lxml,Table,SpecializationTypes,SpecializationTypes,DBType,Main,
SpecializationType.dxml,SpecializationType.lxml,Table,SpecializationTypes,SpecializationTypes,Schema,Customs,
SplitOrMergeReason.dxml,SplitOrMergeReason.lxml,Table,SplitOrMergeReasons,SplitOrMergeReasons,DBType,Main,
SplitOrMergeReason.dxml,SplitOrMergeReason.lxml,Table,SplitOrMergeReasons,SplitOrMergeReasons,Schema,Customs,
StorageMessageType.dxml,StorageMessageType.lxml,Table,StorageMessageTypes,StorageMessageTypes,DBType,Main,
StorageMessageType.dxml,StorageMessageType.lxml,Table,StorageMessageTypes,StorageMessageTypes,Schema,Customs,
StorageStatus.dxml,StorageStatus.lxml,Table,StorageStatuses,StorageStatuses,DBType,Main,
StorageStatus.dxml,StorageStatus.lxml,Table,StorageStatuses,StorageStatuses,Schema,Customs,
SubCountry.dxml,SubCountry.lxml,Table,SubCountries,SubCountries,DBType,Main,
SubCountry.dxml,SubCountry.lxml,Table,SubCountries,SubCountries,Schema,Customs,
SubCountry.dxml,SubCountry.lxml,Relation,CountryCode,CountryCode,Referenced Table Schema,Customs,
SupplierInvioceItemCertificat.dxml,SupplierInvioceItemCertificat.lxml,Table,SupplierInvioceItemCertificats,SupplierInvioceItemCertificats,DBType,Main,
SupplierInvioceItemCertificat.dxml,SupplierInvioceItemCertificat.lxml,Table,SupplierInvioceItemCertificats,SupplierInvioceItemCertificats,Schema,Customs,
SupplierInvioceItemCertificat.dxml,SupplierInvioceItemCertificat.lxml,Relation,DeclarationId/InvoiceCounterKey/LineNumber,DeclarationId/InvoiceCounterKey/LineNumber,Referenced Table Schema,Customs,
SupplierInvioceItemCertificat.dxml,SupplierInvioceItemCertificat.lxml,Relation,ReqConfirmationTypeCode,ReqConfirmationTypeCode,Referenced Table Schema,Customs,
SupplierInvioceItemCertificat.dxml,SupplierInvioceItemCertificat.lxml,Relation,CertificateExemptionTypeCode,CertificateExemptionTypeCode,Referenced Table Schema,Customs,
SupplierInvioceItemCertificat.dxml,SupplierInvioceItemCertificat.lxml,Relation,AttachmentTypeCode,AttachmentTypeCode,Referenced Table Schema,Customs,
SupplierInvioceItemCertificat.dxml,SupplierInvioceItemCertificat.lxml,Relation,ResConfirmationTypeCode,ResConfirmationTypeCode,Referenced Table Schema,Customs,
SupplierInvoice.dxml,SupplierInvoice.lxml,Table,SupplierInvoices,SupplierInvoices,DBType,Main,
SupplierInvoice.dxml,SupplierInvoice.lxml,Table,SupplierInvoices,SupplierInvoices,Schema,Customs,
SupplierInvoice.dxml,SupplierInvoice.lxml,Relation,AccountTypeCode,AccountTypeCode,Referenced Table Schema,Customs,
SupplierInvoice.dxml,SupplierInvoice.lxml,Relation,PreferenceDocumentTypeCode,PreferenceDocumentTypeCode,Referenced Table Schema,Customs,
SupplierInvoice.dxml,SupplierInvoice.lxml,Relation,PaymentTypeCode,PaymentTypeCode,Referenced Table Schema,Customs,
SupplierInvoice.dxml,SupplierInvoice.lxml,Relation,InvoiceCurrencyTypeCode,InvoiceCurrencyTypeCode,Referenced Table Schema,Customs,
SupplierInvoice.dxml,SupplierInvoice.lxml,Relation,ActualPayedCurrencyTypeCode,ActualPayedCurrencyTypeCode,Referenced Table Schema,Customs,
SupplierInvoice.dxml,SupplierInvoice.lxml,Relation,VendorId,VendorId,Referenced Table Schema,Customs,
SupplierInvoice.dxml,SupplierInvoice.lxml,Relation,IncotermCode,IncotermCode,Referenced Table Schema,Customs,
SupplierInvoice.dxml,SupplierInvoice.lxml,Relation,IssueCountryCode,IssueCountryCode,Referenced Table Schema,Customs,
SupplierInvoice.dxml,SupplierInvoice.lxml,Relation,PaymentTermsCode,PaymentTermsCode,Referenced Table Schema,Customs,
SupplierInvoice.dxml,SupplierInvoice.lxml,Relation,InsruanceCurrencyTypeCode,InsruanceCurrencyTypeCode,Referenced Table Schema,Customs,
SupplierInvoice.dxml,SupplierInvoice.lxml,Relation,FreightCurrencyTypeCode,FreightCurrencyTypeCode,Referenced Table Schema,Customs,
SupplierInvoice.dxml,SupplierInvoice.lxml,Relation,AccumalationStateCode,AccumalationStateCode,Referenced Table Schema,Customs,
SupplierInvoiceFreightAmount.dxml,SupplierInvoiceFreightAmount.lxml,Table,SupplierInvoiceFreightAmounts,SupplierInvoiceFreightAmounts,DBType,Main,
SupplierInvoiceFreightAmount.dxml,SupplierInvoiceFreightAmount.lxml,Table,SupplierInvoiceFreightAmounts,SupplierInvoiceFreightAmounts,Schema,Customs,
SupplierInvoiceFreightAmount.dxml,SupplierInvoiceFreightAmount.lxml,Relation,DeclarationId/InvoiceCounterKey,DeclarationId/InvoiceCounterKey,Referenced Table Schema,Customs,
SupplierInvoiceFreightAmount.dxml,SupplierInvoiceFreightAmount.lxml,Relation,CurrencyTypeCode,CurrencyTypeCode,Referenced Table Schema,Customs,
SupplierInvoiceItem.dxml,SupplierInvoiceItem.lxml,Table,SupplierInvoiceItems,SupplierInvoiceItems,DBType,Main,
SupplierInvoiceItem.dxml,SupplierInvoiceItem.lxml,Table,SupplierInvoiceItems,SupplierInvoiceItems,Schema,Customs,
SupplierInvoiceItem.dxml,SupplierInvoiceItem.lxml,Column,OptionalTamaPercentage,OptionalTamaPercentage,Precision,18,0
SupplierInvoiceItem.dxml,SupplierInvoiceItem.lxml,Relation,DeclarationId/CounterKey,DeclarationId/CounterKey,Referenced Table Schema,Customs,
SupplierInvoiceItem.dxml,SupplierInvoiceItem.lxml,Relation,OriginCountryCode,OriginCountryCode,Referenced Table Schema,Customs,
SupplierInvoiceItem.dxml,SupplierInvoiceItem.lxml,Relation,DangerousPackingGroupTypeCode,DangerousPackingGroupTypeCode,Referenced Table Schema,Customs,
SupplierInvoiceItem.dxml,SupplierInvoiceItem.lxml,Relation,CustomsBookTypeCode,CustomsBookTypeCode,Referenced Table Schema,Customs,
SupplierInvoiceItem.dxml,SupplierInvoiceItem.lxml,Relation,SalesTaxExemptionTypeCode,SalesTaxExemptionTypeCode,Referenced Table Schema,Customs,
SupplierInvoiceItem.dxml,SupplierInvoiceItem.lxml,Relation,ItemPriceCurrencyCode,ItemPriceCurrencyCode,Referenced Table Schema,Customs,
SupplierInvoiceItem.dxml,SupplierInvoiceItem.lxml,Relation,NonCustomsItemPriceCurCode,NonCustomsItemPriceCurCode,Referenced Table Schema,Customs,
SupplierInvoiceItem.dxml,SupplierInvoiceItem.lxml,Relation,WholeSaleItemPriceCurrencyCode,WholeSaleItemPriceCurrencyCode,Referenced Table Schema,Customs,
SupplierInvoiceItem.dxml,SupplierInvoiceItem.lxml,Relation,TradeAgreementCode,TradeAgreementCode,Referenced Table Schema,Customs,
SupplierInvoiceItem.dxml,SupplierInvoiceItem.lxml,Relation,InvoiceQuantityType,InvoiceQuantityType,Referenced Table Schema,Customs,
SupplierInvoiceItem.dxml,SupplierInvoiceItem.lxml,Relation,StatisticQuantityType,StatisticQuantityType,Referenced Table Schema,Customs,
SupplierInvoiceItem.dxml,SupplierInvoiceItem.lxml,Relation,AdditionalQuantityType,AdditionalQuantityType,Referenced Table Schema,Customs,
SupplierInvoiceItem.dxml,SupplierInvoiceItem.lxml,Relation,CertificatesStatusCode,CertificatesStatusCode,Referenced Table Schema,Customs,
SupplierInvoiceItemModVehicle.dxml,SupplierInvoiceItemModVehicle.lxml,Table,SupplierInvoiceItemModVehicles,SupplierInvoiceItemModVehicles,DBType,Main,
SupplierInvoiceItemModVehicle.dxml,SupplierInvoiceItemModVehicle.lxml,Table,SupplierInvoiceItemModVehicles,SupplierInvoiceItemModVehicles,Schema,Customs,
SupplierInvoiceItemModVehicle.dxml,SupplierInvoiceItemModVehicle.lxml,Relation,DeclarationId/InvoiceCounterKey/InvoiceItemLineNumber,DeclarationId/InvoiceCounterKey/InvoiceItemLineNumber,Referenced Table Schema,Customs,
SupplierInvoiceItemModVehicle.dxml,SupplierInvoiceItemModVehicle.lxml,Relation,AdjustmentTypeCode,AdjustmentTypeCode,Referenced Table Schema,Customs,
SupplierInvoiceItemProcesType.dxml,SupplierInvoiceItemProcesType.lxml,Table,SupplierInvoiceItemProcesTypes,SupplierInvoiceItemProcesTypes,DBType,Main,
SupplierInvoiceItemProcesType.dxml,SupplierInvoiceItemProcesType.lxml,Table,SupplierInvoiceItemProcesTypes,SupplierInvoiceItemProcesTypes,Schema,Customs,
SupplierInvoiceItemProcesType.dxml,SupplierInvoiceItemProcesType.lxml,Relation,DeclarationId/InvoiceCounterKey/InvoiceItemLineNumber,DeclarationId/InvoiceCounterKey/InvoiceItemLineNumber,Referenced Table Schema,Customs,
SupplierInvoiceItemProcesType.dxml,SupplierInvoiceItemProcesType.lxml,Relation,ProcessTypeCode,ProcessTypeCode,Referenced Table Schema,Customs,
SupplierInvoiceItemsConDeclar.dxml,SupplierInvoiceItemsConDeclar.lxml,Table,SupplierInvoiceItemsConDeclars,SupplierInvoiceItemsConDeclars,DBType,Main,
SupplierInvoiceItemsConDeclar.dxml,SupplierInvoiceItemsConDeclar.lxml,Table,SupplierInvoiceItemsConDeclars,SupplierInvoiceItemsConDeclars,Schema,Customs,
SupplierInvoiceItemsConDeclar.dxml,SupplierInvoiceItemsConDeclar.lxml,Relation,DeclarationId/InvoiceCounterKey/InvoiceItemLineNumber,DeclarationId/InvoiceCounterKey/InvoiceItemLineNumber,Referenced Table Schema,Customs,
SupplierInvoiceItemsConDeclar.dxml,SupplierInvoiceItemsConDeclar.lxml,Relation,DeclarationTypeCode,DeclarationTypeCode,Referenced Table Schema,Customs,
SupplierInvoiceItemsConDeclar.dxml,SupplierInvoiceItemsConDeclar.lxml,Relation,QuantityTypeCode,QuantityTypeCode,Referenced Table Schema,Customs,
SupplierInvoiceItemsDescript.dxml,SupplierInvoiceItemsDescript.lxml,Table,SupplierInvoiceItemsDescripts,SupplierInvoiceItemsDescripts,DBType,Main,
SupplierInvoiceItemsDescript.dxml,SupplierInvoiceItemsDescript.lxml,Table,SupplierInvoiceItemsDescripts,SupplierInvoiceItemsDescripts,Schema,Customs,
SupplierInvoiceItemsDescript.dxml,SupplierInvoiceItemsDescript.lxml,Relation,DeclarationId/InvoiceCounterKey/InvoiceItemLineNumber,DeclarationId/InvoiceCounterKey/InvoiceItemLineNumber,Referenced Table Schema,Customs,
SupplierInvoiceItemsDescript.dxml,SupplierInvoiceItemsDescript.lxml,Relation,TypeCode,TypeCode,Referenced Table Schema,Customs,
SupplierInvoiceItemsLevy.dxml,SupplierInvoiceItemsLevy.lxml,Table,SupplierInvoiceItemsLevies,SupplierInvoiceItemsLevies,DBType,Main,
SupplierInvoiceItemsLevy.dxml,SupplierInvoiceItemsLevy.lxml,Table,SupplierInvoiceItemsLevies,SupplierInvoiceItemsLevies,Schema,Customs,
SupplierInvoiceItemsLevy.dxml,SupplierInvoiceItemsLevy.lxml,Relation,DeclarationId/InvoiceCounterKey/InvoiceItemLineNumber,DeclarationId/InvoiceCounterKey/InvoiceItemLineNumber,Referenced Table Schema,Customs,
SupplierInvoiceItemsLevy.dxml,SupplierInvoiceItemsLevy.lxml,Relation,TradeLevyExamptCode,TradeLevyExamptCode,Referenced Table Schema,Customs,
SupplierInvoiceItemsMod.dxml,SupplierInvoiceItemsMod.lxml,Table,SupplierInvoiceItemsMods,SupplierInvoiceItemsMods,DBType,Main,
SupplierInvoiceItemsMod.dxml,SupplierInvoiceItemsMod.lxml,Table,SupplierInvoiceItemsMods,SupplierInvoiceItemsMods,Schema,Customs,
SupplierInvoiceItemsMod.dxml,SupplierInvoiceItemsMod.lxml,Relation,DeclarationId/InvoiceCounterKey/LineNumber,DeclarationId/InvoiceCounterKey/LineNumber,Referenced Table Schema,Customs,
SupplierInvoiceItemsMod.dxml,SupplierInvoiceItemsMod.lxml,Relation,TypeCode,TypeCode,Referenced Table Schema,Customs,
SupplierInvoiceItemsMod.dxml,SupplierInvoiceItemsMod.lxml,Relation,CurrencyTypeCode,CurrencyTypeCode,Referenced Table Schema,Customs,
SupplierInvoiceItemsProdIdent.dxml,SupplierInvoiceItemsProdIdent.lxml,Table,SupplierInvoiceItemsProdIdents,SupplierInvoiceItemsProdIdents,DBType,Main,
SupplierInvoiceItemsProdIdent.dxml,SupplierInvoiceItemsProdIdent.lxml,Table,SupplierInvoiceItemsProdIdents,SupplierInvoiceItemsProdIdents,Schema,Customs,
SupplierInvoiceItemsProdIdent.dxml,SupplierInvoiceItemsProdIdent.lxml,Relation,DeclarationId/InvoiceCounterKey/InvoiceItemLineNumber,DeclarationId/InvoiceCounterKey/InvoiceItemLineNumber,Referenced Table Schema,Customs,
SupplierInvoiceItemsProdIdent.dxml,SupplierInvoiceItemsProdIdent.lxml,Relation,TypeCode,TypeCode,Referenced Table Schema,Customs,
SupplierInvoiceItemsSerialNum.dxml,SupplierInvoiceItemsSerialNum.lxml,Table,SupplierInvoiceItemsSerialNums,SupplierInvoiceItemsSerialNums,DBType,Main,
SupplierInvoiceItemsSerialNum.dxml,SupplierInvoiceItemsSerialNum.lxml,Table,SupplierInvoiceItemsSerialNums,SupplierInvoiceItemsSerialNums,Schema,Customs,
SupplierInvoiceItemsSerialNum.dxml,SupplierInvoiceItemsSerialNum.lxml,Relation,DeclarationId/InvoiceCounterKey/InvoiceItemLineNumber,DeclarationId/InvoiceCounterKey/InvoiceItemLineNumber,Referenced Table Schema,Customs,
SupplierInvoiceItemsSerialNum.dxml,SupplierInvoiceItemsSerialNum.lxml,Relation,TypeCode,TypeCode,Referenced Table Schema,Customs,
SupplierInvoiceItemsTax.dxml,SupplierInvoiceItemsTax.lxml,Table,SupplierInvoiceItemsTaxes,SupplierInvoiceItemsTaxes,DBType,Main,
SupplierInvoiceItemsTax.dxml,SupplierInvoiceItemsTax.lxml,Table,SupplierInvoiceItemsTaxes,SupplierInvoiceItemsTaxes,Schema,Customs,
SupplierInvoiceItemsTax.dxml,SupplierInvoiceItemsTax.lxml,Column,DefinedPerUnitMeasure,DefinedPerUnitMeasure,Precision,18,0
SupplierInvoiceItemsTax.dxml,SupplierInvoiceItemsTax.lxml,Column,AlternateDefinedPerUnitMeasure,AlternateDefinedPerUnitMeasure,Precision,18,0
SupplierInvoiceItemsTax.dxml,SupplierInvoiceItemsTax.lxml,Column,DefinedPerUnitQuantity,DefinedPerUnitQuantity,Precision,18,0
SupplierInvoiceItemsTax.dxml,SupplierInvoiceItemsTax.lxml,Column,DefinedPerUnitQuantity,DefinedPerUnitQuantity,Scale,2,6
SupplierInvoiceItemsTax.dxml,SupplierInvoiceItemsTax.lxml,Column,AlternateDefinedPerUnitQuant,AlternateDefinedPerUnitQuant,Precision,18,0
SupplierInvoiceItemsTax.dxml,SupplierInvoiceItemsTax.lxml,Column,AlternateDefinedPerUnitQuant,AlternateDefinedPerUnitQuant,Scale,2,6
SupplierInvoiceItemsTax.dxml,SupplierInvoiceItemsTax.lxml,Column,TotalBtlCoverageNIS,TotalBtlCoverageNIS,Precision,18,0
SupplierInvoiceItemsTax.dxml,SupplierInvoiceItemsTax.lxml,Column,AlternateRate,AlternateRate,Precision,18,0
SupplierInvoiceItemsTax.dxml,SupplierInvoiceItemsTax.lxml,Relation,DeclarationId/InvoiceCounterKey/LineNumber,DeclarationId/InvoiceCounterKey/LineNumber,Referenced Table Schema,Customs,
SupplierInvoiceItemsTax.dxml,SupplierInvoiceItemsTax.lxml,Relation,TaxTypeCode,TaxTypeCode,Referenced Table Schema,Customs,
SupplierInvoiceItemsTax.dxml,SupplierInvoiceItemsTax.lxml,Relation,TradeAgreementTypeCode,TradeAgreementTypeCode,Referenced Table Schema,Customs,
SupplierInvoiceItemsTax.dxml,SupplierInvoiceItemsTax.lxml,Relation,MeasurementUnitCode,MeasurementUnitCode,Referenced Table Schema,Customs,
SupplierInvoiceItemsTax.dxml,SupplierInvoiceItemsTax.lxml,Relation,AlternateMeasurementUnitCode,AlternateMeasurementUnitCode,Referenced Table Schema,Customs,
SupplierInvoiceItemVehicle.dxml,SupplierInvoiceItemVehicle.lxml,Table,SupplierInvoiceItemVehicles,SupplierInvoiceItemVehicles,DBType,Main,
SupplierInvoiceItemVehicle.dxml,SupplierInvoiceItemVehicle.lxml,Table,SupplierInvoiceItemVehicles,SupplierInvoiceItemVehicles,Schema,Customs,
SupplierInvoiceItemVehicle.dxml,SupplierInvoiceItemVehicle.lxml,Relation,DeclarationId/InvoiceCounterKey/InvoiceItemLineNumber,DeclarationId/InvoiceCounterKey/InvoiceItemLineNumber,Referenced Table Schema,Customs,
SupplierInvoiceItemVehicle.dxml,SupplierInvoiceItemVehicle.lxml,Relation,VehicleTypeCode,VehicleTypeCode,Referenced Table Schema,Customs,
SupplierInvoiceItemVehicle.dxml,SupplierInvoiceItemVehicle.lxml,Relation,VehicleId,VehicleId,Referenced Table Schema,Customs,
SupplierInvoiceItemVehicleAdd.dxml,SupplierInvoiceItemVehicleAdd.lxml,Table,SupplierInvoiceItemVehicleAdds,SupplierInvoiceItemVehicleAdds,DBType,Main,
SupplierInvoiceItemVehicleAdd.dxml,SupplierInvoiceItemVehicleAdd.lxml,Table,SupplierInvoiceItemVehicleAdds,SupplierInvoiceItemVehicleAdds,Schema,Customs,
SupplierInvoiceItemVehicleAdd.dxml,SupplierInvoiceItemVehicleAdd.lxml,Relation,DeclarationId/InvoiceCounterKey/InvoiceItemLineNumber/LineNumber,DeclarationId/InvoiceCounterKey/InvoiceItemLineNumber/LineNumber,Referenced Table Schema,Customs,
SupplierInvoiceItemVehicleMod.dxml,SupplierInvoiceItemVehicleMod.lxml,Table,SupplierInvoiceItemVehicleMods,SupplierInvoiceItemVehicleMods,DBType,Main,
SupplierInvoiceItemVehicleMod.dxml,SupplierInvoiceItemVehicleMod.lxml,Table,SupplierInvoiceItemVehicleMods,SupplierInvoiceItemVehicleMods,Schema,Customs,
SupplierInvoiceItemVehicleMod.dxml,SupplierInvoiceItemVehicleMod.lxml,Relation,DeclarationId/InvoiceCounterKey/InvoiceItemLineNumber/VehicleLineNumber,DeclarationId/InvoiceCounterKey/InvoiceItemLineNumber/VehicleLineNumber,Referenced Table Schema,Customs,
SupplierInvoiceItemVehicleMod.dxml,SupplierInvoiceItemVehicleMod.lxml,Relation,AdjustmentTypeCode,AdjustmentTypeCode,Referenced Table Schema,Customs,
SupplierInvoiceModification.dxml,SupplierInvoiceModification.lxml,Table,SupplierInvoiceModifications,SupplierInvoiceModifications,DBType,Main,
SupplierInvoiceModification.dxml,SupplierInvoiceModification.lxml,Table,SupplierInvoiceModifications,SupplierInvoiceModifications,Schema,Customs,
SupplierInvoiceModification.dxml,SupplierInvoiceModification.lxml,Relation,DeclarationId/InvoiceCounterKey,DeclarationId/InvoiceCounterKey,Referenced Table Schema,Customs,
SupplierInvoiceModification.dxml,SupplierInvoiceModification.lxml,Relation,TypeCode,TypeCode,Referenced Table Schema,Customs,
SupplierInvoiceModification.dxml,SupplierInvoiceModification.lxml,Relation,CurrencyTypeCode,CurrencyTypeCode,Referenced Table Schema,Customs,
Tapag.dxml,Tapag.lxml,Table,Tapags,Tapags,DBType,Main,
Tapag.dxml,Tapag.lxml,Table,Tapags,Tapags,Schema,Customs,
Tapag.dxml,Tapag.lxml,Column,FollowDate,FollowDate,Type,datetime,date
Tapag.dxml,Tapag.lxml,Column,ValidityDate,ValidityDate,Type,datetime,date
Tapag.dxml,Tapag.lxml,Relation,TapagTypeCode,TapagTypeCode,Referenced Table Schema,Customs,
Tapag.dxml,Tapag.lxml,Relation,ImporterId,ImporterId,Referenced Table Schema,Customs,
Tapag.dxml,Tapag.lxml,Relation,ProfessionUnitTypeCode,ProfessionUnitTypeCode,Referenced Table Schema,Customs,
Tapag.dxml,Tapag.lxml,Relation,SpecializationTypeCode,SpecializationTypeCode,Referenced Table Schema,Customs,
TapagConnectionTable.dxml,TapagConnectionTable.lxml,Table,TapagConnectionTables,TapagConnectionTables,DBType,Main,
TapagConnectionTable.dxml,TapagConnectionTable.lxml,Table,TapagConnectionTables,TapagConnectionTables,Schema,Customs,
TapagConnectionTable.dxml,TapagConnectionTable.lxml,Relation,TapagId,TapagId,Referenced Table Schema,Customs,
TapagType.dxml,TapagType.lxml,Table,TapagTypes,TapagTypes,DBType,Main,
TapagType.dxml,TapagType.lxml,Table,TapagTypes,TapagTypes,Schema,Customs,
TermsOfSaleType.dxml,TermsOfSaleType.lxml,Table,TermsOfSaleTypes,TermsOfSaleTypes,DBType,Main,
TermsOfSaleType.dxml,TermsOfSaleType.lxml,Table,TermsOfSaleTypes,TermsOfSaleTypes,Schema,Customs,
TPGFileType.dxml,TPGFileType.lxml,Table,TPGFileTypes,TPGFileTypes,DBType,Main,
TPGFileType.dxml,TPGFileType.lxml,Table,TPGFileTypes,TPGFileTypes,Schema,Customs,
TradeAgreement.dxml,TradeAgreement.lxml,Table,TradeAgreements,TradeAgreements,DBType,Main,
TradeAgreement.dxml,TradeAgreement.lxml,Table,TradeAgreements,TradeAgreements,Schema,Customs,
TradeLevyExamptType.dxml,TradeLevyExamptType.lxml,Table,TradeLevyExamptTypes,TradeLevyExamptTypes,DBType,Main,
TradeLevyExamptType.dxml,TradeLevyExamptType.lxml,Table,TradeLevyExamptTypes,TradeLevyExamptTypes,Schema,Customs,
TransferCargoMethodType.dxml,TransferCargoMethodType.lxml,Table,TransferCargoMethodTypes,TransferCargoMethodTypes,DBType,Main,
TransferCargoMethodType.dxml,TransferCargoMethodType.lxml,Table,TransferCargoMethodTypes,TransferCargoMethodTypes,Schema,Customs,
TreatmentWay.dxml,TreatmentWay.lxml,Table,TreatmentWays,TreatmentWays,DBType,Main,
TreatmentWay.dxml,TreatmentWay.lxml,Table,TreatmentWays,TreatmentWays,Schema,Customs,
UIMessage.dxml,UIMessage.lxml,Table,UIMessages,UIMessages,DBType,Main,
UIMessage.dxml,UIMessage.lxml,Table,UIMessages,UIMessages,Schema,Customs,
UIMessageAdditional.dxml,UIMessageAdditional.lxml,Table,UIMessageAdditionals,UIMessageAdditionals,DBType,Main,
UIMessageAdditional.dxml,UIMessageAdditional.lxml,Table,UIMessageAdditionals,UIMessageAdditionals,Schema,Customs,
UIMessageAdditional.dxml,UIMessageAdditional.lxml,Relation,Code,Code,Referenced Table Schema,Customs,
UnloadingSiteType.dxml,UnloadingSiteType.lxml,Table,UnloadingSiteType,UnloadingSiteType,DBType,Main,
UnloadingSiteType.dxml,UnloadingSiteType.lxml,Table,UnloadingSiteType,UnloadingSiteType,Schema,Customs,
UpdateCode.dxml,UpdateCode.lxml,Table,UpdateCodes,UpdateCodes,DBType,Main,
UpdateCode.dxml,UpdateCode.lxml,Table,UpdateCodes,UpdateCodes,Schema,Customs,
ValidCustomsItem.dxml,ValidCustomsItem.lxml,Table,ValidCustomsItems,ValidCustomsItems,DBType,Main,
ValidCustomsItem.dxml,ValidCustomsItem.lxml,Table,ValidCustomsItems,ValidCustomsItems,Schema,Customs,
Vehicle.dxml,Vehicle.lxml,Table,Vehicles,Vehicles,DBType,Main,
Vehicle.dxml,Vehicle.lxml,Table,Vehicles,Vehicles,Schema,Customs,
Vehicle.dxml,Vehicle.lxml,Relation,VehiclePoolTypeCode,VehiclePoolTypeCode,Referenced Table Schema,Customs,
Vehicle.dxml,Vehicle.lxml,Relation,VehiclePriceListTypeCode,VehiclePriceListTypeCode,Referenced Table Schema,Customs,
Vehicle.dxml,Vehicle.lxml,Relation,VehicleManufacturerCode,VehicleManufacturerCode,Referenced Table Schema,Customs,
Vehicle.dxml,Vehicle.lxml,Relation,ConverterTypeCode,ConverterTypeCode,Referenced Table Schema,Customs,
Vehicle.dxml,Vehicle.lxml,Relation,VehicleTecnologyTypeCode,VehicleTecnologyTypeCode,Referenced Table Schema,Customs,
Vehicle.dxml,Vehicle.lxml,Relation,FuelTypeCode,FuelTypeCode,Referenced Table Schema,Customs,
Vehicle.dxml,Vehicle.lxml,Relation,ManufactureCountryCode,ManufactureCountryCode,Referenced Table Schema,Customs,
Vehicle.dxml,Vehicle.lxml,Relation,VehicleTypeCode,VehicleTypeCode,Referenced Table Schema,Customs,
Vehicle.dxml,Vehicle.lxml,Relation,ImporterIdentityId,ImporterIdentityId,Referenced Table Schema,Customs,
Vehicle.dxml,Vehicle.lxml,Relation,StatusCode,StatusCode,Referenced Table Schema,Customs,
Vehicle.dxml,Vehicle.lxml,Relation,ImporterPassCountryCode,ImporterPassCountryCode,Referenced Table Schema,Customs,
Vehicle.dxml,Vehicle.lxml,Relation,ImporterPassportTypeCode,ImporterPassportTypeCode,Referenced Table Schema,Customs,
VehicleManufacturer.dxml,VehicleManufacturer.lxml,Table,VehicleManufacturers,VehicleManufacturers,DBType,Main,
VehicleManufacturer.dxml,VehicleManufacturer.lxml,Table,VehicleManufacturers,VehicleManufacturers,Schema,Customs,
VehicleOwner.dxml,VehicleOwner.lxml,Table,VehicleOwners,VehicleOwners,DBType,Main,
VehicleOwner.dxml,VehicleOwner.lxml,Table,VehicleOwners,VehicleOwners,Schema,Customs,
VehicleOwner.dxml,VehicleOwner.lxml,Relation,VehicleId,VehicleId,Referenced Table Schema,Customs,
VehicleOwner.dxml,VehicleOwner.lxml,Relation,PassCountryCode,PassCountryCode,Referenced Table Schema,Customs,
VehicleOwner.dxml,VehicleOwner.lxml,Relation,ImporterPassportTypeCode,ImporterPassportTypeCode,Referenced Table Schema,Customs,
VehiclePoolType.dxml,VehiclePoolType.lxml,Table,VehiclePoolTypes,VehiclePoolTypes,DBType,Main,
VehiclePoolType.dxml,VehiclePoolType.lxml,Table,VehiclePoolTypes,VehiclePoolTypes,Schema,Customs,
VehiclePriceListType.dxml,VehiclePriceListType.lxml,Table,VehiclePriceListType,VehiclePriceListType,DBType,Main,
VehiclePriceListType.dxml,VehiclePriceListType.lxml,Table,VehiclePriceListType,VehiclePriceListType,Schema,Customs,
VehicleReductionType.dxml,VehicleReductionType.lxml,Table,VehicleReductionTypes,VehicleReductionTypes,DBType,Main,
VehicleReductionType.dxml,VehicleReductionType.lxml,Table,VehicleReductionTypes,VehicleReductionTypes,Schema,Customs,
VehicleSafeAccessoryInstlType.dxml,VehicleSafeAccessoryInstlType.lxml,Table,VehicleSafeAccessoryInstlTypes,VehicleSafeAccessoryInstlTypes,DBType,Main,
VehicleSafeAccessoryInstlType.dxml,VehicleSafeAccessoryInstlType.lxml,Table,VehicleSafeAccessoryInstlTypes,VehicleSafeAccessoryInstlTypes,Schema,Customs,
VehicleSafetyAccessory.dxml,VehicleSafetyAccessory.lxml,Table,VehicleSafetyAccessories,VehicleSafetyAccessories,DBType,Main,
VehicleSafetyAccessory.dxml,VehicleSafetyAccessory.lxml,Table,VehicleSafetyAccessories,VehicleSafetyAccessories,Schema,Customs,
VehicleSafetyAccessory.dxml,VehicleSafetyAccessory.lxml,Relation,VehicleId,VehicleId,Referenced Table Schema,Customs,
VehicleSafetyAccessory.dxml,VehicleSafetyAccessory.lxml,Relation,VehicleSafetyAccessoryCode,VehicleSafetyAccessoryCode,Referenced Table Schema,Customs,
VehicleSafetyAccessory.dxml,VehicleSafetyAccessory.lxml,Relation,VehicleSafAccessoryInstlTypCod,VehicleSafAccessoryInstlTypCod,Referenced Table Schema,Customs,
VehicleSafetyAccessoryType.dxml,VehicleSafetyAccessoryType.lxml,Table,VehicleSafetyAccessoryTypes,VehicleSafetyAccessoryTypes,DBType,Main,
VehicleSafetyAccessoryType.dxml,VehicleSafetyAccessoryType.lxml,Table,VehicleSafetyAccessoryTypes,VehicleSafetyAccessoryTypes,Schema,Customs,
VehicleStatus.dxml,VehicleStatus.lxml,Table,VehicleStatuses,VehicleStatuses,DBType,Main,
VehicleStatus.dxml,VehicleStatus.lxml,Table,VehicleStatuses,VehicleStatuses,Schema,Customs,
VehicleTecnologyType.dxml,VehicleTecnologyType.lxml,Table,VehicleTecnologyTypes,VehicleTecnologyTypes,DBType,Main,
VehicleTecnologyType.dxml,VehicleTecnologyType.lxml,Table,VehicleTecnologyTypes,VehicleTecnologyTypes,Schema,Customs,
VehicleType.dxml,VehicleType.lxml,Table,VehicleTypes,VehicleTypes,DBType,Main,
VehicleType.dxml,VehicleType.lxml,Table,VehicleTypes,VehicleTypes,Schema,Customs,
VendorCommission.dxml,VendorCommission.lxml,Table,VendorCommissions,VendorCommissions,DBType,Main,
VendorCommission.dxml,VendorCommission.lxml,Table,VendorCommissions,VendorCommissions,Schema,Customs,
VendorCommission.dxml,VendorCommission.lxml,Relation,VendorId,VendorId,Referenced Table Schema,Customs,
VendorCommission.dxml,VendorCommission.lxml,Relation,ModificationsTypeCode,ModificationsTypeCode,Referenced Table Schema,Customs,
VendorCommunication.dxml,VendorCommunication.lxml,Table,VendorCommunications,VendorCommunications,DBType,Main,
VendorCommunication.dxml,VendorCommunication.lxml,Table,VendorCommunications,VendorCommunications,Schema,Customs,
VendorCommunication.dxml,VendorCommunication.lxml,Relation,VendorId,VendorId,Referenced Table Schema,Customs,
VendorCommunication.dxml,VendorCommunication.lxml,Relation,CommunicationTypeCode,CommunicationTypeCode,Referenced Table Schema,Customs,
VendorStatus.dxml,VendorStatus.lxml,Table,VendorStatuses,VendorStatuses,DBType,Main,
VendorStatus.dxml,VendorStatus.lxml,Table,VendorStatuses,VendorStatuses,Schema,Customs,
VendorTransactionType.dxml,VendorTransactionType.lxml,Table,VendorTransactionTypes,VendorTransactionTypes,DBType,Main,
VendorTransactionType.dxml,VendorTransactionType.lxml,Table,VendorTransactionTypes,VendorTransactionTypes,Schema,Customs,
VendorType.dxml,VendorType.lxml,Table,VendorTypes,VendorTypes,DBType,Main,
VendorType.dxml,VendorType.lxml,Table,VendorTypes,VendorTypes,Schema,Customs,
